stage,pair_id,world,cell,runtime_method,realization,time_s,physical_branch,task_outcome,frozen_max_fallback_hard_value,adaptive_max_fallback_hard_value,adaptive_minus_frozen_hard_value,diagnostic_union_minus_fault_frozen,shared_inputs_sha256,source_report,source_sha256,per_skill_values_sha256
matched_factorial,6cd07190bf3097d7fc8306e37add1f43ba77ba6102ebd0a78708cf71e328655b,structured_30101,eta0.7_lag1_extra0,A_BAL,primary,2.0,frozen,both_fail,0.6524069309234619,0.6524069309234619,0.0,0.0,ead5a64340a77a87dd7ceabdbd03dfecf1337065a3c3de95ff19a9856737a6ba,artifacts/da_plcbf/actuator-diagnostics-20260906/v1/matched-factorial-common-states-v1/6cd07190bf3097d7fc8306e37add1f43ba77ba6102ebd0a78708cf71e328655b/common_state_report.json,5915eeb504c67124339c527b4ac4f36a9eca41b3e80a5d9c19a82d6687f04c7f,af1c58dec8f31fb84fb592274004e1f259f1a5877a352b69fac4232703f248aa
matched_factorial,6cd07190bf3097d7fc8306e37add1f43ba77ba6102ebd0a78708cf71e328655b,structured_30101,eta0.7_lag1_extra0,A_BAL,primary,2.0,adaptive,both_fail,0.6524069309234619,0.6524069309234619,0.0,0.0,ead5a64340a77a87dd7ceabdbd03dfecf1337065a3c3de95ff19a9856737a6ba,artifacts/da_plcbf/actuator-diagnostics-20260906/v1/matched-factorial-common-states-v1/6cd07190bf3097d7fc8306e37add1f43ba77ba6102ebd0a78708cf71e328655b/common_state_report.json,5915eeb504c67124339c527b4ac4f36a9eca41b3e80a5d9c19a82d6687f04c7f,af1c58dec8f31fb84fb592274004e1f259f1a5877a352b69fac4232703f248aa
matched_factorial,6cd07190bf3097d7fc8306e37add1f43ba77ba6102ebd0a78708cf71e328655b,structured_30101,eta0.7_lag1_extra0,A_BAL,primary,2.4,frozen,both_fail,0.47591128945350647,0.4832364022731781,0.007325112819671631,0.007325112819671631,f5ffa8a2e9a0fa36bd944842b7ddede0c26aead8dc5756bc59030d9649d66b22,artifacts/da_plcbf/actuator-diagnostics-20260906/v1/matched-factorial-common-states-v1/6cd07190bf3097d7fc8306e37add1f43ba77ba6102ebd0a78708cf71e328655b/common_state_report.json,5915eeb504c67124339c527b4ac4f36a9eca41b3e80a5d9c19a82d6687f04c7f,af1c58dec8f31fb84fb592274004e1f259f1a5877a352b69fac4232703f248aa
matched_factorial,6cd07190bf3097d7fc8306e37add1f43ba77ba6102ebd0a78708cf71e328655b,structured_30101,eta0.7_lag1_extra0,A_BAL,primary,2.4,adaptive,both_fail,0.47591128945350647,0.4832364022731781,0.007325112819671631,0.007325112819671631,f5ffa8a2e9a0fa36bd944842b7ddede0c26aead8dc5756bc59030d9649d66b22,artifacts/da_plcbf/actuator-diagnostics-20260906/v1/matched-factorial-common-states-v1/6cd07190bf3097d7fc8306e37add1f43ba77ba6102ebd0a78708cf71e328655b/common_state_report.json,5915eeb504c67124339c527b4ac4f36a9eca41b3e80a5d9c19a82d6687f04c7f,af1c58dec8f31fb84fb592274004e1f259f1a5877a352b69fac4232703f248aa
matched_factorial,6cd07190bf3097d7fc8306e37add1f43ba77ba6102ebd0a78708cf71e328655b,structured_30101,eta0.7_lag1_extra0,A_BAL,primary,2.8,frozen,both_fail,0.4398106038570404,0.4399660527706146,0.00015544891357421875,0.00015544891357421875,91766ab42210057dd235386a46e899f6145a81323b0c85f4802a6c2e9d390a9e,artifacts/da_plcbf/actuator-diagnostics-20260906/v1/matched-factorial-common-states-v1/6cd07190bf3097d7fc8306e37add1f43ba77ba6102ebd0a78708cf71e328655b/common_state_report.json,5915eeb504c67124339c527b4ac4f36a9eca41b3e80a5d9c19a82d6687f04c7f,af1c58dec8f31fb84fb592274004e1f259f1a5877a352b69fac4232703f248aa
matched_factorial,6cd07190bf3097d7fc8306e37add1f43ba77ba6102ebd0a78708cf71e328655b,structured_30101,eta0.7_lag1_extra0,A_BAL,primary,2.8,adaptive,both_fail,0.4342103898525238,0.4344002306461334,0.00018984079360961914,0.00018984079360961914,328e0da1af83eae3a591944869e100726b6ac158aee3a408510faaf96927f870,artifacts/da_plcbf/actuator-diagnostics-20260906/v1/matched-factorial-common-states-v1/6cd07190bf3097d7fc8306e37add1f43ba77ba6102ebd0a78708cf71e328655b/common_state_report.json,5915eeb504c67124339c527b4ac4f36a9eca41b3e80a5d9c19a82d6687f04c7f,af1c58dec8f31fb84fb592274004e1f259f1a5877a352b69fac4232703f248aa
matched_factorial,16f6ff9632dd2c0d3d50a86700fe72f1d3c349c5a3dc768a6cdf9f74e6bfd29f,structured_30101,eta0.7_lag1_extra1.6,A_BAL,primary,0.4,frozen,both_fail,0.6320183277130127,0.6320183277130127,0.0,0.0,930f3154627fd5967f12172f608fef8352c93674e44a19489ae8857bf6528614,artifacts/da_plcbf/actuator-diagnostics-20260906/v1/matched-factorial-common-states-v1/16f6ff9632dd2c0d3d50a86700fe72f1d3c349c5a3dc768a6cdf9f74e6bfd29f/common_state_report.json,0c3c7206986ddffbd7c639cfb2c961c09db29816022b2ad8f357c70c8ac581e3,c9fdb774a44668a0283fbde208a06ac7c430f370cdcb2c30a3827ae007546c53
matched_factorial,16f6ff9632dd2c0d3d50a86700fe72f1d3c349c5a3dc768a6cdf9f74e6bfd29f,structured_30101,eta0.7_lag1_extra1.6,A_BAL,primary,0.4,adaptive,both_fail,0.6320183277130127,0.6320183277130127,0.0,0.0,930f3154627fd5967f12172f608fef8352c93674e44a19489ae8857bf6528614,artifacts/da_plcbf/actuator-diagnostics-20260906/v1/matched-factorial-common-states-v1/16f6ff9632dd2c0d3d50a86700fe72f1d3c349c5a3dc768a6cdf9f74e6bfd29f/common_state_report.json,0c3c7206986ddffbd7c639cfb2c961c09db29816022b2ad8f357c70c8ac581e3,c9fdb774a44668a0283fbde208a06ac7c430f370cdcb2c30a3827ae007546c53
matched_factorial,16f6ff9632dd2c0d3d50a86700fe72f1d3c349c5a3dc768a6cdf9f74e6bfd29f,structured_30101,eta0.7_lag1_extra1.6,A_BAL,primary,0.8,frozen,both_fail,0.4684601128101349,0.47664663195610046,0.008186519145965576,0.008186519145965576,30e97fce2fb021ac01c4b154bf36be3fcbc5ebcaa2228712dab5e6f0b77fb01c,artifacts/da_plcbf/actuator-diagnostics-20260906/v1/matched-factorial-common-states-v1/16f6ff9632dd2c0d3d50a86700fe72f1d3c349c5a3dc768a6cdf9f74e6bfd29f/common_state_report.json,0c3c7206986ddffbd7c639cfb2c961c09db29816022b2ad8f357c70c8ac581e3,c9fdb774a44668a0283fbde208a06ac7c430f370cdcb2c30a3827ae007546c53
matched_factorial,16f6ff9632dd2c0d3d50a86700fe72f1d3c349c5a3dc768a6cdf9f74e6bfd29f,structured_30101,eta0.7_lag1_extra1.6,A_BAL,primary,0.8,adaptive,both_fail,0.4684601128101349,0.47664663195610046,0.008186519145965576,0.008186519145965576,30e97fce2fb021ac01c4b154bf36be3fcbc5ebcaa2228712dab5e6f0b77fb01c,artifacts/da_plcbf/actuator-diagnostics-20260906/v1/matched-factorial-common-states-v1/16f6ff9632dd2c0d3d50a86700fe72f1d3c349c5a3dc768a6cdf9f74e6bfd29f/common_state_report.json,0c3c7206986ddffbd7c639cfb2c961c09db29816022b2ad8f357c70c8ac581e3,c9fdb774a44668a0283fbde208a06ac7c430f370cdcb2c30a3827ae007546c53
matched_factorial,16f6ff9632dd2c0d3d50a86700fe72f1d3c349c5a3dc768a6cdf9f74e6bfd29f,structured_30101,eta0.7_lag1_extra1.6,A_BAL,primary,1.2000000000000002,frozen,both_fail,0.4329480230808258,0.4330485761165619,0.00010055303573608398,0.00010055303573608398,982e27abbb2db7b8c4c6b4d703b4382977bb96b2b0d25f3d6c0facd396a6ae82,artifacts/da_plcbf/actuator-diagnostics-20260906/v1/matched-factorial-common-states-v1/16f6ff9632dd2c0d3d50a86700fe72f1d3c349c5a3dc768a6cdf9f74e6bfd29f/common_state_report.json,0c3c7206986ddffbd7c639cfb2c961c09db29816022b2ad8f357c70c8ac581e3,c9fdb774a44668a0283fbde208a06ac7c430f370cdcb2c30a3827ae007546c53
matched_factorial,16f6ff9632dd2c0d3d50a86700fe72f1d3c349c5a3dc768a6cdf9f74e6bfd29f,structured_30101,eta0.7_lag1_extra1.6,A_BAL,primary,1.2000000000000002,adaptive,both_fail,0.4257126748561859,0.4260770380496979,0.0003643631935119629,0.0003643631935119629,a862241f3e5a02886410314e0ed69f7f1e8650621620b7c2330982740190d4e6,artifacts/da_plcbf/actuator-diagnostics-20260906/v1/matched-factorial-common-states-v1/16f6ff9632dd2c0d3d50a86700fe72f1d3c349c5a3dc768a6cdf9f74e6bfd29f/common_state_report.json,0c3c7206986ddffbd7c639cfb2c961c09db29816022b2ad8f357c70c8ac581e3,c9fdb774a44668a0283fbde208a06ac7c430f370cdcb2c30a3827ae007546c53
matched_factorial,271f3cb775bbe393fa3d276bb3fda3c741167945e032c57d65e5d8319a5b5986,structured_30101,eta0.7_lag2_extra0,A_BAL,primary,2.0,frozen,both_fail,0.6399751901626587,0.6399751901626587,0.0,0.0,a11b2f7bd5afc09dc02adbcf5fad18342c16579ec3b615d52e5ca730b8b83d89,artifacts/da_plcbf/actuator-diagnostics-20260906/v1/matched-factorial-common-states-v1/271f3cb775bbe393fa3d276bb3fda3c741167945e032c57d65e5d8319a5b5986/common_state_report.json,e7dad2757564a25348a7921703fa8c6c4e679a0497483a4bcca9055889832a32,f7b89f7f30aed3d2a53bd27b285187aef7e81aa4690d0a8e36b91bffd0b63f75
matched_factorial,271f3cb775bbe393fa3d276bb3fda3c741167945e032c57d65e5d8319a5b5986,structured_30101,eta0.7_lag2_extra0,A_BAL,primary,2.0,adaptive,both_fail,0.6399751901626587,0.6399751901626587,0.0,0.0,a11b2f7bd5afc09dc02adbcf5fad18342c16579ec3b615d52e5ca730b8b83d89,artifacts/da_plcbf/actuator-diagnostics-20260906/v1/matched-factorial-common-states-v1/271f3cb775bbe393fa3d276bb3fda3c741167945e032c57d65e5d8319a5b5986/common_state_report.json,e7dad2757564a25348a7921703fa8c6c4e679a0497483a4bcca9055889832a32,f7b89f7f30aed3d2a53bd27b285187aef7e81aa4690d0a8e36b91bffd0b63f75
matched_factorial,271f3cb775bbe393fa3d276bb3fda3c741167945e032c57d65e5d8319a5b5986,structured_30101,eta0.7_lag2_extra0,A_BAL,primary,2.4,frozen,both_fail,0.2349909245967865,0.2399163544178009,0.004925429821014404,0.004925429821014404,6525b6c4993b8cb568b8681cd6a476b8d6173e711e283455c342876a0a8548bd,artifacts/da_plcbf/actuator-diagnostics-20260906/v1/matched-factorial-common-states-v1/271f3cb775bbe393fa3d276bb3fda3c741167945e032c57d65e5d8319a5b5986/common_state_report.json,e7dad2757564a25348a7921703fa8c6c4e679a0497483a4bcca9055889832a32,f7b89f7f30aed3d2a53bd27b285187aef7e81aa4690d0a8e36b91bffd0b63f75
matched_factorial,271f3cb775bbe393fa3d276bb3fda3c741167945e032c57d65e5d8319a5b5986,structured_30101,eta0.7_lag2_extra0,A_BAL,primary,2.4,adaptive,both_fail,0.23619577288627625,0.24112024903297424,0.004924476146697998,0.004924476146697998,ba574d793513c56803fa5dad0496af62152e5c1f6b1563ecc02da721cdbde792,artifacts/da_plcbf/actuator-diagnostics-20260906/v1/matched-factorial-common-states-v1/271f3cb775bbe393fa3d276bb3fda3c741167945e032c57d65e5d8319a5b5986/common_state_report.json,e7dad2757564a25348a7921703fa8c6c4e679a0497483a4bcca9055889832a32,f7b89f7f30aed3d2a53bd27b285187aef7e81aa4690d0a8e36b91bffd0b63f75
matched_factorial,271f3cb775bbe393fa3d276bb3fda3c741167945e032c57d65e5d8319a5b5986,structured_30101,eta0.7_lag2_extra0,A_BAL,primary,2.8,frozen,both_fail,0.13391515612602234,0.13488128781318665,0.0009661316871643066,0.0009661316871643066,25882aa8e425ce62ecb005f3e47df448947fde1d4703c14ea9b2b2cce36ecd5d,artifacts/da_plcbf/actuator-diagnostics-20260906/v1/matched-factorial-common-states-v1/271f3cb775bbe393fa3d276bb3fda3c741167945e032c57d65e5d8319a5b5986/common_state_report.json,e7dad2757564a25348a7921703fa8c6c4e679a0497483a4bcca9055889832a32,f7b89f7f30aed3d2a53bd27b285187aef7e81aa4690d0a8e36b91bffd0b63f75
matched_factorial,271f3cb775bbe393fa3d276bb3fda3c741167945e032c57d65e5d8319a5b5986,structured_30101,eta0.7_lag2_extra0,A_BAL,primary,2.8,adaptive,both_fail,0.12894988059997559,0.1307106912136078,0.0017608106136322021,0.0017608106136322021,4bb2bbc13b9e6b7dfbe2f66992d3bcf1c5552e4d2d1dc1e64ea7fe5933637749,artifacts/da_plcbf/actuator-diagnostics-20260906/v1/matched-factorial-common-states-v1/271f3cb775bbe393fa3d276bb3fda3c741167945e032c57d65e5d8319a5b5986/common_state_report.json,e7dad2757564a25348a7921703fa8c6c4e679a0497483a4bcca9055889832a32,f7b89f7f30aed3d2a53bd27b285187aef7e81aa4690d0a8e36b91bffd0b63f75
matched_factorial,ecc8de94dc7eeb7d86f67104b2c3ba03d2976ad8b257959551e255eb07d63480,structured_30101,eta0.7_lag2_extra1.6,A_BAL,primary,0.4,frozen,both_fail,0.6242167949676514,0.6242167949676514,0.0,0.0,bfd6805f4c02d36880f5eb826ed0b3c7fcd8bee2e72e51fe73cb5b9810b36d47,artifacts/da_plcbf/actuator-diagnostics-20260906/v1/matched-factorial-common-states-v1/ecc8de94dc7eeb7d86f67104b2c3ba03d2976ad8b257959551e255eb07d63480/common_state_report.json,9200e4173ad3d5b92371c959b03629aec98c54195c9b630406ff4b06ac3d7958,f463791c0d31e5d75384d6846a0d710537251f351bee11c267708bfae5048127
matched_factorial,ecc8de94dc7eeb7d86f67104b2c3ba03d2976ad8b257959551e255eb07d63480,structured_30101,eta0.7_lag2_extra1.6,A_BAL,primary,0.4,adaptive,both_fail,0.6242167949676514,0.6242167949676514,0.0,0.0,bfd6805f4c02d36880f5eb826ed0b3c7fcd8bee2e72e51fe73cb5b9810b36d47,artifacts/da_plcbf/actuator-diagnostics-20260906/v1/matched-factorial-common-states-v1/ecc8de94dc7eeb7d86f67104b2c3ba03d2976ad8b257959551e255eb07d63480/common_state_report.json,9200e4173ad3d5b92371c959b03629aec98c54195c9b630406ff4b06ac3d7958,f463791c0d31e5d75384d6846a0d710537251f351bee11c267708bfae5048127
matched_factorial,ecc8de94dc7eeb7d86f67104b2c3ba03d2976ad8b257959551e255eb07d63480,structured_30101,eta0.7_lag2_extra1.6,A_BAL,primary,0.8,frozen,both_fail,0.22073331475257874,0.2252332866191864,0.004499971866607666,0.004499971866607666,74ef8ce77c6cd70f1681927d3ce6a1ea2d2612067f4a5deff73704be3a8884d8,artifacts/da_plcbf/actuator-diagnostics-20260906/v1/matched-factorial-common-states-v1/ecc8de94dc7eeb7d86f67104b2c3ba03d2976ad8b257959551e255eb07d63480/common_state_report.json,9200e4173ad3d5b92371c959b03629aec98c54195c9b630406ff4b06ac3d7958,f463791c0d31e5d75384d6846a0d710537251f351bee11c267708bfae5048127
matched_factorial,ecc8de94dc7eeb7d86f67104b2c3ba03d2976ad8b257959551e255eb07d63480,structured_30101,eta0.7_lag2_extra1.6,A_BAL,primary,0.8,adaptive,both_fail,0.22201040387153625,0.22618529200553894,0.0041748881340026855,0.0041748881340026855,3f35c9d0edf4abe37b9c6fb4e265d61516960f805c0a33165a2665b93b91f23b,artifacts/da_plcbf/actuator-diagnostics-20260906/v1/matched-factorial-common-states-v1/ecc8de94dc7eeb7d86f67104b2c3ba03d2976ad8b257959551e255eb07d63480/common_state_report.json,9200e4173ad3d5b92371c959b03629aec98c54195c9b630406ff4b06ac3d7958,f463791c0d31e5d75384d6846a0d710537251f351bee11c267708bfae5048127
matched_factorial,ecc8de94dc7eeb7d86f67104b2c3ba03d2976ad8b257959551e255eb07d63480,structured_30101,eta0.7_lag2_extra1.6,A_BAL,primary,1.2000000000000002,frozen,both_fail,0.13134783506393433,0.1317385733127594,0.00039073824882507324,0.00039073824882507324,461419a7dad589a241ca51d9a62381982c5cc697604160a5e79eb228ec7e61ff,artifacts/da_plcbf/actuator-diagnostics-20260906/v1/matched-factorial-common-states-v1/ecc8de94dc7eeb7d86f67104b2c3ba03d2976ad8b257959551e255eb07d63480/common_state_report.json,9200e4173ad3d5b92371c959b03629aec98c54195c9b630406ff4b06ac3d7958,f463791c0d31e5d75384d6846a0d710537251f351bee11c267708bfae5048127
matched_factorial,ecc8de94dc7eeb7d86f67104b2c3ba03d2976ad8b257959551e255eb07d63480,structured_30101,eta0.7_lag2_extra1.6,A_BAL,primary,1.2000000000000002,adaptive,both_fail,0.09096714854240417,0.09343788027763367,0.002470731735229492,0.002470731735229492,ede820797b0d91dfc8e14ae862c28d9891aa6f23dab2cec14621ff0d0a0065aa,artifacts/da_plcbf/actuator-diagnostics-20260906/v1/matched-factorial-common-states-v1/ecc8de94dc7eeb7d86f67104b2c3ba03d2976ad8b257959551e255eb07d63480/common_state_report.json,9200e4173ad3d5b92371c959b03629aec98c54195c9b630406ff4b06ac3d7958,f463791c0d31e5d75384d6846a0d710537251f351bee11c267708bfae5048127
matched_factorial,e4bbd5b7a1253371e041768241817bf1e4dd561f821b42986471d6f7f8941a8c,structured_30101,eta0.85_lag1_extra0,A_BAL,primary,2.0,frozen,both_succeed,0.7486366033554077,0.7486366033554077,0.0,0.0,0e907799d4f21d442ac0df3ea2b40891ff473ceff2e6a059cca88d1e6abc97f2,artifacts/da_plcbf/actuator-diagnostics-20260906/v1/matched-factorial-common-states-v1/e4bbd5b7a1253371e041768241817bf1e4dd561f821b42986471d6f7f8941a8c/common_state_report.json,6d959f88190c7c033c81a7e7cefc0112f16d0df1df7a0477f86401809fc1f971,64ca5d56f8a9339099fe0ec0f6168fc3140bd59fcd169538daabbca4dd1128da
matched_factorial,e4bbd5b7a1253371e041768241817bf1e4dd561f821b42986471d6f7f8941a8c,structured_30101,eta0.85_lag1_extra0,A_BAL,primary,2.0,adaptive,both_succeed,0.7486366033554077,0.7486366033554077,0.0,0.0,0e907799d4f21d442ac0df3ea2b40891ff473ceff2e6a059cca88d1e6abc97f2,artifacts/da_plcbf/actuator-diagnostics-20260906/v1/matched-factorial-common-states-v1/e4bbd5b7a1253371e041768241817bf1e4dd561f821b42986471d6f7f8941a8c/common_state_report.json,6d959f88190c7c033c81a7e7cefc0112f16d0df1df7a0477f86401809fc1f971,64ca5d56f8a9339099fe0ec0f6168fc3140bd59fcd169538daabbca4dd1128da
matched_factorial,e4bbd5b7a1253371e041768241817bf1e4dd561f821b42986471d6f7f8941a8c,structured_30101,eta0.85_lag1_extra0,A_BAL,primary,2.4,frozen,both_succeed,0.6344070434570312,0.6398012638092041,0.0053942203521728516,0.0053942203521728516,b9f431a0c0729d46f48e98f43e007af3adc583611da5f02cb0016d55dbf7416a,artifacts/da_plcbf/actuator-diagnostics-20260906/v1/matched-factorial-common-states-v1/e4bbd5b7a1253371e041768241817bf1e4dd561f821b42986471d6f7f8941a8c/common_state_report.json,6d959f88190c7c033c81a7e7cefc0112f16d0df1df7a0477f86401809fc1f971,64ca5d56f8a9339099fe0ec0f6168fc3140bd59fcd169538daabbca4dd1128da
matched_factorial,e4bbd5b7a1253371e041768241817bf1e4dd561f821b42986471d6f7f8941a8c,structured_30101,eta0.85_lag1_extra0,A_BAL,primary,2.4,adaptive,both_succeed,0.6344070434570312,0.6398012638092041,0.0053942203521728516,0.0053942203521728516,b9f431a0c0729d46f48e98f43e007af3adc583611da5f02cb0016d55dbf7416a,artifacts/da_plcbf/actuator-diagnostics-20260906/v1/matched-factorial-common-states-v1/e4bbd5b7a1253371e041768241817bf1e4dd561f821b42986471d6f7f8941a8c/common_state_report.json,6d959f88190c7c033c81a7e7cefc0112f16d0df1df7a0477f86401809fc1f971,64ca5d56f8a9339099fe0ec0f6168fc3140bd59fcd169538daabbca4dd1128da
matched_factorial,e4bbd5b7a1253371e041768241817bf1e4dd561f821b42986471d6f7f8941a8c,structured_30101,eta0.85_lag1_extra0,A_BAL,primary,2.8,frozen,both_succeed,0.6094073057174683,0.609302282333374,-0.00010502338409423828,0.0,9305e594fae0a1a1fc0fe24791eebdc9b6d1ea92a9d6b5f8dceb8b701e9c14f4,artifacts/da_plcbf/actuator-diagnostics-20260906/v1/matched-factorial-common-states-v1/e4bbd5b7a1253371e041768241817bf1e4dd561f821b42986471d6f7f8941a8c/common_state_report.json,6d959f88190c7c033c81a7e7cefc0112f16d0df1df7a0477f86401809fc1f971,64ca5d56f8a9339099fe0ec0f6168fc3140bd59fcd169538daabbca4dd1128da
matched_factorial,e4bbd5b7a1253371e041768241817bf1e4dd561f821b42986471d6f7f8941a8c,structured_30101,eta0.85_lag1_extra0,A_BAL,primary,2.8,adaptive,both_succeed,0.6094073057174683,0.609302282333374,-0.00010502338409423828,0.0,9305e594fae0a1a1fc0fe24791eebdc9b6d1ea92a9d6b5f8dceb8b701e9c14f4,artifacts/da_plcbf/actuator-diagnostics-20260906/v1/matched-factorial-common-states-v1/e4bbd5b7a1253371e041768241817bf1e4dd561f821b42986471d6f7f8941a8c/common_state_report.json,6d959f88190c7c033c81a7e7cefc0112f16d0df1df7a0477f86401809fc1f971,64ca5d56f8a9339099fe0ec0f6168fc3140bd59fcd169538daabbca4dd1128da
matched_factorial,12316f7af5bd1eef7ca3784eedec904926bcd6a640d37437bd265c94fcdf3f9d,structured_30101,eta0.85_lag1_extra1.6,A_BAL,primary,0.4,frozen,both_succeed,0.7388414144515991,0.7388414144515991,0.0,0.0,937ad6cbf3c3be9c9832c9737dd03ecd3be77a7e3e194e6b33f7191383e85229,artifacts/da_plcbf/actuator-diagnostics-20260906/v1/matched-factorial-common-states-v1/12316f7af5bd1eef7ca3784eedec904926bcd6a640d37437bd265c94fcdf3f9d/common_state_report.json,10c9fe3a537f48b036a18fe06cf162c16dd1d7bb39435d306afaa6005a565257,f7d775bb2300ab7851c98dd52fd0ab8240ae3041500a637248250e2ba504f6e7
matched_factorial,12316f7af5bd1eef7ca3784eedec904926bcd6a640d37437bd265c94fcdf3f9d,structured_30101,eta0.85_lag1_extra1.6,A_BAL,primary,0.4,adaptive,both_succeed,0.7388414144515991,0.7388414144515991,0.0,0.0,937ad6cbf3c3be9c9832c9737dd03ecd3be77a7e3e194e6b33f7191383e85229,artifacts/da_plcbf/actuator-diagnostics-20260906/v1/matched-factorial-common-states-v1/12316f7af5bd1eef7ca3784eedec904926bcd6a640d37437bd265c94fcdf3f9d/common_state_report.json,10c9fe3a537f48b036a18fe06cf162c16dd1d7bb39435d306afaa6005a565257,f7d775bb2300ab7851c98dd52fd0ab8240ae3041500a637248250e2ba504f6e7
matched_factorial,12316f7af5bd1eef7ca3784eedec904926bcd6a640d37437bd265c94fcdf3f9d,structured_30101,eta0.85_lag1_extra1.6,A_BAL,primary,0.8,frozen,both_succeed,0.6302613019943237,0.6358804702758789,0.005619168281555176,0.005619168281555176,ac9f67d52c33b36f1e22698c6755513936ae04fa4061601fb071db15bb81fa7b,artifacts/da_plcbf/actuator-diagnostics-20260906/v1/matched-factorial-common-states-v1/12316f7af5bd1eef7ca3784eedec904926bcd6a640d37437bd265c94fcdf3f9d/common_state_report.json,10c9fe3a537f48b036a18fe06cf162c16dd1d7bb39435d306afaa6005a565257,f7d775bb2300ab7851c98dd52fd0ab8240ae3041500a637248250e2ba504f6e7
matched_factorial,12316f7af5bd1eef7ca3784eedec904926bcd6a640d37437bd265c94fcdf3f9d,structured_30101,eta0.85_lag1_extra1.6,A_BAL,primary,0.8,adaptive,both_succeed,0.6302613019943237,0.6358804702758789,0.005619168281555176,0.005619168281555176,ac9f67d52c33b36f1e22698c6755513936ae04fa4061601fb071db15bb81fa7b,artifacts/da_plcbf/actuator-diagnostics-20260906/v1/matched-factorial-common-states-v1/12316f7af5bd1eef7ca3784eedec904926bcd6a640d37437bd265c94fcdf3f9d/common_state_report.json,10c9fe3a537f48b036a18fe06cf162c16dd1d7bb39435d306afaa6005a565257,f7d775bb2300ab7851c98dd52fd0ab8240ae3041500a637248250e2ba504f6e7
matched_factorial,12316f7af5bd1eef7ca3784eedec904926bcd6a640d37437bd265c94fcdf3f9d,structured_30101,eta0.85_lag1_extra1.6,A_BAL,primary,1.2000000000000002,frozen,both_succeed,0.606269121170044,0.6062661409378052,-2.9802322387695312e-06,0.0,a2ad2532f2a5d87cef0dd86aa7da31a39b73eb08df459a23859cb1964d235edf,artifacts/da_plcbf/actuator-diagnostics-20260906/v1/matched-factorial-common-states-v1/12316f7af5bd1eef7ca3784eedec904926bcd6a640d37437bd265c94fcdf3f9d/common_state_report.json,10c9fe3a537f48b036a18fe06cf162c16dd1d7bb39435d306afaa6005a565257,f7d775bb2300ab7851c98dd52fd0ab8240ae3041500a637248250e2ba504f6e7
matched_factorial,12316f7af5bd1eef7ca3784eedec904926bcd6a640d37437bd265c94fcdf3f9d,structured_30101,eta0.85_lag1_extra1.6,A_BAL,primary,1.2000000000000002,adaptive,both_succeed,0.606269121170044,0.6062661409378052,-2.9802322387695312e-06,0.0,a2ad2532f2a5d87cef0dd86aa7da31a39b73eb08df459a23859cb1964d235edf,artifacts/da_plcbf/actuator-diagnostics-20260906/v1/matched-factorial-common-states-v1/12316f7af5bd1eef7ca3784eedec904926bcd6a640d37437bd265c94fcdf3f9d/common_state_report.json,10c9fe3a537f48b036a18fe06cf162c16dd1d7bb39435d306afaa6005a565257,f7d775bb2300ab7851c98dd52fd0ab8240ae3041500a637248250e2ba504f6e7
matched_factorial,43a8e9e278abbe24a63dbccab6f4786093a5aea9971cf2673041bdf3a74b123c,structured_30101,eta0.85_lag2_extra0,A_BAL,primary,2.0,frozen,frozen_alone_succeeds,0.7473249435424805,0.7473249435424805,0.0,0.0,a998049e491c02908430dc2541f11e48a6eefe5fc974d353fe7438a3f24b7b44,artifacts/da_plcbf/actuator-diagnostics-20260906/v1/matched-factorial-common-states-v1/43a8e9e278abbe24a63dbccab6f4786093a5aea9971cf2673041bdf3a74b123c/common_state_report.json,c0cebb53efcb6cf0bd009affc2f8a2b5cc52042e2fbf8cecaed865e21d160f43,30148781c1037d951485a76ac8e80943f8a73db329153cf67ef7fe358e9232a5
matched_factorial,43a8e9e278abbe24a63dbccab6f4786093a5aea9971cf2673041bdf3a74b123c,structured_30101,eta0.85_lag2_extra0,A_BAL,primary,2.0,adaptive,frozen_alone_succeeds,0.7473249435424805,0.7473249435424805,0.0,0.0,a998049e491c02908430dc2541f11e48a6eefe5fc974d353fe7438a3f24b7b44,artifacts/da_plcbf/actuator-diagnostics-20260906/v1/matched-factorial-common-states-v1/43a8e9e278abbe24a63dbccab6f4786093a5aea9971cf2673041bdf3a74b123c/common_state_report.json,c0cebb53efcb6cf0bd009affc2f8a2b5cc52042e2fbf8cecaed865e21d160f43,30148781c1037d951485a76ac8e80943f8a73db329153cf67ef7fe358e9232a5
matched_factorial,43a8e9e278abbe24a63dbccab6f4786093a5aea9971cf2673041bdf3a74b123c,structured_30101,eta0.85_lag2_extra0,A_BAL,primary,2.4,frozen,frozen_alone_succeeds,0.6266857385635376,0.6323243379592896,0.005638599395751953,0.005638599395751953,88bc14ea7d7d36c59ac7404363476041e22a02667da1451a9eb1d8aab4b4ffe9,artifacts/da_plcbf/actuator-diagnostics-20260906/v1/matched-factorial-common-states-v1/43a8e9e278abbe24a63dbccab6f4786093a5aea9971cf2673041bdf3a74b123c/common_state_report.json,c0cebb53efcb6cf0bd009affc2f8a2b5cc52042e2fbf8cecaed865e21d160f43,30148781c1037d951485a76ac8e80943f8a73db329153cf67ef7fe358e9232a5
matched_factorial,43a8e9e278abbe24a63dbccab6f4786093a5aea9971cf2673041bdf3a74b123c,structured_30101,eta0.85_lag2_extra0,A_BAL,primary,2.4,adaptive,frozen_alone_succeeds,0.6266857385635376,0.6323243379592896,0.005638599395751953,0.005638599395751953,88bc14ea7d7d36c59ac7404363476041e22a02667da1451a9eb1d8aab4b4ffe9,artifacts/da_plcbf/actuator-diagnostics-20260906/v1/matched-factorial-common-states-v1/43a8e9e278abbe24a63dbccab6f4786093a5aea9971cf2673041bdf3a74b123c/common_state_report.json,c0cebb53efcb6cf0bd009affc2f8a2b5cc52042e2fbf8cecaed865e21d160f43,30148781c1037d951485a76ac8e80943f8a73db329153cf67ef7fe358e9232a5
matched_factorial,43a8e9e278abbe24a63dbccab6f4786093a5aea9971cf2673041bdf3a74b123c,structured_30101,eta0.85_lag2_extra0,A_BAL,primary,2.8,frozen,frozen_alone_succeeds,0.5990062952041626,0.5989034175872803,-0.00010287761688232422,0.0,d5bf8789efd14a28271a746882feb2ef4283da63ce5584af496e65129ee958f9,artifacts/da_plcbf/actuator-diagnostics-20260906/v1/matched-factorial-common-states-v1/43a8e9e278abbe24a63dbccab6f4786093a5aea9971cf2673041bdf3a74b123c/common_state_report.json,c0cebb53efcb6cf0bd009affc2f8a2b5cc52042e2fbf8cecaed865e21d160f43,30148781c1037d951485a76ac8e80943f8a73db329153cf67ef7fe358e9232a5
matched_factorial,43a8e9e278abbe24a63dbccab6f4786093a5aea9971cf2673041bdf3a74b123c,structured_30101,eta0.85_lag2_extra0,A_BAL,primary,2.8,adaptive,frozen_alone_succeeds,0.5990062952041626,0.5989034175872803,-0.00010287761688232422,0.0,d5bf8789efd14a28271a746882feb2ef4283da63ce5584af496e65129ee958f9,artifacts/da_plcbf/actuator-diagnostics-20260906/v1/matched-factorial-common-states-v1/43a8e9e278abbe24a63dbccab6f4786093a5aea9971cf2673041bdf3a74b123c/common_state_report.json,c0cebb53efcb6cf0bd009affc2f8a2b5cc52042e2fbf8cecaed865e21d160f43,30148781c1037d951485a76ac8e80943f8a73db329153cf67ef7fe358e9232a5
matched_factorial,d4264ee19091a2c6a5de3143a8c820cac89e70302b925fa2e3fd94911a94c22b,structured_30101,eta0.85_lag2_extra1.6,A_BAL,primary,0.4,frozen,frozen_alone_succeeds,0.7374014854431152,0.7374014854431152,0.0,0.0,7050def9d3934c1d01f595fbf49c2274825f5c97a999a0eb8abc680fb63225a1,artifacts/da_plcbf/actuator-diagnostics-20260906/v1/matched-factorial-common-states-v1/d4264ee19091a2c6a5de3143a8c820cac89e70302b925fa2e3fd94911a94c22b/common_state_report.json,d089c5fd3903a97cfcedbf07e2c0fdf5b6c690df741a0764a3616f26fa477e7a,38c965bc147de69be75dd474112afa04c187c288f9a857b9b8b9e519a24d2a0d
matched_factorial,d4264ee19091a2c6a5de3143a8c820cac89e70302b925fa2e3fd94911a94c22b,structured_30101,eta0.85_lag2_extra1.6,A_BAL,primary,0.4,adaptive,frozen_alone_succeeds,0.7374014854431152,0.7374014854431152,0.0,0.0,7050def9d3934c1d01f595fbf49c2274825f5c97a999a0eb8abc680fb63225a1,artifacts/da_plcbf/actuator-diagnostics-20260906/v1/matched-factorial-common-states-v1/d4264ee19091a2c6a5de3143a8c820cac89e70302b925fa2e3fd94911a94c22b/common_state_report.json,d089c5fd3903a97cfcedbf07e2c0fdf5b6c690df741a0764a3616f26fa477e7a,38c965bc147de69be75dd474112afa04c187c288f9a857b9b8b9e519a24d2a0d
matched_factorial,d4264ee19091a2c6a5de3143a8c820cac89e70302b925fa2e3fd94911a94c22b,structured_30101,eta0.85_lag2_extra1.6,A_BAL,primary,0.8,frozen,frozen_alone_succeeds,0.6225718259811401,0.6287145614624023,0.006142735481262207,0.006142735481262207,69b319fc9082266ce9fddf900ba1d2dd28bf1ac47101a678bd9cf2affd925d84,artifacts/da_plcbf/actuator-diagnostics-20260906/v1/matched-factorial-common-states-v1/d4264ee19091a2c6a5de3143a8c820cac89e70302b925fa2e3fd94911a94c22b/common_state_report.json,d089c5fd3903a97cfcedbf07e2c0fdf5b6c690df741a0764a3616f26fa477e7a,38c965bc147de69be75dd474112afa04c187c288f9a857b9b8b9e519a24d2a0d
matched_factorial,d4264ee19091a2c6a5de3143a8c820cac89e70302b925fa2e3fd94911a94c22b,structured_30101,eta0.85_lag2_extra1.6,A_BAL,primary,0.8,adaptive,frozen_alone_succeeds,0.6225718259811401,0.6287145614624023,0.006142735481262207,0.006142735481262207,69b319fc9082266ce9fddf900ba1d2dd28bf1ac47101a678bd9cf2affd925d84,artifacts/da_plcbf/actuator-diagnostics-20260906/v1/matched-factorial-common-states-v1/d4264ee19091a2c6a5de3143a8c820cac89e70302b925fa2e3fd94911a94c22b/common_state_report.json,d089c5fd3903a97cfcedbf07e2c0fdf5b6c690df741a0764a3616f26fa477e7a,38c965bc147de69be75dd474112afa04c187c288f9a857b9b8b9e519a24d2a0d
matched_factorial,d4264ee19091a2c6a5de3143a8c820cac89e70302b925fa2e3fd94911a94c22b,structured_30101,eta0.85_lag2_extra1.6,A_BAL,primary,1.2000000000000002,frozen,frozen_alone_succeeds,0.5959011316299438,0.5958960056304932,-5.125999450683594e-06,0.0,62e2d455c0e07229c84a25f1a0dcef0e5faa584783f4e514934ddaaa1ef10ae3,artifacts/da_plcbf/actuator-diagnostics-20260906/v1/matched-factorial-common-states-v1/d4264ee19091a2c6a5de3143a8c820cac89e70302b925fa2e3fd94911a94c22b/common_state_report.json,d089c5fd3903a97cfcedbf07e2c0fdf5b6c690df741a0764a3616f26fa477e7a,38c965bc147de69be75dd474112afa04c187c288f9a857b9b8b9e519a24d2a0d
matched_factorial,d4264ee19091a2c6a5de3143a8c820cac89e70302b925fa2e3fd94911a94c22b,structured_30101,eta0.85_lag2_extra1.6,A_BAL,primary,1.2000000000000002,adaptive,frozen_alone_succeeds,0.5959011316299438,0.5958960056304932,-5.125999450683594e-06,0.0,62e2d455c0e07229c84a25f1a0dcef0e5faa584783f4e514934ddaaa1ef10ae3,artifacts/da_plcbf/actuator-diagnostics-20260906/v1/matched-factorial-common-states-v1/d4264ee19091a2c6a5de3143a8c820cac89e70302b925fa2e3fd94911a94c22b/common_state_report.json,d089c5fd3903a97cfcedbf07e2c0fdf5b6c690df741a0764a3616f26fa477e7a,38c965bc147de69be75dd474112afa04c187c288f9a857b9b8b9e519a24d2a0d
matched_factorial,a2db6e0bfe7aa77928c4c04b0f65aa6e6751718aeac536055f844da52597aa32,structured_30101,eta1_lag1_extra0,A_BAL,primary,2.0,frozen,both_succeed,0.7897429466247559,0.7897429466247559,0.0,0.0,683ec1548507e3ad48bbe1de73f3d45a33ef1c8d084184266f56bdc3edb5b164,artifacts/da_plcbf/actuator-diagnostics-20260906/v1/matched-factorial-common-states-v1/a2db6e0bfe7aa77928c4c04b0f65aa6e6751718aeac536055f844da52597aa32/common_state_report.json,2f35e0886596ca5c180178bac0ba2733ca14f31a50f7f65eae98cd72fcd191a3,4596e71a72793a83f6c448ec9caa6d9eaf0cd76372c588791e2bc4c735eb9642
matched_factorial,a2db6e0bfe7aa77928c4c04b0f65aa6e6751718aeac536055f844da52597aa32,structured_30101,eta1_lag1_extra0,A_BAL,primary,2.0,adaptive,both_succeed,0.7897429466247559,0.7897429466247559,0.0,0.0,683ec1548507e3ad48bbe1de73f3d45a33ef1c8d084184266f56bdc3edb5b164,artifacts/da_plcbf/actuator-diagnostics-20260906/v1/matched-factorial-common-states-v1/a2db6e0bfe7aa77928c4c04b0f65aa6e6751718aeac536055f844da52597aa32/common_state_report.json,2f35e0886596ca5c180178bac0ba2733ca14f31a50f7f65eae98cd72fcd191a3,4596e71a72793a83f6c448ec9caa6d9eaf0cd76372c588791e2bc4c735eb9642
matched_factorial,a2db6e0bfe7aa77928c4c04b0f65aa6e6751718aeac536055f844da52597aa32,structured_30101,eta1_lag1_extra0,A_BAL,primary,2.4,frozen,both_succeed,0.7898944616317749,0.790186882019043,0.0002924203872680664,0.0002924203872680664,e094de47ec8460bc409271b28a914e6e38d8e6de5237f50ca6131460ebf23ed4,artifacts/da_plcbf/actuator-diagnostics-20260906/v1/matched-factorial-common-states-v1/a2db6e0bfe7aa77928c4c04b0f65aa6e6751718aeac536055f844da52597aa32/common_state_report.json,2f35e0886596ca5c180178bac0ba2733ca14f31a50f7f65eae98cd72fcd191a3,4596e71a72793a83f6c448ec9caa6d9eaf0cd76372c588791e2bc4c735eb9642
matched_factorial,a2db6e0bfe7aa77928c4c04b0f65aa6e6751718aeac536055f844da52597aa32,structured_30101,eta1_lag1_extra0,A_BAL,primary,2.4,adaptive,both_succeed,0.7898944616317749,0.790186882019043,0.0002924203872680664,0.0002924203872680664,e094de47ec8460bc409271b28a914e6e38d8e6de5237f50ca6131460ebf23ed4,artifacts/da_plcbf/actuator-diagnostics-20260906/v1/matched-factorial-common-states-v1/a2db6e0bfe7aa77928c4c04b0f65aa6e6751718aeac536055f844da52597aa32/common_state_report.json,2f35e0886596ca5c180178bac0ba2733ca14f31a50f7f65eae98cd72fcd191a3,4596e71a72793a83f6c448ec9caa6d9eaf0cd76372c588791e2bc4c735eb9642
matched_factorial,a2db6e0bfe7aa77928c4c04b0f65aa6e6751718aeac536055f844da52597aa32,structured_30101,eta1_lag1_extra0,A_BAL,primary,2.8,frozen,both_succeed,0.7902425527572632,0.7902356386184692,-6.9141387939453125e-06,0.0,c9ad5ea8adc97e07ff3a7d95c0fb3e81d5c7f07eeb8553b90ad0dddd6fe0203c,artifacts/da_plcbf/actuator-diagnostics-20260906/v1/matched-factorial-common-states-v1/a2db6e0bfe7aa77928c4c04b0f65aa6e6751718aeac536055f844da52597aa32/common_state_report.json,2f35e0886596ca5c180178bac0ba2733ca14f31a50f7f65eae98cd72fcd191a3,4596e71a72793a83f6c448ec9caa6d9eaf0cd76372c588791e2bc4c735eb9642
matched_factorial,a2db6e0bfe7aa77928c4c04b0f65aa6e6751718aeac536055f844da52597aa32,structured_30101,eta1_lag1_extra0,A_BAL,primary,2.8,adaptive,both_succeed,0.7902425527572632,0.7902356386184692,-6.9141387939453125e-06,0.0,c9ad5ea8adc97e07ff3a7d95c0fb3e81d5c7f07eeb8553b90ad0dddd6fe0203c,artifacts/da_plcbf/actuator-diagnostics-20260906/v1/matched-factorial-common-states-v1/a2db6e0bfe7aa77928c4c04b0f65aa6e6751718aeac536055f844da52597aa32/common_state_report.json,2f35e0886596ca5c180178bac0ba2733ca14f31a50f7f65eae98cd72fcd191a3,4596e71a72793a83f6c448ec9caa6d9eaf0cd76372c588791e2bc4c735eb9642
matched_factorial,a7c5723e0e57d93d8662d3f76423fae7fd7fa932bbf954e8ccf385ce41cfd716,structured_30101,eta1_lag2_extra0,A_BAL,primary,2.0,frozen,frozen_alone_succeeds,0.7882295846939087,0.7882295846939087,0.0,0.0,01bb1c5f6e6316554b49a87d65b13a51c73c41e6e0f23d97fe7703e808ed0381,artifacts/da_plcbf/actuator-diagnostics-20260906/v1/matched-factorial-common-states-v1/a7c5723e0e57d93d8662d3f76423fae7fd7fa932bbf954e8ccf385ce41cfd716/common_state_report.json,18e16c06b923eef07ea4440d428c3d7e567cd9cda9246bd584363fa5e5c997e5,859b7048659db9f3340e47db07ca54a4baa17c86cebed7ac693f61744a69871e
matched_factorial,a7c5723e0e57d93d8662d3f76423fae7fd7fa932bbf954e8ccf385ce41cfd716,structured_30101,eta1_lag2_extra0,A_BAL,primary,2.0,adaptive,frozen_alone_succeeds,0.7882295846939087,0.7882295846939087,0.0,0.0,01bb1c5f6e6316554b49a87d65b13a51c73c41e6e0f23d97fe7703e808ed0381,artifacts/da_plcbf/actuator-diagnostics-20260906/v1/matched-factorial-common-states-v1/a7c5723e0e57d93d8662d3f76423fae7fd7fa932bbf954e8ccf385ce41cfd716/common_state_report.json,18e16c06b923eef07ea4440d428c3d7e567cd9cda9246bd584363fa5e5c997e5,859b7048659db9f3340e47db07ca54a4baa17c86cebed7ac693f61744a69871e
matched_factorial,a7c5723e0e57d93d8662d3f76423fae7fd7fa932bbf954e8ccf385ce41cfd716,structured_30101,eta1_lag2_extra0,A_BAL,primary,2.4,frozen,frozen_alone_succeeds,0.7881969213485718,0.788733959197998,0.0005370378494262695,0.0005370378494262695,d9f6d1e6c640ca402869e05167fbc17cb2e2dd60d1f558e75f18f29e3cdc1123,artifacts/da_plcbf/actuator-diagnostics-20260906/v1/matched-factorial-common-states-v1/a7c5723e0e57d93d8662d3f76423fae7fd7fa932bbf954e8ccf385ce41cfd716/common_state_report.json,18e16c06b923eef07ea4440d428c3d7e567cd9cda9246bd584363fa5e5c997e5,859b7048659db9f3340e47db07ca54a4baa17c86cebed7ac693f61744a69871e
matched_factorial,a7c5723e0e57d93d8662d3f76423fae7fd7fa932bbf954e8ccf385ce41cfd716,structured_30101,eta1_lag2_extra0,A_BAL,primary,2.4,adaptive,frozen_alone_succeeds,0.7881969213485718,0.788733959197998,0.0005370378494262695,0.0005370378494262695,d9f6d1e6c640ca402869e05167fbc17cb2e2dd60d1f558e75f18f29e3cdc1123,artifacts/da_plcbf/actuator-diagnostics-20260906/v1/matched-factorial-common-states-v1/a7c5723e0e57d93d8662d3f76423fae7fd7fa932bbf954e8ccf385ce41cfd716/common_state_report.json,18e16c06b923eef07ea4440d428c3d7e567cd9cda9246bd584363fa5e5c997e5,859b7048659db9f3340e47db07ca54a4baa17c86cebed7ac693f61744a69871e
matched_factorial,a7c5723e0e57d93d8662d3f76423fae7fd7fa932bbf954e8ccf385ce41cfd716,structured_30101,eta1_lag2_extra0,A_BAL,primary,2.8,frozen,frozen_alone_succeeds,0.7884849309921265,0.7883328199386597,-0.00015211105346679688,0.0,4db8a1797410dabce576169fbf6cecf93f314a674425b7856762d2a4067417f6,artifacts/da_plcbf/actuator-diagnostics-20260906/v1/matched-factorial-common-states-v1/a7c5723e0e57d93d8662d3f76423fae7fd7fa932bbf954e8ccf385ce41cfd716/common_state_report.json,18e16c06b923eef07ea4440d428c3d7e567cd9cda9246bd584363fa5e5c997e5,859b7048659db9f3340e47db07ca54a4baa17c86cebed7ac693f61744a69871e
matched_factorial,a7c5723e0e57d93d8662d3f76423fae7fd7fa932bbf954e8ccf385ce41cfd716,structured_30101,eta1_lag2_extra0,A_BAL,primary,2.8,adaptive,frozen_alone_succeeds,0.7884849309921265,0.7883328199386597,-0.00015211105346679688,0.0,4db8a1797410dabce576169fbf6cecf93f314a674425b7856762d2a4067417f6,artifacts/da_plcbf/actuator-diagnostics-20260906/v1/matched-factorial-common-states-v1/a7c5723e0e57d93d8662d3f76423fae7fd7fa932bbf954e8ccf385ce41cfd716/common_state_report.json,18e16c06b923eef07ea4440d428c3d7e567cd9cda9246bd584363fa5e5c997e5,859b7048659db9f3340e47db07ca54a4baa17c86cebed7ac693f61744a69871e
matched_factorial,882a13473464a14f65d4241c570c38ccc612d757a61aaee31a80133ec5f113da,structured_30101,eta1_lag2_extra1.6,A_BAL,primary,0.4,frozen,both_succeed,0.7894920110702515,0.7894920110702515,0.0,0.0,634a4bf8460b68a5213ff844819166ae8a6766549600d55b8174ee6b4d7538cd,artifacts/da_plcbf/actuator-diagnostics-20260906/v1/matched-factorial-common-states-v1/882a13473464a14f65d4241c570c38ccc612d757a61aaee31a80133ec5f113da/common_state_report.json,7004afa7a64ec3b390b0bcee44e7d368f7bf95274a83669f3ea9738c0093fdc6,43497ee7ae7726ce5184874ac286633741658a40a19cb99ac0584b94a7390241
matched_factorial,882a13473464a14f65d4241c570c38ccc612d757a61aaee31a80133ec5f113da,structured_30101,eta1_lag2_extra1.6,A_BAL,primary,0.4,adaptive,both_succeed,0.7894920110702515,0.7894920110702515,0.0,0.0,634a4bf8460b68a5213ff844819166ae8a6766549600d55b8174ee6b4d7538cd,artifacts/da_plcbf/actuator-diagnostics-20260906/v1/matched-factorial-common-states-v1/882a13473464a14f65d4241c570c38ccc612d757a61aaee31a80133ec5f113da/common_state_report.json,7004afa7a64ec3b390b0bcee44e7d368f7bf95274a83669f3ea9738c0093fdc6,43497ee7ae7726ce5184874ac286633741658a40a19cb99ac0584b94a7390241
matched_factorial,882a13473464a14f65d4241c570c38ccc612d757a61aaee31a80133ec5f113da,structured_30101,eta1_lag2_extra1.6,A_BAL,primary,0.8,frozen,both_succeed,0.7895478010177612,0.7895478010177612,0.0,0.0,038744e7917457a51e65d6c21e6831d0c634898f993fbaca8ed938f3c9fa1982,artifacts/da_plcbf/actuator-diagnostics-20260906/v1/matched-factorial-common-states-v1/882a13473464a14f65d4241c570c38ccc612d757a61aaee31a80133ec5f113da/common_state_report.json,7004afa7a64ec3b390b0bcee44e7d368f7bf95274a83669f3ea9738c0093fdc6,43497ee7ae7726ce5184874ac286633741658a40a19cb99ac0584b94a7390241
matched_factorial,882a13473464a14f65d4241c570c38ccc612d757a61aaee31a80133ec5f113da,structured_30101,eta1_lag2_extra1.6,A_BAL,primary,0.8,adaptive,both_succeed,0.7895478010177612,0.7895478010177612,0.0,0.0,038744e7917457a51e65d6c21e6831d0c634898f993fbaca8ed938f3c9fa1982,artifacts/da_plcbf/actuator-diagnostics-20260906/v1/matched-factorial-common-states-v1/882a13473464a14f65d4241c570c38ccc612d757a61aaee31a80133ec5f113da/common_state_report.json,7004afa7a64ec3b390b0bcee44e7d368f7bf95274a83669f3ea9738c0093fdc6,43497ee7ae7726ce5184874ac286633741658a40a19cb99ac0584b94a7390241
matched_factorial,882a13473464a14f65d4241c570c38ccc612d757a61aaee31a80133ec5f113da,structured_30101,eta1_lag2_extra1.6,A_BAL,primary,1.2000000000000002,frozen,both_succeed,0.78965163230896,0.7887104749679565,-0.000941157341003418,0.0,bed7132bd88dce9be8c9005f8f7cb56b64c5b3eb1c4873c15979fb0e03975acf,artifacts/da_plcbf/actuator-diagnostics-20260906/v1/matched-factorial-common-states-v1/882a13473464a14f65d4241c570c38ccc612d757a61aaee31a80133ec5f113da/common_state_report.json,7004afa7a64ec3b390b0bcee44e7d368f7bf95274a83669f3ea9738c0093fdc6,43497ee7ae7726ce5184874ac286633741658a40a19cb99ac0584b94a7390241
matched_factorial,882a13473464a14f65d4241c570c38ccc612d757a61aaee31a80133ec5f113da,structured_30101,eta1_lag2_extra1.6,A_BAL,primary,1.2000000000000002,adaptive,both_succeed,0.78965163230896,0.7887104749679565,-0.000941157341003418,0.0,bed7132bd88dce9be8c9005f8f7cb56b64c5b3eb1c4873c15979fb0e03975acf,artifacts/da_plcbf/actuator-diagnostics-20260906/v1/matched-factorial-common-states-v1/882a13473464a14f65d4241c570c38ccc612d757a61aaee31a80133ec5f113da/common_state_report.json,7004afa7a64ec3b390b0bcee44e7d368f7bf95274a83669f3ea9738c0093fdc6,43497ee7ae7726ce5184874ac286633741658a40a19cb99ac0584b94a7390241
matched_factorial,6252fa8bb49e3c8a79a23066e8f362aab317803324cc359d02a7303666477e34,structured_61001,eta0.7_lag1_extra0,A_BAL,primary,2.0,frozen,frozen_alone_succeeds,1.090090274810791,1.090090274810791,0.0,0.0,9306de4da482e996f2e9e61be33c4cdc461ec4952390339e399b52e4940d759e,artifacts/da_plcbf/actuator-diagnostics-20260906/v1/matched-factorial-common-states-v1/6252fa8bb49e3c8a79a23066e8f362aab317803324cc359d02a7303666477e34/common_state_report.json,1c5634e0029b0aab7c4c558e4c917552fa3a99e9cf376187947b041e9bfb3c56,d31cb0e80a7553678a2e673323accfc7da164e4f89f9e3d3be2c09fd4d4612e4
matched_factorial,6252fa8bb49e3c8a79a23066e8f362aab317803324cc359d02a7303666477e34,structured_61001,eta0.7_lag1_extra0,A_BAL,primary,2.0,adaptive,frozen_alone_succeeds,1.090090274810791,1.090090274810791,0.0,0.0,9306de4da482e996f2e9e61be33c4cdc461ec4952390339e399b52e4940d759e,artifacts/da_plcbf/actuator-diagnostics-20260906/v1/matched-factorial-common-states-v1/6252fa8bb49e3c8a79a23066e8f362aab317803324cc359d02a7303666477e34/common_state_report.json,1c5634e0029b0aab7c4c558e4c917552fa3a99e9cf376187947b041e9bfb3c56,d31cb0e80a7553678a2e673323accfc7da164e4f89f9e3d3be2c09fd4d4612e4
matched_factorial,6252fa8bb49e3c8a79a23066e8f362aab317803324cc359d02a7303666477e34,structured_61001,eta0.7_lag1_extra0,A_BAL,primary,2.4,frozen,frozen_alone_succeeds,0.9946517944335938,0.9949522018432617,0.00030040740966796875,0.00030040740966796875,4b186d99219975d75d89700ee3a5967e830abd39fd7f2893fe756f015dfd3cbc,artifacts/da_plcbf/actuator-diagnostics-20260906/v1/matched-factorial-common-states-v1/6252fa8bb49e3c8a79a23066e8f362aab317803324cc359d02a7303666477e34/common_state_report.json,1c5634e0029b0aab7c4c558e4c917552fa3a99e9cf376187947b041e9bfb3c56,d31cb0e80a7553678a2e673323accfc7da164e4f89f9e3d3be2c09fd4d4612e4
matched_factorial,6252fa8bb49e3c8a79a23066e8f362aab317803324cc359d02a7303666477e34,structured_61001,eta0.7_lag1_extra0,A_BAL,primary,2.4,adaptive,frozen_alone_succeeds,0.9946517944335938,0.9949522018432617,0.00030040740966796875,0.00030040740966796875,4b186d99219975d75d89700ee3a5967e830abd39fd7f2893fe756f015dfd3cbc,artifacts/da_plcbf/actuator-diagnostics-20260906/v1/matched-factorial-common-states-v1/6252fa8bb49e3c8a79a23066e8f362aab317803324cc359d02a7303666477e34/common_state_report.json,1c5634e0029b0aab7c4c558e4c917552fa3a99e9cf376187947b041e9bfb3c56,d31cb0e80a7553678a2e673323accfc7da164e4f89f9e3d3be2c09fd4d4612e4
matched_factorial,6252fa8bb49e3c8a79a23066e8f362aab317803324cc359d02a7303666477e34,structured_61001,eta0.7_lag1_extra0,A_BAL,primary,2.8,frozen,frozen_alone_succeeds,0.9742404222488403,0.9745540618896484,0.00031363964080810547,0.00031363964080810547,78d2b1ff5f53a3f3d131b4a5c4a73cfe4083eaa4f32ddf2d8b9b23005a1639a4,artifacts/da_plcbf/actuator-diagnostics-20260906/v1/matched-factorial-common-states-v1/6252fa8bb49e3c8a79a23066e8f362aab317803324cc359d02a7303666477e34/common_state_report.json,1c5634e0029b0aab7c4c558e4c917552fa3a99e9cf376187947b041e9bfb3c56,d31cb0e80a7553678a2e673323accfc7da164e4f89f9e3d3be2c09fd4d4612e4
matched_factorial,6252fa8bb49e3c8a79a23066e8f362aab317803324cc359d02a7303666477e34,structured_61001,eta0.7_lag1_extra0,A_BAL,primary,2.8,adaptive,frozen_alone_succeeds,0.9742404222488403,0.9745540618896484,0.00031363964080810547,0.00031363964080810547,78d2b1ff5f53a3f3d131b4a5c4a73cfe4083eaa4f32ddf2d8b9b23005a1639a4,artifacts/da_plcbf/actuator-diagnostics-20260906/v1/matched-factorial-common-states-v1/6252fa8bb49e3c8a79a23066e8f362aab317803324cc359d02a7303666477e34/common_state_report.json,1c5634e0029b0aab7c4c558e4c917552fa3a99e9cf376187947b041e9bfb3c56,d31cb0e80a7553678a2e673323accfc7da164e4f89f9e3d3be2c09fd4d4612e4
matched_factorial,e9ff2a41b39a437a4aa7043ab5cca442f65603a3530651817531c4b37110ee57,structured_61001,eta0.7_lag1_extra1.6,A_BAL,primary,0.4,frozen,frozen_alone_succeeds,1.0769450664520264,1.0769450664520264,0.0,0.0,ed98db8d55ede51ddb94a651eae77310a51d75c48c16fed829ea2fde3c9a62db,artifacts/da_plcbf/actuator-diagnostics-20260906/v1/matched-factorial-common-states-v1/e9ff2a41b39a437a4aa7043ab5cca442f65603a3530651817531c4b37110ee57/common_state_report.json,d8c7fe482bf8dd3e9721c495a5b11a358341601f15a9cf19d29ed66a2efd772c,207bce96735fadcd6b22061cfc3f61c4b5487bb571030f78dbc51058387e2892
matched_factorial,e9ff2a41b39a437a4aa7043ab5cca442f65603a3530651817531c4b37110ee57,structured_61001,eta0.7_lag1_extra1.6,A_BAL,primary,0.4,adaptive,frozen_alone_succeeds,1.0769450664520264,1.0769450664520264,0.0,0.0,ed98db8d55ede51ddb94a651eae77310a51d75c48c16fed829ea2fde3c9a62db,artifacts/da_plcbf/actuator-diagnostics-20260906/v1/matched-factorial-common-states-v1/e9ff2a41b39a437a4aa7043ab5cca442f65603a3530651817531c4b37110ee57/common_state_report.json,d8c7fe482bf8dd3e9721c495a5b11a358341601f15a9cf19d29ed66a2efd772c,207bce96735fadcd6b22061cfc3f61c4b5487bb571030f78dbc51058387e2892
matched_factorial,e9ff2a41b39a437a4aa7043ab5cca442f65603a3530651817531c4b37110ee57,structured_61001,eta0.7_lag1_extra1.6,A_BAL,primary,0.8,frozen,frozen_alone_succeeds,0.997736930847168,0.9882127046585083,-0.009524226188659668,0.0,d34df7300441f5cff6742b60d8cecdc88d8ce74dd6317b2e4c2b8528c27b11ec,artifacts/da_plcbf/actuator-diagnostics-20260906/v1/matched-factorial-common-states-v1/e9ff2a41b39a437a4aa7043ab5cca442f65603a3530651817531c4b37110ee57/common_state_report.json,d8c7fe482bf8dd3e9721c495a5b11a358341601f15a9cf19d29ed66a2efd772c,207bce96735fadcd6b22061cfc3f61c4b5487bb571030f78dbc51058387e2892
matched_factorial,e9ff2a41b39a437a4aa7043ab5cca442f65603a3530651817531c4b37110ee57,structured_61001,eta0.7_lag1_extra1.6,A_BAL,primary,0.8,adaptive,frozen_alone_succeeds,0.997736930847168,0.9882127046585083,-0.009524226188659668,0.0,d34df7300441f5cff6742b60d8cecdc88d8ce74dd6317b2e4c2b8528c27b11ec,artifacts/da_plcbf/actuator-diagnostics-20260906/v1/matched-factorial-common-states-v1/e9ff2a41b39a437a4aa7043ab5cca442f65603a3530651817531c4b37110ee57/common_state_report.json,d8c7fe482bf8dd3e9721c495a5b11a358341601f15a9cf19d29ed66a2efd772c,207bce96735fadcd6b22061cfc3f61c4b5487bb571030f78dbc51058387e2892
matched_factorial,e9ff2a41b39a437a4aa7043ab5cca442f65603a3530651817531c4b37110ee57,structured_61001,eta0.7_lag1_extra1.6,A_BAL,primary,1.2000000000000002,frozen,frozen_alone_succeeds,0.972334623336792,0.9724534749984741,0.0001188516616821289,0.0001188516616821289,a0439ab3d50c44ef987999207d2c048423a05bc7baa6ee9c1fa9a398238ee29a,artifacts/da_plcbf/actuator-diagnostics-20260906/v1/matched-factorial-common-states-v1/e9ff2a41b39a437a4aa7043ab5cca442f65603a3530651817531c4b37110ee57/common_state_report.json,d8c7fe482bf8dd3e9721c495a5b11a358341601f15a9cf19d29ed66a2efd772c,207bce96735fadcd6b22061cfc3f61c4b5487bb571030f78dbc51058387e2892
matched_factorial,e9ff2a41b39a437a4aa7043ab5cca442f65603a3530651817531c4b37110ee57,structured_61001,eta0.7_lag1_extra1.6,A_BAL,primary,1.2000000000000002,adaptive,frozen_alone_succeeds,0.972334623336792,0.9724534749984741,0.0001188516616821289,0.0001188516616821289,a0439ab3d50c44ef987999207d2c048423a05bc7baa6ee9c1fa9a398238ee29a,artifacts/da_plcbf/actuator-diagnostics-20260906/v1/matched-factorial-common-states-v1/e9ff2a41b39a437a4aa7043ab5cca442f65603a3530651817531c4b37110ee57/common_state_report.json,d8c7fe482bf8dd3e9721c495a5b11a358341601f15a9cf19d29ed66a2efd772c,207bce96735fadcd6b22061cfc3f61c4b5487bb571030f78dbc51058387e2892
matched_factorial,7d986e9d5071786aeec158f59bb815b3f2d4b5723f5379db0ffbc1f18fb7e276,structured_61001,eta0.7_lag2_extra0,A_BAL,primary,2.0,frozen,both_fail,1.0464361906051636,1.0464361906051636,0.0,0.0,2b3d0978241821fa0021023bd0273e5185f86ba037d9b14873e804a0f5263657,artifacts/da_plcbf/actuator-diagnostics-20260906/v1/matched-factorial-common-states-v1/7d986e9d5071786aeec158f59bb815b3f2d4b5723f5379db0ffbc1f18fb7e276/common_state_report.json,44d2586390ccd9266e67505c1a54f718560016956ee3c5ebbd06c73608235f73,45ccc45e30039c3c3befd2463a9bbc895cf713e9c1400bf60e9daf2da06aa677
matched_factorial,7d986e9d5071786aeec158f59bb815b3f2d4b5723f5379db0ffbc1f18fb7e276,structured_61001,eta0.7_lag2_extra0,A_BAL,primary,2.0,adaptive,both_fail,1.0464361906051636,1.0464361906051636,0.0,0.0,2b3d0978241821fa0021023bd0273e5185f86ba037d9b14873e804a0f5263657,artifacts/da_plcbf/actuator-diagnostics-20260906/v1/matched-factorial-common-states-v1/7d986e9d5071786aeec158f59bb815b3f2d4b5723f5379db0ffbc1f18fb7e276/common_state_report.json,44d2586390ccd9266e67505c1a54f718560016956ee3c5ebbd06c73608235f73,45ccc45e30039c3c3befd2463a9bbc895cf713e9c1400bf60e9daf2da06aa677
matched_factorial,7d986e9d5071786aeec158f59bb815b3f2d4b5723f5379db0ffbc1f18fb7e276,structured_61001,eta0.7_lag2_extra0,A_BAL,primary,2.4,frozen,both_fail,0.9018985033035278,0.9026763439178467,0.0007778406143188477,0.0007778406143188477,78458eb7200c7d76cbaf18173ed1b0b4f02a7078242c971da1b34d0e069f00a3,artifacts/da_plcbf/actuator-diagnostics-20260906/v1/matched-factorial-common-states-v1/7d986e9d5071786aeec158f59bb815b3f2d4b5723f5379db0ffbc1f18fb7e276/common_state_report.json,44d2586390ccd9266e67505c1a54f718560016956ee3c5ebbd06c73608235f73,45ccc45e30039c3c3befd2463a9bbc895cf713e9c1400bf60e9daf2da06aa677
matched_factorial,7d986e9d5071786aeec158f59bb815b3f2d4b5723f5379db0ffbc1f18fb7e276,structured_61001,eta0.7_lag2_extra0,A_BAL,primary,2.4,adaptive,both_fail,0.9018985033035278,0.9026763439178467,0.0007778406143188477,0.0007778406143188477,78458eb7200c7d76cbaf18173ed1b0b4f02a7078242c971da1b34d0e069f00a3,artifacts/da_plcbf/actuator-diagnostics-20260906/v1/matched-factorial-common-states-v1/7d986e9d5071786aeec158f59bb815b3f2d4b5723f5379db0ffbc1f18fb7e276/common_state_report.json,44d2586390ccd9266e67505c1a54f718560016956ee3c5ebbd06c73608235f73,45ccc45e30039c3c3befd2463a9bbc895cf713e9c1400bf60e9daf2da06aa677
matched_factorial,7d986e9d5071786aeec158f59bb815b3f2d4b5723f5379db0ffbc1f18fb7e276,structured_61001,eta0.7_lag2_extra0,A_BAL,primary,2.8,frozen,both_fail,0.8246970176696777,0.8605349063873291,0.03583788871765137,0.03583788871765137,98841747ad7a9aab0aa6cff898c8caf9b4bb5dd919b8347e7ab11c27eda91b8a,artifacts/da_plcbf/actuator-diagnostics-20260906/v1/matched-factorial-common-states-v1/7d986e9d5071786aeec158f59bb815b3f2d4b5723f5379db0ffbc1f18fb7e276/common_state_report.json,44d2586390ccd9266e67505c1a54f718560016956ee3c5ebbd06c73608235f73,45ccc45e30039c3c3befd2463a9bbc895cf713e9c1400bf60e9daf2da06aa677
matched_factorial,7d986e9d5071786aeec158f59bb815b3f2d4b5723f5379db0ffbc1f18fb7e276,structured_61001,eta0.7_lag2_extra0,A_BAL,primary,2.8,adaptive,both_fail,0.8246970176696777,0.8605349063873291,0.03583788871765137,0.03583788871765137,98841747ad7a9aab0aa6cff898c8caf9b4bb5dd919b8347e7ab11c27eda91b8a,artifacts/da_plcbf/actuator-diagnostics-20260906/v1/matched-factorial-common-states-v1/7d986e9d5071786aeec158f59bb815b3f2d4b5723f5379db0ffbc1f18fb7e276/common_state_report.json,44d2586390ccd9266e67505c1a54f718560016956ee3c5ebbd06c73608235f73,45ccc45e30039c3c3befd2463a9bbc895cf713e9c1400bf60e9daf2da06aa677
matched_factorial,bca2a8f20c4ff518994502bd5cbaf2143736b619bc65489a7bc0467030a98b09,structured_61001,eta0.7_lag2_extra1.6,A_BAL,primary,0.4,frozen,adaptation_alone_succeeds,1.0276743173599243,1.0276743173599243,0.0,0.0,87c71106b70ab05f5004e3e290945a53ae8d81070859042c893ee2ef145a6773,artifacts/da_plcbf/actuator-diagnostics-20260906/v1/matched-factorial-common-states-v1/bca2a8f20c4ff518994502bd5cbaf2143736b619bc65489a7bc0467030a98b09/common_state_report.json,47b6396460534cd40b52f4c4a2fa2219032aefbc7bd4168fb07545acd79e6c45,a4ad51929541f5f51a5bf110cc3b906b97f3b60fa76927883a55f0fce5010de0
matched_factorial,bca2a8f20c4ff518994502bd5cbaf2143736b619bc65489a7bc0467030a98b09,structured_61001,eta0.7_lag2_extra1.6,A_BAL,primary,0.4,adaptive,adaptation_alone_succeeds,1.0276743173599243,1.0276743173599243,0.0,0.0,87c71106b70ab05f5004e3e290945a53ae8d81070859042c893ee2ef145a6773,artifacts/da_plcbf/actuator-diagnostics-20260906/v1/matched-factorial-common-states-v1/bca2a8f20c4ff518994502bd5cbaf2143736b619bc65489a7bc0467030a98b09/common_state_report.json,47b6396460534cd40b52f4c4a2fa2219032aefbc7bd4168fb07545acd79e6c45,a4ad51929541f5f51a5bf110cc3b906b97f3b60fa76927883a55f0fce5010de0
matched_factorial,bca2a8f20c4ff518994502bd5cbaf2143736b619bc65489a7bc0467030a98b09,structured_61001,eta0.7_lag2_extra1.6,A_BAL,primary,0.8,frozen,adaptation_alone_succeeds,0.89043128490448,0.891182541847229,0.0007512569427490234,0.0007512569427490234,d3364470da54ab4f1b7df4a9a37eeb11c9d303bcc8bcfa5e98eba6ca5e397df2,artifacts/da_plcbf/actuator-diagnostics-20260906/v1/matched-factorial-common-states-v1/bca2a8f20c4ff518994502bd5cbaf2143736b619bc65489a7bc0467030a98b09/common_state_report.json,47b6396460534cd40b52f4c4a2fa2219032aefbc7bd4168fb07545acd79e6c45,a4ad51929541f5f51a5bf110cc3b906b97f3b60fa76927883a55f0fce5010de0
matched_factorial,bca2a8f20c4ff518994502bd5cbaf2143736b619bc65489a7bc0467030a98b09,structured_61001,eta0.7_lag2_extra1.6,A_BAL,primary,0.8,adaptive,adaptation_alone_succeeds,0.89043128490448,0.891182541847229,0.0007512569427490234,0.0007512569427490234,d3364470da54ab4f1b7df4a9a37eeb11c9d303bcc8bcfa5e98eba6ca5e397df2,artifacts/da_plcbf/actuator-diagnostics-20260906/v1/matched-factorial-common-states-v1/bca2a8f20c4ff518994502bd5cbaf2143736b619bc65489a7bc0467030a98b09/common_state_report.json,47b6396460534cd40b52f4c4a2fa2219032aefbc7bd4168fb07545acd79e6c45,a4ad51929541f5f51a5bf110cc3b906b97f3b60fa76927883a55f0fce5010de0
matched_factorial,bca2a8f20c4ff518994502bd5cbaf2143736b619bc65489a7bc0467030a98b09,structured_61001,eta0.7_lag2_extra1.6,A_BAL,primary,1.2000000000000002,frozen,adaptation_alone_succeeds,0.8456250429153442,0.8456771373748779,5.2094459533691406e-05,5.2094459533691406e-05,0764a069b5ccdb4371bd29a43d5ce41bac4d4678f34e3a1f0639b59521904460,artifacts/da_plcbf/actuator-diagnostics-20260906/v1/matched-factorial-common-states-v1/bca2a8f20c4ff518994502bd5cbaf2143736b619bc65489a7bc0467030a98b09/common_state_report.json,47b6396460534cd40b52f4c4a2fa2219032aefbc7bd4168fb07545acd79e6c45,a4ad51929541f5f51a5bf110cc3b906b97f3b60fa76927883a55f0fce5010de0
matched_factorial,bca2a8f20c4ff518994502bd5cbaf2143736b619bc65489a7bc0467030a98b09,structured_61001,eta0.7_lag2_extra1.6,A_BAL,primary,1.2000000000000002,adaptive,adaptation_alone_succeeds,0.8456250429153442,0.8456771373748779,5.2094459533691406e-05,5.2094459533691406e-05,0764a069b5ccdb4371bd29a43d5ce41bac4d4678f34e3a1f0639b59521904460,artifacts/da_plcbf/actuator-diagnostics-20260906/v1/matched-factorial-common-states-v1/bca2a8f20c4ff518994502bd5cbaf2143736b619bc65489a7bc0467030a98b09/common_state_report.json,47b6396460534cd40b52f4c4a2fa2219032aefbc7bd4168fb07545acd79e6c45,a4ad51929541f5f51a5bf110cc3b906b97f3b60fa76927883a55f0fce5010de0
matched_factorial,b8d5c7c953e22ea06951fc53e99a95685d66d4b432afaafc900b96d42e97648a,structured_61001,eta0.85_lag1_extra0,A_BAL,primary,2.0,frozen,frozen_alone_succeeds,1.1384553909301758,1.1384553909301758,0.0,0.0,b5f473fc992b0bd154d72b45ea2fadf65cbdc35b4192a355a832e2aefc90e59f,artifacts/da_plcbf/actuator-diagnostics-20260906/v1/matched-factorial-common-states-v1/b8d5c7c953e22ea06951fc53e99a95685d66d4b432afaafc900b96d42e97648a/common_state_report.json,5b659e1fbc829b7e4958bf5d644e0422a512003aac33e29a5a159b4047eaccab,73158c1c6ea2d454f3d7e59320f1a74d7366aabeb3c272dde4d19a27167643d1
matched_factorial,b8d5c7c953e22ea06951fc53e99a95685d66d4b432afaafc900b96d42e97648a,structured_61001,eta0.85_lag1_extra0,A_BAL,primary,2.0,adaptive,frozen_alone_succeeds,1.1384553909301758,1.1384553909301758,0.0,0.0,b5f473fc992b0bd154d72b45ea2fadf65cbdc35b4192a355a832e2aefc90e59f,artifacts/da_plcbf/actuator-diagnostics-20260906/v1/matched-factorial-common-states-v1/b8d5c7c953e22ea06951fc53e99a95685d66d4b432afaafc900b96d42e97648a/common_state_report.json,5b659e1fbc829b7e4958bf5d644e0422a512003aac33e29a5a159b4047eaccab,73158c1c6ea2d454f3d7e59320f1a74d7366aabeb3c272dde4d19a27167643d1
matched_factorial,b8d5c7c953e22ea06951fc53e99a95685d66d4b432afaafc900b96d42e97648a,structured_61001,eta0.85_lag1_extra0,A_BAL,primary,2.4,frozen,frozen_alone_succeeds,1.0728224515914917,1.0684672594070435,-0.004355192184448242,0.0,81cf257ae8ee7e51f533ac0c33408e8a82522a72359d7246cf5696b4d36ad1ac,artifacts/da_plcbf/actuator-diagnostics-20260906/v1/matched-factorial-common-states-v1/b8d5c7c953e22ea06951fc53e99a95685d66d4b432afaafc900b96d42e97648a/common_state_report.json,5b659e1fbc829b7e4958bf5d644e0422a512003aac33e29a5a159b4047eaccab,73158c1c6ea2d454f3d7e59320f1a74d7366aabeb3c272dde4d19a27167643d1
matched_factorial,b8d5c7c953e22ea06951fc53e99a95685d66d4b432afaafc900b96d42e97648a,structured_61001,eta0.85_lag1_extra0,A_BAL,primary,2.4,adaptive,frozen_alone_succeeds,1.0728224515914917,1.0684672594070435,-0.004355192184448242,0.0,81cf257ae8ee7e51f533ac0c33408e8a82522a72359d7246cf5696b4d36ad1ac,artifacts/da_plcbf/actuator-diagnostics-20260906/v1/matched-factorial-common-states-v1/b8d5c7c953e22ea06951fc53e99a95685d66d4b432afaafc900b96d42e97648a/common_state_report.json,5b659e1fbc829b7e4958bf5d644e0422a512003aac33e29a5a159b4047eaccab,73158c1c6ea2d454f3d7e59320f1a74d7366aabeb3c272dde4d19a27167643d1
matched_factorial,b8d5c7c953e22ea06951fc53e99a95685d66d4b432afaafc900b96d42e97648a,structured_61001,eta0.85_lag1_extra0,A_BAL,primary,2.8,frozen,frozen_alone_succeeds,1.0604102611541748,1.0608110427856445,0.00040078163146972656,0.00040078163146972656,cfa0da632a78bd3bdb41db24154c7b12541860a96feacf4642e99ee9e03f89cf,artifacts/da_plcbf/actuator-diagnostics-20260906/v1/matched-factorial-common-states-v1/b8d5c7c953e22ea06951fc53e99a95685d66d4b432afaafc900b96d42e97648a/common_state_report.json,5b659e1fbc829b7e4958bf5d644e0422a512003aac33e29a5a159b4047eaccab,73158c1c6ea2d454f3d7e59320f1a74d7366aabeb3c272dde4d19a27167643d1
matched_factorial,b8d5c7c953e22ea06951fc53e99a95685d66d4b432afaafc900b96d42e97648a,structured_61001,eta0.85_lag1_extra0,A_BAL,primary,2.8,adaptive,frozen_alone_succeeds,1.0604102611541748,1.0608110427856445,0.00040078163146972656,0.00040078163146972656,cfa0da632a78bd3bdb41db24154c7b12541860a96feacf4642e99ee9e03f89cf,artifacts/da_plcbf/actuator-diagnostics-20260906/v1/matched-factorial-common-states-v1/b8d5c7c953e22ea06951fc53e99a95685d66d4b432afaafc900b96d42e97648a/common_state_report.json,5b659e1fbc829b7e4958bf5d644e0422a512003aac33e29a5a159b4047eaccab,73158c1c6ea2d454f3d7e59320f1a74d7366aabeb3c272dde4d19a27167643d1
matched_factorial,5834fea80568cfcffc1d95aa7af1c259d274e80c372be0df95b639f86309c67a,structured_61001,eta0.85_lag1_extra1.6,A_BAL,primary,0.4,frozen,frozen_alone_succeeds,1.1246591806411743,1.1246591806411743,0.0,0.0,bbd58694dd2a903de560e76fca162b82e58e45e9085fcad5059b0528a801b5a9,artifacts/da_plcbf/actuator-diagnostics-20260906/v1/matched-factorial-common-states-v1/5834fea80568cfcffc1d95aa7af1c259d274e80c372be0df95b639f86309c67a/common_state_report.json,53d6b4d5dccf0980f3b65e76c146254e6dd1b40793e2af94ad52e8f80d429d28,b642d28f862ee3e4f9005c5b2f8707c6b39ac1639a4bd24b8bbe6789eb356560
matched_factorial,5834fea80568cfcffc1d95aa7af1c259d274e80c372be0df95b639f86309c67a,structured_61001,eta0.85_lag1_extra1.6,A_BAL,primary,0.4,adaptive,frozen_alone_succeeds,1.1246591806411743,1.1246591806411743,0.0,0.0,bbd58694dd2a903de560e76fca162b82e58e45e9085fcad5059b0528a801b5a9,artifacts/da_plcbf/actuator-diagnostics-20260906/v1/matched-factorial-common-states-v1/5834fea80568cfcffc1d95aa7af1c259d274e80c372be0df95b639f86309c67a/common_state_report.json,53d6b4d5dccf0980f3b65e76c146254e6dd1b40793e2af94ad52e8f80d429d28,b642d28f862ee3e4f9005c5b2f8707c6b39ac1639a4bd24b8bbe6789eb356560
matched_factorial,5834fea80568cfcffc1d95aa7af1c259d274e80c372be0df95b639f86309c67a,structured_61001,eta0.85_lag1_extra1.6,A_BAL,primary,0.8,frozen,frozen_alone_succeeds,1.0684007406234741,1.0645651817321777,-0.0038355588912963867,0.0,ba7fb6b2bf92b3afdc59607663c81b52bc7b05e0ca828d19e4c6fa06c1de7e3c,artifacts/da_plcbf/actuator-diagnostics-20260906/v1/matched-factorial-common-states-v1/5834fea80568cfcffc1d95aa7af1c259d274e80c372be0df95b639f86309c67a/common_state_report.json,53d6b4d5dccf0980f3b65e76c146254e6dd1b40793e2af94ad52e8f80d429d28,b642d28f862ee3e4f9005c5b2f8707c6b39ac1639a4bd24b8bbe6789eb356560
matched_factorial,5834fea80568cfcffc1d95aa7af1c259d274e80c372be0df95b639f86309c67a,structured_61001,eta0.85_lag1_extra1.6,A_BAL,primary,0.8,adaptive,frozen_alone_succeeds,1.0684007406234741,1.0645651817321777,-0.0038355588912963867,0.0,ba7fb6b2bf92b3afdc59607663c81b52bc7b05e0ca828d19e4c6fa06c1de7e3c,artifacts/da_plcbf/actuator-diagnostics-20260906/v1/matched-factorial-common-states-v1/5834fea80568cfcffc1d95aa7af1c259d274e80c372be0df95b639f86309c67a/common_state_report.json,53d6b4d5dccf0980f3b65e76c146254e6dd1b40793e2af94ad52e8f80d429d28,b642d28f862ee3e4f9005c5b2f8707c6b39ac1639a4bd24b8bbe6789eb356560
matched_factorial,5834fea80568cfcffc1d95aa7af1c259d274e80c372be0df95b639f86309c67a,structured_61001,eta0.85_lag1_extra1.6,A_BAL,primary,1.2000000000000002,frozen,frozen_alone_succeeds,1.059200406074524,1.0592029094696045,2.5033950805664062e-06,2.5033950805664062e-06,f0b6f8020872375dddedb8a937312e3060d6fc018c1915911e3bea3b2df18eb8,artifacts/da_plcbf/actuator-diagnostics-20260906/v1/matched-factorial-common-states-v1/5834fea80568cfcffc1d95aa7af1c259d274e80c372be0df95b639f86309c67a/common_state_report.json,53d6b4d5dccf0980f3b65e76c146254e6dd1b40793e2af94ad52e8f80d429d28,b642d28f862ee3e4f9005c5b2f8707c6b39ac1639a4bd24b8bbe6789eb356560
matched_factorial,5834fea80568cfcffc1d95aa7af1c259d274e80c372be0df95b639f86309c67a,structured_61001,eta0.85_lag1_extra1.6,A_BAL,primary,1.2000000000000002,adaptive,frozen_alone_succeeds,1.059200406074524,1.0592029094696045,2.5033950805664062e-06,2.5033950805664062e-06,f0b6f8020872375dddedb8a937312e3060d6fc018c1915911e3bea3b2df18eb8,artifacts/da_plcbf/actuator-diagnostics-20260906/v1/matched-factorial-common-states-v1/5834fea80568cfcffc1d95aa7af1c259d274e80c372be0df95b639f86309c67a/common_state_report.json,53d6b4d5dccf0980f3b65e76c146254e6dd1b40793e2af94ad52e8f80d429d28,b642d28f862ee3e4f9005c5b2f8707c6b39ac1639a4bd24b8bbe6789eb356560
matched_factorial,b647227eb644cde3bb3102ceb1a96361a0ba81278127187c77b4faffe0db4dbb,structured_61001,eta0.85_lag2_extra0,A_BAL,primary,2.0,frozen,both_fail,1.1367946863174438,1.1367946863174438,0.0,0.0,52b6af7890aa4a0eca2e7a91ee38a22b8c41af4fc1fb7fc1e1fc01bb136211e5,artifacts/da_plcbf/actuator-diagnostics-20260906/v1/matched-factorial-common-states-v1/b647227eb644cde3bb3102ceb1a96361a0ba81278127187c77b4faffe0db4dbb/common_state_report.json,a06ed7742e1fdc32148fa55aa617ea7e6ec4a1c49b568090542f40c8dbac4114,6091bb152920822ef9802e47507b5a0ac7a29605095e81c3a7426f18a2ef36d3
matched_factorial,b647227eb644cde3bb3102ceb1a96361a0ba81278127187c77b4faffe0db4dbb,structured_61001,eta0.85_lag2_extra0,A_BAL,primary,2.0,adaptive,both_fail,1.1367946863174438,1.1367946863174438,0.0,0.0,52b6af7890aa4a0eca2e7a91ee38a22b8c41af4fc1fb7fc1e1fc01bb136211e5,artifacts/da_plcbf/actuator-diagnostics-20260906/v1/matched-factorial-common-states-v1/b647227eb644cde3bb3102ceb1a96361a0ba81278127187c77b4faffe0db4dbb/common_state_report.json,a06ed7742e1fdc32148fa55aa617ea7e6ec4a1c49b568090542f40c8dbac4114,6091bb152920822ef9802e47507b5a0ac7a29605095e81c3a7426f18a2ef36d3
matched_factorial,b647227eb644cde3bb3102ceb1a96361a0ba81278127187c77b4faffe0db4dbb,structured_61001,eta0.85_lag2_extra0,A_BAL,primary,2.4,frozen,both_fail,0.988255500793457,0.9802672863006592,-0.007988214492797852,0.0,d379566fd1e10cfa607572e55f508331fa1264c42cea775164bb0bee670c5548,artifacts/da_plcbf/actuator-diagnostics-20260906/v1/matched-factorial-common-states-v1/b647227eb644cde3bb3102ceb1a96361a0ba81278127187c77b4faffe0db4dbb/common_state_report.json,a06ed7742e1fdc32148fa55aa617ea7e6ec4a1c49b568090542f40c8dbac4114,6091bb152920822ef9802e47507b5a0ac7a29605095e81c3a7426f18a2ef36d3
matched_factorial,b647227eb644cde3bb3102ceb1a96361a0ba81278127187c77b4faffe0db4dbb,structured_61001,eta0.85_lag2_extra0,A_BAL,primary,2.4,adaptive,both_fail,0.988255500793457,0.9802672863006592,-0.007988214492797852,0.0,d379566fd1e10cfa607572e55f508331fa1264c42cea775164bb0bee670c5548,artifacts/da_plcbf/actuator-diagnostics-20260906/v1/matched-factorial-common-states-v1/b647227eb644cde3bb3102ceb1a96361a0ba81278127187c77b4faffe0db4dbb/common_state_report.json,a06ed7742e1fdc32148fa55aa617ea7e6ec4a1c49b568090542f40c8dbac4114,6091bb152920822ef9802e47507b5a0ac7a29605095e81c3a7426f18a2ef36d3
matched_factorial,b647227eb644cde3bb3102ceb1a96361a0ba81278127187c77b4faffe0db4dbb,structured_61001,eta0.85_lag2_extra0,A_BAL,primary,2.8,frozen,both_fail,0.9598164558410645,0.9597650766372681,-5.137920379638672e-05,0.0,9660028b1cee265f99fa7303ea3998bba59a8bc2a0efa5922773cb9060964c88,artifacts/da_plcbf/actuator-diagnostics-20260906/v1/matched-factorial-common-states-v1/b647227eb644cde3bb3102ceb1a96361a0ba81278127187c77b4faffe0db4dbb/common_state_report.json,a06ed7742e1fdc32148fa55aa617ea7e6ec4a1c49b568090542f40c8dbac4114,6091bb152920822ef9802e47507b5a0ac7a29605095e81c3a7426f18a2ef36d3
matched_factorial,b647227eb644cde3bb3102ceb1a96361a0ba81278127187c77b4faffe0db4dbb,structured_61001,eta0.85_lag2_extra0,A_BAL,primary,2.8,adaptive,both_fail,0.9598164558410645,0.9597650766372681,-5.137920379638672e-05,0.0,9660028b1cee265f99fa7303ea3998bba59a8bc2a0efa5922773cb9060964c88,artifacts/da_plcbf/actuator-diagnostics-20260906/v1/matched-factorial-common-states-v1/b647227eb644cde3bb3102ceb1a96361a0ba81278127187c77b4faffe0db4dbb/common_state_report.json,a06ed7742e1fdc32148fa55aa617ea7e6ec4a1c49b568090542f40c8dbac4114,6091bb152920822ef9802e47507b5a0ac7a29605095e81c3a7426f18a2ef36d3
matched_factorial,57406485c316383318f8b93349c0d17660fee3238330e802c05ddce47e35e429,structured_61001,eta0.85_lag2_extra1.6,A_BAL,primary,0.4,frozen,frozen_alone_succeeds,1.1265465021133423,1.1265465021133423,0.0,0.0,d50e7a49741f083e22749da2419fa851ffd3e354696aeb7a05d9d91b166c75a5,artifacts/da_plcbf/actuator-diagnostics-20260906/v1/matched-factorial-common-states-v1/57406485c316383318f8b93349c0d17660fee3238330e802c05ddce47e35e429/common_state_report.json,198d540f5043a6197af9170a0fa6af5bcc238aadd0879ee832c24e8d305a3537,e52d72bcf006f7825a1f989bcfe4444d4e048fe96a42f60e6d4dbbdd4a1ec041
matched_factorial,57406485c316383318f8b93349c0d17660fee3238330e802c05ddce47e35e429,structured_61001,eta0.85_lag2_extra1.6,A_BAL,primary,0.4,adaptive,frozen_alone_succeeds,1.1265465021133423,1.1265465021133423,0.0,0.0,d50e7a49741f083e22749da2419fa851ffd3e354696aeb7a05d9d91b166c75a5,artifacts/da_plcbf/actuator-diagnostics-20260906/v1/matched-factorial-common-states-v1/57406485c316383318f8b93349c0d17660fee3238330e802c05ddce47e35e429/common_state_report.json,198d540f5043a6197af9170a0fa6af5bcc238aadd0879ee832c24e8d305a3537,e52d72bcf006f7825a1f989bcfe4444d4e048fe96a42f60e6d4dbbdd4a1ec041
matched_factorial,57406485c316383318f8b93349c0d17660fee3238330e802c05ddce47e35e429,structured_61001,eta0.85_lag2_extra1.6,A_BAL,primary,0.8,frozen,frozen_alone_succeeds,0.9916081428527832,0.9795271158218384,-0.012081027030944824,0.0,7576347da2e095512a739a5435730c9970345981ef0f5821c1123802ef3fad79,artifacts/da_plcbf/actuator-diagnostics-20260906/v1/matched-factorial-common-states-v1/57406485c316383318f8b93349c0d17660fee3238330e802c05ddce47e35e429/common_state_report.json,198d540f5043a6197af9170a0fa6af5bcc238aadd0879ee832c24e8d305a3537,e52d72bcf006f7825a1f989bcfe4444d4e048fe96a42f60e6d4dbbdd4a1ec041
matched_factorial,57406485c316383318f8b93349c0d17660fee3238330e802c05ddce47e35e429,structured_61001,eta0.85_lag2_extra1.6,A_BAL,primary,0.8,adaptive,frozen_alone_succeeds,0.9916081428527832,0.9795271158218384,-0.012081027030944824,0.0,7576347da2e095512a739a5435730c9970345981ef0f5821c1123802ef3fad79,artifacts/da_plcbf/actuator-diagnostics-20260906/v1/matched-factorial-common-states-v1/57406485c316383318f8b93349c0d17660fee3238330e802c05ddce47e35e429/common_state_report.json,198d540f5043a6197af9170a0fa6af5bcc238aadd0879ee832c24e8d305a3537,e52d72bcf006f7825a1f989bcfe4444d4e048fe96a42f60e6d4dbbdd4a1ec041
matched_factorial,57406485c316383318f8b93349c0d17660fee3238330e802c05ddce47e35e429,structured_61001,eta0.85_lag2_extra1.6,A_BAL,primary,1.2000000000000002,frozen,frozen_alone_succeeds,0.9624538421630859,0.9624067544937134,-4.7087669372558594e-05,0.0,5d871bf278fbed98ff2c812d10a625b37b3db460e1cbf10e58e1a8fced4736e4,artifacts/da_plcbf/actuator-diagnostics-20260906/v1/matched-factorial-common-states-v1/57406485c316383318f8b93349c0d17660fee3238330e802c05ddce47e35e429/common_state_report.json,198d540f5043a6197af9170a0fa6af5bcc238aadd0879ee832c24e8d305a3537,e52d72bcf006f7825a1f989bcfe4444d4e048fe96a42f60e6d4dbbdd4a1ec041
matched_factorial,57406485c316383318f8b93349c0d17660fee3238330e802c05ddce47e35e429,structured_61001,eta0.85_lag2_extra1.6,A_BAL,primary,1.2000000000000002,adaptive,frozen_alone_succeeds,0.9624538421630859,0.9624067544937134,-4.7087669372558594e-05,0.0,5d871bf278fbed98ff2c812d10a625b37b3db460e1cbf10e58e1a8fced4736e4,artifacts/da_plcbf/actuator-diagnostics-20260906/v1/matched-factorial-common-states-v1/57406485c316383318f8b93349c0d17660fee3238330e802c05ddce47e35e429/common_state_report.json,198d540f5043a6197af9170a0fa6af5bcc238aadd0879ee832c24e8d305a3537,e52d72bcf006f7825a1f989bcfe4444d4e048fe96a42f60e6d4dbbdd4a1ec041
matched_factorial,2fa41a43fb8f864dec4db97ecbfbe4ad5a2f327c4615cfad27686d5cdbb102ba,structured_61001,eta1_lag1_extra0,A_BAL,primary,2.0,frozen,both_succeed,1.145623803138733,1.145623803138733,0.0,0.0,0c0afb6584610fa63c437bf446b13243e9453a815ee4c7e4bef9fbd377568811,artifacts/da_plcbf/actuator-diagnostics-20260906/v1/matched-factorial-common-states-v1/2fa41a43fb8f864dec4db97ecbfbe4ad5a2f327c4615cfad27686d5cdbb102ba/common_state_report.json,ea5ad86795e142eb395ff7e0fd24d74b0a390c9a05e6a02f1bbcb15d3917c5cc,1a2cf65bb1eef44ff812aef4ad0e11c57a4247a425e5ca43ca8838940353dc72
matched_factorial,2fa41a43fb8f864dec4db97ecbfbe4ad5a2f327c4615cfad27686d5cdbb102ba,structured_61001,eta1_lag1_extra0,A_BAL,primary,2.0,adaptive,both_succeed,1.145623803138733,1.145623803138733,0.0,0.0,0c0afb6584610fa63c437bf446b13243e9453a815ee4c7e4bef9fbd377568811,artifacts/da_plcbf/actuator-diagnostics-20260906/v1/matched-factorial-common-states-v1/2fa41a43fb8f864dec4db97ecbfbe4ad5a2f327c4615cfad27686d5cdbb102ba/common_state_report.json,ea5ad86795e142eb395ff7e0fd24d74b0a390c9a05e6a02f1bbcb15d3917c5cc,1a2cf65bb1eef44ff812aef4ad0e11c57a4247a425e5ca43ca8838940353dc72
matched_factorial,2fa41a43fb8f864dec4db97ecbfbe4ad5a2f327c4615cfad27686d5cdbb102ba,structured_61001,eta1_lag1_extra0,A_BAL,primary,2.4,frozen,both_succeed,1.1454023122787476,1.145402193069458,-1.1920928955078125e-07,0.0,ead1b26c22b4428d7cdf31aa696f88e7b0deda9168597f718b8ee88206a668a2,artifacts/da_plcbf/actuator-diagnostics-20260906/v1/matched-factorial-common-states-v1/2fa41a43fb8f864dec4db97ecbfbe4ad5a2f327c4615cfad27686d5cdbb102ba/common_state_report.json,ea5ad86795e142eb395ff7e0fd24d74b0a390c9a05e6a02f1bbcb15d3917c5cc,1a2cf65bb1eef44ff812aef4ad0e11c57a4247a425e5ca43ca8838940353dc72
matched_factorial,2fa41a43fb8f864dec4db97ecbfbe4ad5a2f327c4615cfad27686d5cdbb102ba,structured_61001,eta1_lag1_extra0,A_BAL,primary,2.4,adaptive,both_succeed,1.1454023122787476,1.145402193069458,-1.1920928955078125e-07,0.0,ead1b26c22b4428d7cdf31aa696f88e7b0deda9168597f718b8ee88206a668a2,artifacts/da_plcbf/actuator-diagnostics-20260906/v1/matched-factorial-common-states-v1/2fa41a43fb8f864dec4db97ecbfbe4ad5a2f327c4615cfad27686d5cdbb102ba/common_state_report.json,ea5ad86795e142eb395ff7e0fd24d74b0a390c9a05e6a02f1bbcb15d3917c5cc,1a2cf65bb1eef44ff812aef4ad0e11c57a4247a425e5ca43ca8838940353dc72
matched_factorial,2fa41a43fb8f864dec4db97ecbfbe4ad5a2f327c4615cfad27686d5cdbb102ba,structured_61001,eta1_lag1_extra0,A_BAL,primary,2.8,frozen,both_succeed,1.1447203159332275,1.144720196723938,-1.1920928955078125e-07,0.0,fee909669d6506ffd84ff97f8ab16f5105dcd0c672cf61119b0337d1d47f7b58,artifacts/da_plcbf/actuator-diagnostics-20260906/v1/matched-factorial-common-states-v1/2fa41a43fb8f864dec4db97ecbfbe4ad5a2f327c4615cfad27686d5cdbb102ba/common_state_report.json,ea5ad86795e142eb395ff7e0fd24d74b0a390c9a05e6a02f1bbcb15d3917c5cc,1a2cf65bb1eef44ff812aef4ad0e11c57a4247a425e5ca43ca8838940353dc72
matched_factorial,2fa41a43fb8f864dec4db97ecbfbe4ad5a2f327c4615cfad27686d5cdbb102ba,structured_61001,eta1_lag1_extra0,A_BAL,primary,2.8,adaptive,both_succeed,1.1447203159332275,1.144720196723938,-1.1920928955078125e-07,0.0,fee909669d6506ffd84ff97f8ab16f5105dcd0c672cf61119b0337d1d47f7b58,artifacts/da_plcbf/actuator-diagnostics-20260906/v1/matched-factorial-common-states-v1/2fa41a43fb8f864dec4db97ecbfbe4ad5a2f327c4615cfad27686d5cdbb102ba/common_state_report.json,ea5ad86795e142eb395ff7e0fd24d74b0a390c9a05e6a02f1bbcb15d3917c5cc,1a2cf65bb1eef44ff812aef4ad0e11c57a4247a425e5ca43ca8838940353dc72
matched_factorial,5a025bd368ed1f4728ba53df4c588632e6795901802e12b4ff2f477065203936,structured_61001,eta1_lag2_extra0,A_BAL,primary,2.0,frozen,both_succeed,1.145623803138733,1.145623803138733,0.0,0.0,1c3f33f75f22de326060b0a3404689eca0490accad32eabdc29922a70ad570aa,artifacts/da_plcbf/actuator-diagnostics-20260906/v1/matched-factorial-common-states-v1/5a025bd368ed1f4728ba53df4c588632e6795901802e12b4ff2f477065203936/common_state_report.json,63a669ce5805e159c9ffdcb03d327235d8ee320ae02ef19237147ab253336cc9,915030c13b38c9175cabc7019b0ebc456b069c19291de1bf20eae0a2457fbde2
matched_factorial,5a025bd368ed1f4728ba53df4c588632e6795901802e12b4ff2f477065203936,structured_61001,eta1_lag2_extra0,A_BAL,primary,2.0,adaptive,both_succeed,1.145623803138733,1.145623803138733,0.0,0.0,1c3f33f75f22de326060b0a3404689eca0490accad32eabdc29922a70ad570aa,artifacts/da_plcbf/actuator-diagnostics-20260906/v1/matched-factorial-common-states-v1/5a025bd368ed1f4728ba53df4c588632e6795901802e12b4ff2f477065203936/common_state_report.json,63a669ce5805e159c9ffdcb03d327235d8ee320ae02ef19237147ab253336cc9,915030c13b38c9175cabc7019b0ebc456b069c19291de1bf20eae0a2457fbde2
matched_factorial,5a025bd368ed1f4728ba53df4c588632e6795901802e12b4ff2f477065203936,structured_61001,eta1_lag2_extra0,A_BAL,primary,2.4,frozen,both_succeed,1.1454014778137207,1.1454015970230103,1.1920928955078125e-07,1.1920928955078125e-07,0fdd42039e89afe4151fd2c78694bbe3baa189d8143a9a303dce8d22540d2262,artifacts/da_plcbf/actuator-diagnostics-20260906/v1/matched-factorial-common-states-v1/5a025bd368ed1f4728ba53df4c588632e6795901802e12b4ff2f477065203936/common_state_report.json,63a669ce5805e159c9ffdcb03d327235d8ee320ae02ef19237147ab253336cc9,915030c13b38c9175cabc7019b0ebc456b069c19291de1bf20eae0a2457fbde2
matched_factorial,5a025bd368ed1f4728ba53df4c588632e6795901802e12b4ff2f477065203936,structured_61001,eta1_lag2_extra0,A_BAL,primary,2.4,adaptive,both_succeed,1.1454014778137207,1.1454015970230103,1.1920928955078125e-07,1.1920928955078125e-07,0fdd42039e89afe4151fd2c78694bbe3baa189d8143a9a303dce8d22540d2262,artifacts/da_plcbf/actuator-diagnostics-20260906/v1/matched-factorial-common-states-v1/5a025bd368ed1f4728ba53df4c588632e6795901802e12b4ff2f477065203936/common_state_report.json,63a669ce5805e159c9ffdcb03d327235d8ee320ae02ef19237147ab253336cc9,915030c13b38c9175cabc7019b0ebc456b069c19291de1bf20eae0a2457fbde2
matched_factorial,5a025bd368ed1f4728ba53df4c588632e6795901802e12b4ff2f477065203936,structured_61001,eta1_lag2_extra0,A_BAL,primary,2.8,frozen,both_succeed,1.1447231769561768,1.1447234153747559,2.384185791015625e-07,2.384185791015625e-07,c553cd5e8afce949be84f01542bf7f47e98fc53a2b6b81631e9840fe17b800ee,artifacts/da_plcbf/actuator-diagnostics-20260906/v1/matched-factorial-common-states-v1/5a025bd368ed1f4728ba53df4c588632e6795901802e12b4ff2f477065203936/common_state_report.json,63a669ce5805e159c9ffdcb03d327235d8ee320ae02ef19237147ab253336cc9,915030c13b38c9175cabc7019b0ebc456b069c19291de1bf20eae0a2457fbde2
matched_factorial,5a025bd368ed1f4728ba53df4c588632e6795901802e12b4ff2f477065203936,structured_61001,eta1_lag2_extra0,A_BAL,primary,2.8,adaptive,both_succeed,1.1447231769561768,1.1447234153747559,2.384185791015625e-07,2.384185791015625e-07,c553cd5e8afce949be84f01542bf7f47e98fc53a2b6b81631e9840fe17b800ee,artifacts/da_plcbf/actuator-diagnostics-20260906/v1/matched-factorial-common-states-v1/5a025bd368ed1f4728ba53df4c588632e6795901802e12b4ff2f477065203936/common_state_report.json,63a669ce5805e159c9ffdcb03d327235d8ee320ae02ef19237147ab253336cc9,915030c13b38c9175cabc7019b0ebc456b069c19291de1bf20eae0a2457fbde2
matched_factorial,0fac678775f628fc21ea789437fdd42f4e8110ef09e67f1f2d494146c6a134cc,structured_61001,eta1_lag2_extra1.6,A_BAL,primary,0.4,frozen,both_succeed,1.1493456363677979,1.1493456363677979,0.0,0.0,da7d5ffb05929e3be481772f3ee5b10bd1b9a26c9611751f3785ebb5e2721c41,artifacts/da_plcbf/actuator-diagnostics-20260906/v1/matched-factorial-common-states-v1/0fac678775f628fc21ea789437fdd42f4e8110ef09e67f1f2d494146c6a134cc/common_state_report.json,a7ed66797ceb45bb6d1085f57ece4ae51620853c2827998b5db1c42fb2389485,d3f8e9fbf91bb040530bf9d9b9eb099bdd5cbaf274dd258c1f8e3b29f32bddc4
matched_factorial,0fac678775f628fc21ea789437fdd42f4e8110ef09e67f1f2d494146c6a134cc,structured_61001,eta1_lag2_extra1.6,A_BAL,primary,0.4,adaptive,both_succeed,1.1493456363677979,1.1493456363677979,0.0,0.0,da7d5ffb05929e3be481772f3ee5b10bd1b9a26c9611751f3785ebb5e2721c41,artifacts/da_plcbf/actuator-diagnostics-20260906/v1/matched-factorial-common-states-v1/0fac678775f628fc21ea789437fdd42f4e8110ef09e67f1f2d494146c6a134cc/common_state_report.json,a7ed66797ceb45bb6d1085f57ece4ae51620853c2827998b5db1c42fb2389485,d3f8e9fbf91bb040530bf9d9b9eb099bdd5cbaf274dd258c1f8e3b29f32bddc4
matched_factorial,0fac678775f628fc21ea789437fdd42f4e8110ef09e67f1f2d494146c6a134cc,structured_61001,eta1_lag2_extra1.6,A_BAL,primary,0.8,frozen,both_succeed,1.1515125036239624,1.1521390676498413,0.0006265640258789062,0.0006265640258789062,a701a12856295bed2b457d951518173086c086e5149ed90c7821bf5501b307c7,artifacts/da_plcbf/actuator-diagnostics-20260906/v1/matched-factorial-common-states-v1/0fac678775f628fc21ea789437fdd42f4e8110ef09e67f1f2d494146c6a134cc/common_state_report.json,a7ed66797ceb45bb6d1085f57ece4ae51620853c2827998b5db1c42fb2389485,d3f8e9fbf91bb040530bf9d9b9eb099bdd5cbaf274dd258c1f8e3b29f32bddc4
matched_factorial,0fac678775f628fc21ea789437fdd42f4e8110ef09e67f1f2d494146c6a134cc,structured_61001,eta1_lag2_extra1.6,A_BAL,primary,0.8,adaptive,both_succeed,1.1515125036239624,1.1521390676498413,0.0006265640258789062,0.0006265640258789062,a701a12856295bed2b457d951518173086c086e5149ed90c7821bf5501b307c7,artifacts/da_plcbf/actuator-diagnostics-20260906/v1/matched-factorial-common-states-v1/0fac678775f628fc21ea789437fdd42f4e8110ef09e67f1f2d494146c6a134cc/common_state_report.json,a7ed66797ceb45bb6d1085f57ece4ae51620853c2827998b5db1c42fb2389485,d3f8e9fbf91bb040530bf9d9b9eb099bdd5cbaf274dd258c1f8e3b29f32bddc4
matched_factorial,0fac678775f628fc21ea789437fdd42f4e8110ef09e67f1f2d494146c6a134cc,structured_61001,eta1_lag2_extra1.6,A_BAL,primary,1.2000000000000002,frozen,both_succeed,1.1477917432785034,1.1477967500686646,5.0067901611328125e-06,5.0067901611328125e-06,7189f15ada3da3523b207598b83abf578f5a313a4e85713d30d82b31f4c39390,artifacts/da_plcbf/actuator-diagnostics-20260906/v1/matched-factorial-common-states-v1/0fac678775f628fc21ea789437fdd42f4e8110ef09e67f1f2d494146c6a134cc/common_state_report.json,a7ed66797ceb45bb6d1085f57ece4ae51620853c2827998b5db1c42fb2389485,d3f8e9fbf91bb040530bf9d9b9eb099bdd5cbaf274dd258c1f8e3b29f32bddc4
matched_factorial,0fac678775f628fc21ea789437fdd42f4e8110ef09e67f1f2d494146c6a134cc,structured_61001,eta1_lag2_extra1.6,A_BAL,primary,1.2000000000000002,adaptive,both_succeed,1.1477917432785034,1.1477967500686646,5.0067901611328125e-06,5.0067901611328125e-06,7189f15ada3da3523b207598b83abf578f5a313a4e85713d30d82b31f4c39390,artifacts/da_plcbf/actuator-diagnostics-20260906/v1/matched-factorial-common-states-v1/0fac678775f628fc21ea789437fdd42f4e8110ef09e67f1f2d494146c6a134cc/common_state_report.json,a7ed66797ceb45bb6d1085f57ece4ae51620853c2827998b5db1c42fb2389485,d3f8e9fbf91bb040530bf9d9b9eb099bdd5cbaf274dd258c1f8e3b29f32bddc4
fresh_validation,4cb88dc62a65c31ebfe83bdeba47a76f4bbb1c6e47be90d85530e887a76ded7a,navigation_62101,eta0.7_lag1_extra0,A_BAL,primary,2.0,frozen,both_succeed,0.9139994382858276,0.9139994382858276,0.0,0.0,63d4b4b5fd51f121bded25bac51d58068b75b588c3648d3753ab698201aba8f4,artifacts/da_plcbf/actuator-diagnostics-20260906/v1/fresh-validation-common-states-v1/4cb88dc62a65c31ebfe83bdeba47a76f4bbb1c6e47be90d85530e887a76ded7a/common_state_report.json,03c3d52ba7963fdfd42335d4ba23c4638acc2bd065f9014c3352d6950175017d,7777e81a7dd16ad211ca5c5c437d841eae4612f7728329bf0b173e1fbf09fdee
fresh_validation,4cb88dc62a65c31ebfe83bdeba47a76f4bbb1c6e47be90d85530e887a76ded7a,navigation_62101,eta0.7_lag1_extra0,A_BAL,primary,2.0,adaptive,both_succeed,0.9139994382858276,0.9139994382858276,0.0,0.0,63d4b4b5fd51f121bded25bac51d58068b75b588c3648d3753ab698201aba8f4,artifacts/da_plcbf/actuator-diagnostics-20260906/v1/fresh-validation-common-states-v1/4cb88dc62a65c31ebfe83bdeba47a76f4bbb1c6e47be90d85530e887a76ded7a/common_state_report.json,03c3d52ba7963fdfd42335d4ba23c4638acc2bd065f9014c3352d6950175017d,7777e81a7dd16ad211ca5c5c437d841eae4612f7728329bf0b173e1fbf09fdee
fresh_validation,4cb88dc62a65c31ebfe83bdeba47a76f4bbb1c6e47be90d85530e887a76ded7a,navigation_62101,eta0.7_lag1_extra0,A_BAL,primary,2.4,frozen,both_succeed,1.3207401037216187,1.315290093421936,-0.005450010299682617,0.0,50e30bcad80fe3ce42b84c133950297b80cbdec43b171747c0d052923a7182e2,artifacts/da_plcbf/actuator-diagnostics-20260906/v1/fresh-validation-common-states-v1/4cb88dc62a65c31ebfe83bdeba47a76f4bbb1c6e47be90d85530e887a76ded7a/common_state_report.json,03c3d52ba7963fdfd42335d4ba23c4638acc2bd065f9014c3352d6950175017d,7777e81a7dd16ad211ca5c5c437d841eae4612f7728329bf0b173e1fbf09fdee
fresh_validation,4cb88dc62a65c31ebfe83bdeba47a76f4bbb1c6e47be90d85530e887a76ded7a,navigation_62101,eta0.7_lag1_extra0,A_BAL,primary,2.4,adaptive,both_succeed,1.3207401037216187,1.315290093421936,-0.005450010299682617,0.0,50e30bcad80fe3ce42b84c133950297b80cbdec43b171747c0d052923a7182e2,artifacts/da_plcbf/actuator-diagnostics-20260906/v1/fresh-validation-common-states-v1/4cb88dc62a65c31ebfe83bdeba47a76f4bbb1c6e47be90d85530e887a76ded7a/common_state_report.json,03c3d52ba7963fdfd42335d4ba23c4638acc2bd065f9014c3352d6950175017d,7777e81a7dd16ad211ca5c5c437d841eae4612f7728329bf0b173e1fbf09fdee
fresh_validation,4cb88dc62a65c31ebfe83bdeba47a76f4bbb1c6e47be90d85530e887a76ded7a,navigation_62101,eta0.7_lag1_extra0,A_BAL,primary,2.8,frozen,both_succeed,1.1914894580841064,1.1917524337768555,0.00026297569274902344,0.00026297569274902344,8f2cc1948fdd13bbe8fa4a5446877bc41e53aeeada0dd0a445e16e9f6e3a0c67,artifacts/da_plcbf/actuator-diagnostics-20260906/v1/fresh-validation-common-states-v1/4cb88dc62a65c31ebfe83bdeba47a76f4bbb1c6e47be90d85530e887a76ded7a/common_state_report.json,03c3d52ba7963fdfd42335d4ba23c4638acc2bd065f9014c3352d6950175017d,7777e81a7dd16ad211ca5c5c437d841eae4612f7728329bf0b173e1fbf09fdee
fresh_validation,4cb88dc62a65c31ebfe83bdeba47a76f4bbb1c6e47be90d85530e887a76ded7a,navigation_62101,eta0.7_lag1_extra0,A_BAL,primary,2.8,adaptive,both_succeed,1.1914894580841064,1.1917524337768555,0.00026297569274902344,0.00026297569274902344,8f2cc1948fdd13bbe8fa4a5446877bc41e53aeeada0dd0a445e16e9f6e3a0c67,artifacts/da_plcbf/actuator-diagnostics-20260906/v1/fresh-validation-common-states-v1/4cb88dc62a65c31ebfe83bdeba47a76f4bbb1c6e47be90d85530e887a76ded7a/common_state_report.json,03c3d52ba7963fdfd42335d4ba23c4638acc2bd065f9014c3352d6950175017d,7777e81a7dd16ad211ca5c5c437d841eae4612f7728329bf0b173e1fbf09fdee
fresh_validation,2860fa67cab712abc9ee276d061a9d1421063c4f45d2c98c2ba2995f41371267,navigation_62101,eta0.7_lag1_extra0,PD_A,primary,2.0,frozen,adaptation_alone_succeeds,0.8910720348358154,0.8910720348358154,0.0,0.0,63d4b4b5fd51f121bded25bac51d58068b75b588c3648d3753ab698201aba8f4,artifacts/da_plcbf/actuator-diagnostics-20260906/v1/fresh-validation-common-states-v1/2860fa67cab712abc9ee276d061a9d1421063c4f45d2c98c2ba2995f41371267/common_state_report.json,a66b43f97ec7e760e911d351a0149e1f720cda99c924db535df7f6616ad76c46,7448f1561a49aa8d46122be862afcb8be1f3916ecbd419613fb2ffdeb791b269
fresh_validation,2860fa67cab712abc9ee276d061a9d1421063c4f45d2c98c2ba2995f41371267,navigation_62101,eta0.7_lag1_extra0,PD_A,primary,2.0,adaptive,adaptation_alone_succeeds,0.8910720348358154,0.8910720348358154,0.0,0.0,63d4b4b5fd51f121bded25bac51d58068b75b588c3648d3753ab698201aba8f4,artifacts/da_plcbf/actuator-diagnostics-20260906/v1/fresh-validation-common-states-v1/2860fa67cab712abc9ee276d061a9d1421063c4f45d2c98c2ba2995f41371267/common_state_report.json,a66b43f97ec7e760e911d351a0149e1f720cda99c924db535df7f6616ad76c46,7448f1561a49aa8d46122be862afcb8be1f3916ecbd419613fb2ffdeb791b269
fresh_validation,2860fa67cab712abc9ee276d061a9d1421063c4f45d2c98c2ba2995f41371267,navigation_62101,eta0.7_lag1_extra0,PD_A,primary,2.4,frozen,adaptation_alone_succeeds,1.2954665422439575,1.2978029251098633,0.0023363828659057617,0.0023363828659057617,50e30bcad80fe3ce42b84c133950297b80cbdec43b171747c0d052923a7182e2,artifacts/da_plcbf/actuator-diagnostics-20260906/v1/fresh-validation-common-states-v1/2860fa67cab712abc9ee276d061a9d1421063c4f45d2c98c2ba2995f41371267/common_state_report.json,a66b43f97ec7e760e911d351a0149e1f720cda99c924db535df7f6616ad76c46,7448f1561a49aa8d46122be862afcb8be1f3916ecbd419613fb2ffdeb791b269
fresh_validation,2860fa67cab712abc9ee276d061a9d1421063c4f45d2c98c2ba2995f41371267,navigation_62101,eta0.7_lag1_extra0,PD_A,primary,2.4,adaptive,adaptation_alone_succeeds,1.2954665422439575,1.2978029251098633,0.0023363828659057617,0.0023363828659057617,50e30bcad80fe3ce42b84c133950297b80cbdec43b171747c0d052923a7182e2,artifacts/da_plcbf/actuator-diagnostics-20260906/v1/fresh-validation-common-states-v1/2860fa67cab712abc9ee276d061a9d1421063c4f45d2c98c2ba2995f41371267/common_state_report.json,a66b43f97ec7e760e911d351a0149e1f720cda99c924db535df7f6616ad76c46,7448f1561a49aa8d46122be862afcb8be1f3916ecbd419613fb2ffdeb791b269
fresh_validation,2860fa67cab712abc9ee276d061a9d1421063c4f45d2c98c2ba2995f41371267,navigation_62101,eta0.7_lag1_extra0,PD_A,primary,2.8,frozen,adaptation_alone_succeeds,1.1935430765151978,1.1936757564544678,0.00013267993927001953,0.00013267993927001953,8f2cc1948fdd13bbe8fa4a5446877bc41e53aeeada0dd0a445e16e9f6e3a0c67,artifacts/da_plcbf/actuator-diagnostics-20260906/v1/fresh-validation-common-states-v1/2860fa67cab712abc9ee276d061a9d1421063c4f45d2c98c2ba2995f41371267/common_state_report.json,a66b43f97ec7e760e911d351a0149e1f720cda99c924db535df7f6616ad76c46,7448f1561a49aa8d46122be862afcb8be1f3916ecbd419613fb2ffdeb791b269
fresh_validation,2860fa67cab712abc9ee276d061a9d1421063c4f45d2c98c2ba2995f41371267,navigation_62101,eta0.7_lag1_extra0,PD_A,primary,2.8,adaptive,adaptation_alone_succeeds,1.1935430765151978,1.1936757564544678,0.00013267993927001953,0.00013267993927001953,8f2cc1948fdd13bbe8fa4a5446877bc41e53aeeada0dd0a445e16e9f6e3a0c67,artifacts/da_plcbf/actuator-diagnostics-20260906/v1/fresh-validation-common-states-v1/2860fa67cab712abc9ee276d061a9d1421063c4f45d2c98c2ba2995f41371267/common_state_report.json,a66b43f97ec7e760e911d351a0149e1f720cda99c924db535df7f6616ad76c46,7448f1561a49aa8d46122be862afcb8be1f3916ecbd419613fb2ffdeb791b269
fresh_validation,e68e7fa7f42db0d89aba53e917752fd616102c649bed7ca174ed05791feaea3f,navigation_62101,eta1_lag1_extra0,A_BAL,primary,2.0,frozen,both_succeed,0.9133837223052979,0.9133837223052979,0.0,0.0,8a7e6e446f6b5b332b72b11bbea20a205e2b9eb6cf209872dca64eca3b4798d0,artifacts/da_plcbf/actuator-diagnostics-20260906/v1/fresh-validation-common-states-v1/e68e7fa7f42db0d89aba53e917752fd616102c649bed7ca174ed05791feaea3f/common_state_report.json,3ba5edc144bfe62f912c120771c1162fe817c53e4946e9ccc89f7f3c8ec558dc,dbad3cd2cbd2028fb0b60b59bbdd8a9989cee4be4b441d0afded99b38782a818
fresh_validation,e68e7fa7f42db0d89aba53e917752fd616102c649bed7ca174ed05791feaea3f,navigation_62101,eta1_lag1_extra0,A_BAL,primary,2.0,adaptive,both_succeed,0.9133837223052979,0.9133837223052979,0.0,0.0,8a7e6e446f6b5b332b72b11bbea20a205e2b9eb6cf209872dca64eca3b4798d0,artifacts/da_plcbf/actuator-diagnostics-20260906/v1/fresh-validation-common-states-v1/e68e7fa7f42db0d89aba53e917752fd616102c649bed7ca174ed05791feaea3f/common_state_report.json,3ba5edc144bfe62f912c120771c1162fe817c53e4946e9ccc89f7f3c8ec558dc,dbad3cd2cbd2028fb0b60b59bbdd8a9989cee4be4b441d0afded99b38782a818
fresh_validation,e68e7fa7f42db0d89aba53e917752fd616102c649bed7ca174ed05791feaea3f,navigation_62101,eta1_lag1_extra0,A_BAL,primary,2.4,frozen,both_succeed,1.4345744848251343,1.4336555004119873,-0.0009189844131469727,0.0,b172c9e7f352151fffa71b91f40a9ee3aab543ffb57e1f39afbf473b23d8c558,artifacts/da_plcbf/actuator-diagnostics-20260906/v1/fresh-validation-common-states-v1/e68e7fa7f42db0d89aba53e917752fd616102c649bed7ca174ed05791feaea3f/common_state_report.json,3ba5edc144bfe62f912c120771c1162fe817c53e4946e9ccc89f7f3c8ec558dc,dbad3cd2cbd2028fb0b60b59bbdd8a9989cee4be4b441d0afded99b38782a818
fresh_validation,e68e7fa7f42db0d89aba53e917752fd616102c649bed7ca174ed05791feaea3f,navigation_62101,eta1_lag1_extra0,A_BAL,primary,2.4,adaptive,both_succeed,1.4345744848251343,1.4336555004119873,-0.0009189844131469727,0.0,b172c9e7f352151fffa71b91f40a9ee3aab543ffb57e1f39afbf473b23d8c558,artifacts/da_plcbf/actuator-diagnostics-20260906/v1/fresh-validation-common-states-v1/e68e7fa7f42db0d89aba53e917752fd616102c649bed7ca174ed05791feaea3f/common_state_report.json,3ba5edc144bfe62f912c120771c1162fe817c53e4946e9ccc89f7f3c8ec558dc,dbad3cd2cbd2028fb0b60b59bbdd8a9989cee4be4b441d0afded99b38782a818
fresh_validation,e68e7fa7f42db0d89aba53e917752fd616102c649bed7ca174ed05791feaea3f,navigation_62101,eta1_lag1_extra0,A_BAL,primary,2.8,frozen,both_succeed,1.0307071208953857,1.0303986072540283,-0.0003085136413574219,0.0,441e0400d64cd7b6454941f11eea33a6303dda44af3cba067df74e4540d2910f,artifacts/da_plcbf/actuator-diagnostics-20260906/v1/fresh-validation-common-states-v1/e68e7fa7f42db0d89aba53e917752fd616102c649bed7ca174ed05791feaea3f/common_state_report.json,3ba5edc144bfe62f912c120771c1162fe817c53e4946e9ccc89f7f3c8ec558dc,dbad3cd2cbd2028fb0b60b59bbdd8a9989cee4be4b441d0afded99b38782a818
fresh_validation,e68e7fa7f42db0d89aba53e917752fd616102c649bed7ca174ed05791feaea3f,navigation_62101,eta1_lag1_extra0,A_BAL,primary,2.8,adaptive,both_succeed,1.0307071208953857,1.0303986072540283,-0.0003085136413574219,0.0,441e0400d64cd7b6454941f11eea33a6303dda44af3cba067df74e4540d2910f,artifacts/da_plcbf/actuator-diagnostics-20260906/v1/fresh-validation-common-states-v1/e68e7fa7f42db0d89aba53e917752fd616102c649bed7ca174ed05791feaea3f/common_state_report.json,3ba5edc144bfe62f912c120771c1162fe817c53e4946e9ccc89f7f3c8ec558dc,dbad3cd2cbd2028fb0b60b59bbdd8a9989cee4be4b441d0afded99b38782a818
fresh_validation,3297590fad7aa3b3185c4935ef0c85c6b9578ea2112546223dc8ce56ceff23d7,navigation_62101,eta1_lag1_extra0,PD_A,primary,2.0,frozen,both_succeed,0.8983821868896484,0.8983821868896484,0.0,0.0,8a7e6e446f6b5b332b72b11bbea20a205e2b9eb6cf209872dca64eca3b4798d0,artifacts/da_plcbf/actuator-diagnostics-20260906/v1/fresh-validation-common-states-v1/3297590fad7aa3b3185c4935ef0c85c6b9578ea2112546223dc8ce56ceff23d7/common_state_report.json,ff4fc9fbda0e35dcd9a36752db1976491ef1af6fc1af52b7c8a78a5020360bc7,a2fb7547ec4111d0c4bf15ea5c8c033b24679169182c305453a1a24240c1acda
fresh_validation,3297590fad7aa3b3185c4935ef0c85c6b9578ea2112546223dc8ce56ceff23d7,navigation_62101,eta1_lag1_extra0,PD_A,primary,2.0,adaptive,both_succeed,0.8983821868896484,0.8983821868896484,0.0,0.0,8a7e6e446f6b5b332b72b11bbea20a205e2b9eb6cf209872dca64eca3b4798d0,artifacts/da_plcbf/actuator-diagnostics-20260906/v1/fresh-validation-common-states-v1/3297590fad7aa3b3185c4935ef0c85c6b9578ea2112546223dc8ce56ceff23d7/common_state_report.json,ff4fc9fbda0e35dcd9a36752db1976491ef1af6fc1af52b7c8a78a5020360bc7,a2fb7547ec4111d0c4bf15ea5c8c033b24679169182c305453a1a24240c1acda
fresh_validation,3297590fad7aa3b3185c4935ef0c85c6b9578ea2112546223dc8ce56ceff23d7,navigation_62101,eta1_lag1_extra0,PD_A,primary,2.4,frozen,both_succeed,1.2357120513916016,1.2356715202331543,-4.0531158447265625e-05,0.0,b172c9e7f352151fffa71b91f40a9ee3aab543ffb57e1f39afbf473b23d8c558,artifacts/da_plcbf/actuator-diagnostics-20260906/v1/fresh-validation-common-states-v1/3297590fad7aa3b3185c4935ef0c85c6b9578ea2112546223dc8ce56ceff23d7/common_state_report.json,ff4fc9fbda0e35dcd9a36752db1976491ef1af6fc1af52b7c8a78a5020360bc7,a2fb7547ec4111d0c4bf15ea5c8c033b24679169182c305453a1a24240c1acda
fresh_validation,3297590fad7aa3b3185c4935ef0c85c6b9578ea2112546223dc8ce56ceff23d7,navigation_62101,eta1_lag1_extra0,PD_A,primary,2.4,adaptive,both_succeed,1.2357120513916016,1.2356715202331543,-4.0531158447265625e-05,0.0,b172c9e7f352151fffa71b91f40a9ee3aab543ffb57e1f39afbf473b23d8c558,artifacts/da_plcbf/actuator-diagnostics-20260906/v1/fresh-validation-common-states-v1/3297590fad7aa3b3185c4935ef0c85c6b9578ea2112546223dc8ce56ceff23d7/common_state_report.json,ff4fc9fbda0e35dcd9a36752db1976491ef1af6fc1af52b7c8a78a5020360bc7,a2fb7547ec4111d0c4bf15ea5c8c033b24679169182c305453a1a24240c1acda
fresh_validation,3297590fad7aa3b3185c4935ef0c85c6b9578ea2112546223dc8ce56ceff23d7,navigation_62101,eta1_lag1_extra0,PD_A,primary,2.8,frozen,both_succeed,1.0359573364257812,1.035949945449829,-7.3909759521484375e-06,0.0,441e0400d64cd7b6454941f11eea33a6303dda44af3cba067df74e4540d2910f,artifacts/da_plcbf/actuator-diagnostics-20260906/v1/fresh-validation-common-states-v1/3297590fad7aa3b3185c4935ef0c85c6b9578ea2112546223dc8ce56ceff23d7/common_state_report.json,ff4fc9fbda0e35dcd9a36752db1976491ef1af6fc1af52b7c8a78a5020360bc7,a2fb7547ec4111d0c4bf15ea5c8c033b24679169182c305453a1a24240c1acda
fresh_validation,3297590fad7aa3b3185c4935ef0c85c6b9578ea2112546223dc8ce56ceff23d7,navigation_62101,eta1_lag1_extra0,PD_A,primary,2.8,adaptive,both_succeed,1.0359573364257812,1.035949945449829,-7.3909759521484375e-06,0.0,441e0400d64cd7b6454941f11eea33a6303dda44af3cba067df74e4540d2910f,artifacts/da_plcbf/actuator-diagnostics-20260906/v1/fresh-validation-common-states-v1/3297590fad7aa3b3185c4935ef0c85c6b9578ea2112546223dc8ce56ceff23d7/common_state_report.json,ff4fc9fbda0e35dcd9a36752db1976491ef1af6fc1af52b7c8a78a5020360bc7,a2fb7547ec4111d0c4bf15ea5c8c033b24679169182c305453a1a24240c1acda
fresh_validation,a8f2d7f21fcb6760e6e2882bdddfc8641477b182502a23caf1674a8202ec4651,navigation_62102,eta0.7_lag1_extra0,A_BAL,primary,2.0,frozen,both_succeed,1.5451934337615967,1.5451934337615967,0.0,0.0,efe9001ab84559a06d56441f88f81b397eb04e0ca534752aa8b37fccdea105d5,artifacts/da_plcbf/actuator-diagnostics-20260906/v1/fresh-validation-common-states-v1/a8f2d7f21fcb6760e6e2882bdddfc8641477b182502a23caf1674a8202ec4651/common_state_report.json,a6f39f5aa0edcd7f2fd01aa6297bd9aae666bbc1d0c7f7e9b453cdc3584785b3,95fb279f01be3df7a69517957be9cfd1db528080586847e5e8a05e8798e06302
fresh_validation,a8f2d7f21fcb6760e6e2882bdddfc8641477b182502a23caf1674a8202ec4651,navigation_62102,eta0.7_lag1_extra0,A_BAL,primary,2.0,adaptive,both_succeed,1.5451934337615967,1.5451934337615967,0.0,0.0,efe9001ab84559a06d56441f88f81b397eb04e0ca534752aa8b37fccdea105d5,artifacts/da_plcbf/actuator-diagnostics-20260906/v1/fresh-validation-common-states-v1/a8f2d7f21fcb6760e6e2882bdddfc8641477b182502a23caf1674a8202ec4651/common_state_report.json,a6f39f5aa0edcd7f2fd01aa6297bd9aae666bbc1d0c7f7e9b453cdc3584785b3,95fb279f01be3df7a69517957be9cfd1db528080586847e5e8a05e8798e06302
fresh_validation,a8f2d7f21fcb6760e6e2882bdddfc8641477b182502a23caf1674a8202ec4651,navigation_62102,eta0.7_lag1_extra0,A_BAL,primary,2.4,frozen,both_succeed,1.737874984741211,1.7394535541534424,0.0015785694122314453,0.0015785694122314453,c4608871388fab02140ebbb3dfbaf2469c220413e8db7a99ce328c68f5e94eeb,artifacts/da_plcbf/actuator-diagnostics-20260906/v1/fresh-validation-common-states-v1/a8f2d7f21fcb6760e6e2882bdddfc8641477b182502a23caf1674a8202ec4651/common_state_report.json,a6f39f5aa0edcd7f2fd01aa6297bd9aae666bbc1d0c7f7e9b453cdc3584785b3,95fb279f01be3df7a69517957be9cfd1db528080586847e5e8a05e8798e06302
fresh_validation,a8f2d7f21fcb6760e6e2882bdddfc8641477b182502a23caf1674a8202ec4651,navigation_62102,eta0.7_lag1_extra0,A_BAL,primary,2.4,adaptive,both_succeed,1.737874984741211,1.7394535541534424,0.0015785694122314453,0.0015785694122314453,c4608871388fab02140ebbb3dfbaf2469c220413e8db7a99ce328c68f5e94eeb,artifacts/da_plcbf/actuator-diagnostics-20260906/v1/fresh-validation-common-states-v1/a8f2d7f21fcb6760e6e2882bdddfc8641477b182502a23caf1674a8202ec4651/common_state_report.json,a6f39f5aa0edcd7f2fd01aa6297bd9aae666bbc1d0c7f7e9b453cdc3584785b3,95fb279f01be3df7a69517957be9cfd1db528080586847e5e8a05e8798e06302
fresh_validation,a8f2d7f21fcb6760e6e2882bdddfc8641477b182502a23caf1674a8202ec4651,navigation_62102,eta0.7_lag1_extra0,A_BAL,primary,2.8,frozen,both_succeed,1.834561824798584,1.8106610774993896,-0.023900747299194336,0.0,448b7d6508298616a5571a3887c0e58e0d3c34f8d299645f49eaea992c1ccaa7,artifacts/da_plcbf/actuator-diagnostics-20260906/v1/fresh-validation-common-states-v1/a8f2d7f21fcb6760e6e2882bdddfc8641477b182502a23caf1674a8202ec4651/common_state_report.json,a6f39f5aa0edcd7f2fd01aa6297bd9aae666bbc1d0c7f7e9b453cdc3584785b3,95fb279f01be3df7a69517957be9cfd1db528080586847e5e8a05e8798e06302
fresh_validation,a8f2d7f21fcb6760e6e2882bdddfc8641477b182502a23caf1674a8202ec4651,navigation_62102,eta0.7_lag1_extra0,A_BAL,primary,2.8,adaptive,both_succeed,1.834561824798584,1.8106610774993896,-0.023900747299194336,0.0,448b7d6508298616a5571a3887c0e58e0d3c34f8d299645f49eaea992c1ccaa7,artifacts/da_plcbf/actuator-diagnostics-20260906/v1/fresh-validation-common-states-v1/a8f2d7f21fcb6760e6e2882bdddfc8641477b182502a23caf1674a8202ec4651/common_state_report.json,a6f39f5aa0edcd7f2fd01aa6297bd9aae666bbc1d0c7f7e9b453cdc3584785b3,95fb279f01be3df7a69517957be9cfd1db528080586847e5e8a05e8798e06302
fresh_validation,647099cbb3b7f528c584f2a832b2dcd79b27b19585f8a7348c432eff53f0978d,navigation_62102,eta0.7_lag1_extra0,PD_A,primary,2.0,frozen,both_fail,1.4216687679290771,1.4216687679290771,0.0,0.0,efe9001ab84559a06d56441f88f81b397eb04e0ca534752aa8b37fccdea105d5,artifacts/da_plcbf/actuator-diagnostics-20260906/v1/fresh-validation-common-states-v1/647099cbb3b7f528c584f2a832b2dcd79b27b19585f8a7348c432eff53f0978d/common_state_report.json,a2209b822a993c345887260c9161ae1ae1184e6f86c82edf7622305db991beaa,3995a0310297fae771b61e69fa6ede2c1bf4238d91ef071e6f50933deb08a316
fresh_validation,647099cbb3b7f528c584f2a832b2dcd79b27b19585f8a7348c432eff53f0978d,navigation_62102,eta0.7_lag1_extra0,PD_A,primary,2.0,adaptive,both_fail,1.4216687679290771,1.4216687679290771,0.0,0.0,efe9001ab84559a06d56441f88f81b397eb04e0ca534752aa8b37fccdea105d5,artifacts/da_plcbf/actuator-diagnostics-20260906/v1/fresh-validation-common-states-v1/647099cbb3b7f528c584f2a832b2dcd79b27b19585f8a7348c432eff53f0978d/common_state_report.json,a2209b822a993c345887260c9161ae1ae1184e6f86c82edf7622305db991beaa,3995a0310297fae771b61e69fa6ede2c1bf4238d91ef071e6f50933deb08a316
fresh_validation,647099cbb3b7f528c584f2a832b2dcd79b27b19585f8a7348c432eff53f0978d,navigation_62102,eta0.7_lag1_extra0,PD_A,primary,2.4,frozen,both_fail,1.700150966644287,1.7003509998321533,0.00020003318786621094,0.00020003318786621094,7bd56f45517aa5e540ec3c4ea3d03d3adc298cf5650f72e3abd80b6eca3feceb,artifacts/da_plcbf/actuator-diagnostics-20260906/v1/fresh-validation-common-states-v1/647099cbb3b7f528c584f2a832b2dcd79b27b19585f8a7348c432eff53f0978d/common_state_report.json,a2209b822a993c345887260c9161ae1ae1184e6f86c82edf7622305db991beaa,3995a0310297fae771b61e69fa6ede2c1bf4238d91ef071e6f50933deb08a316
fresh_validation,647099cbb3b7f528c584f2a832b2dcd79b27b19585f8a7348c432eff53f0978d,navigation_62102,eta0.7_lag1_extra0,PD_A,primary,2.4,adaptive,both_fail,1.700150966644287,1.7003509998321533,0.00020003318786621094,0.00020003318786621094,7bd56f45517aa5e540ec3c4ea3d03d3adc298cf5650f72e3abd80b6eca3feceb,artifacts/da_plcbf/actuator-diagnostics-20260906/v1/fresh-validation-common-states-v1/647099cbb3b7f528c584f2a832b2dcd79b27b19585f8a7348c432eff53f0978d/common_state_report.json,a2209b822a993c345887260c9161ae1ae1184e6f86c82edf7622305db991beaa,3995a0310297fae771b61e69fa6ede2c1bf4238d91ef071e6f50933deb08a316
fresh_validation,647099cbb3b7f528c584f2a832b2dcd79b27b19585f8a7348c432eff53f0978d,navigation_62102,eta0.7_lag1_extra0,PD_A,primary,2.8,frozen,both_fail,1.909508228302002,1.909508228302002,0.0,0.0,467fb7680872846db003e33bc3cb3c8ecfc8afb11bef443539080c7987c362dd,artifacts/da_plcbf/actuator-diagnostics-20260906/v1/fresh-validation-common-states-v1/647099cbb3b7f528c584f2a832b2dcd79b27b19585f8a7348c432eff53f0978d/common_state_report.json,a2209b822a993c345887260c9161ae1ae1184e6f86c82edf7622305db991beaa,3995a0310297fae771b61e69fa6ede2c1bf4238d91ef071e6f50933deb08a316
fresh_validation,647099cbb3b7f528c584f2a832b2dcd79b27b19585f8a7348c432eff53f0978d,navigation_62102,eta0.7_lag1_extra0,PD_A,primary,2.8,adaptive,both_fail,1.909508228302002,1.909508228302002,0.0,0.0,467fb7680872846db003e33bc3cb3c8ecfc8afb11bef443539080c7987c362dd,artifacts/da_plcbf/actuator-diagnostics-20260906/v1/fresh-validation-common-states-v1/647099cbb3b7f528c584f2a832b2dcd79b27b19585f8a7348c432eff53f0978d/common_state_report.json,a2209b822a993c345887260c9161ae1ae1184e6f86c82edf7622305db991beaa,3995a0310297fae771b61e69fa6ede2c1bf4238d91ef071e6f50933deb08a316
fresh_validation,f784d98c0418e88560d6738bbfe0c21743433e561ecb6f86a3f5696ff5b28c2c,navigation_62102,eta1_lag1_extra0,A_BAL,primary,2.0,frozen,both_succeed,1.7336084842681885,1.7336084842681885,0.0,0.0,e5d02d027b4c932241b071877b0c94de4d68e157c145242abd810d72d1233e90,artifacts/da_plcbf/actuator-diagnostics-20260906/v1/fresh-validation-common-states-v1/f784d98c0418e88560d6738bbfe0c21743433e561ecb6f86a3f5696ff5b28c2c/common_state_report.json,372b5b705fb0ab4f3035bfafdebf78a33f741aab9391b3a70b663dad59109a0b,77ef063ba833c6045925bfca95337096ce4782d6ea55cc58b8a28331d9f2fc3f
fresh_validation,f784d98c0418e88560d6738bbfe0c21743433e561ecb6f86a3f5696ff5b28c2c,navigation_62102,eta1_lag1_extra0,A_BAL,primary,2.0,adaptive,both_succeed,1.7336084842681885,1.7336084842681885,0.0,0.0,e5d02d027b4c932241b071877b0c94de4d68e157c145242abd810d72d1233e90,artifacts/da_plcbf/actuator-diagnostics-20260906/v1/fresh-validation-common-states-v1/f784d98c0418e88560d6738bbfe0c21743433e561ecb6f86a3f5696ff5b28c2c/common_state_report.json,372b5b705fb0ab4f3035bfafdebf78a33f741aab9391b3a70b663dad59109a0b,77ef063ba833c6045925bfca95337096ce4782d6ea55cc58b8a28331d9f2fc3f
fresh_validation,f784d98c0418e88560d6738bbfe0c21743433e561ecb6f86a3f5696ff5b28c2c,navigation_62102,eta1_lag1_extra0,A_BAL,primary,2.4,frozen,both_succeed,1.431178331375122,1.4295159578323364,-0.0016623735427856445,0.0,fc4bc814b40461e93600aa9127dcf4ff0711b32c7cdce8fc7963499bdd420454,artifacts/da_plcbf/actuator-diagnostics-20260906/v1/fresh-validation-common-states-v1/f784d98c0418e88560d6738bbfe0c21743433e561ecb6f86a3f5696ff5b28c2c/common_state_report.json,372b5b705fb0ab4f3035bfafdebf78a33f741aab9391b3a70b663dad59109a0b,77ef063ba833c6045925bfca95337096ce4782d6ea55cc58b8a28331d9f2fc3f
fresh_validation,f784d98c0418e88560d6738bbfe0c21743433e561ecb6f86a3f5696ff5b28c2c,navigation_62102,eta1_lag1_extra0,A_BAL,primary,2.4,adaptive,both_succeed,1.431178331375122,1.4295159578323364,-0.0016623735427856445,0.0,fc4bc814b40461e93600aa9127dcf4ff0711b32c7cdce8fc7963499bdd420454,artifacts/da_plcbf/actuator-diagnostics-20260906/v1/fresh-validation-common-states-v1/f784d98c0418e88560d6738bbfe0c21743433e561ecb6f86a3f5696ff5b28c2c/common_state_report.json,372b5b705fb0ab4f3035bfafdebf78a33f741aab9391b3a70b663dad59109a0b,77ef063ba833c6045925bfca95337096ce4782d6ea55cc58b8a28331d9f2fc3f
fresh_validation,f784d98c0418e88560d6738bbfe0c21743433e561ecb6f86a3f5696ff5b28c2c,navigation_62102,eta1_lag1_extra0,A_BAL,primary,2.8,frozen,both_succeed,1.026636004447937,1.0262463092803955,-0.0003896951675415039,0.0,75f5523bb295f36e65e271c700b9be478427775ad822f07199bd74f8a17ec876,artifacts/da_plcbf/actuator-diagnostics-20260906/v1/fresh-validation-common-states-v1/f784d98c0418e88560d6738bbfe0c21743433e561ecb6f86a3f5696ff5b28c2c/common_state_report.json,372b5b705fb0ab4f3035bfafdebf78a33f741aab9391b3a70b663dad59109a0b,77ef063ba833c6045925bfca95337096ce4782d6ea55cc58b8a28331d9f2fc3f
fresh_validation,f784d98c0418e88560d6738bbfe0c21743433e561ecb6f86a3f5696ff5b28c2c,navigation_62102,eta1_lag1_extra0,A_BAL,primary,2.8,adaptive,both_succeed,1.026636004447937,1.0262463092803955,-0.0003896951675415039,0.0,75f5523bb295f36e65e271c700b9be478427775ad822f07199bd74f8a17ec876,artifacts/da_plcbf/actuator-diagnostics-20260906/v1/fresh-validation-common-states-v1/f784d98c0418e88560d6738bbfe0c21743433e561ecb6f86a3f5696ff5b28c2c/common_state_report.json,372b5b705fb0ab4f3035bfafdebf78a33f741aab9391b3a70b663dad59109a0b,77ef063ba833c6045925bfca95337096ce4782d6ea55cc58b8a28331d9f2fc3f
fresh_validation,caebd347443944a5eda26837043d298d2625a602e89c1931bddc68a3cde5f9cd,navigation_62102,eta1_lag1_extra0,PD_A,primary,2.0,frozen,both_succeed,1.3222441673278809,1.3222441673278809,0.0,0.0,e5d02d027b4c932241b071877b0c94de4d68e157c145242abd810d72d1233e90,artifacts/da_plcbf/actuator-diagnostics-20260906/v1/fresh-validation-common-states-v1/caebd347443944a5eda26837043d298d2625a602e89c1931bddc68a3cde5f9cd/common_state_report.json,aa93476745bcec778ec3265c1c116a1fabeea711408753b0183cf53d27d7de68,0014433a24bbd7bf71141b6c1c1847d2a48243c78e05b3e943f71bab70397b11
fresh_validation,caebd347443944a5eda26837043d298d2625a602e89c1931bddc68a3cde5f9cd,navigation_62102,eta1_lag1_extra0,PD_A,primary,2.0,adaptive,both_succeed,1.3222441673278809,1.3222441673278809,0.0,0.0,e5d02d027b4c932241b071877b0c94de4d68e157c145242abd810d72d1233e90,artifacts/da_plcbf/actuator-diagnostics-20260906/v1/fresh-validation-common-states-v1/caebd347443944a5eda26837043d298d2625a602e89c1931bddc68a3cde5f9cd/common_state_report.json,aa93476745bcec778ec3265c1c116a1fabeea711408753b0183cf53d27d7de68,0014433a24bbd7bf71141b6c1c1847d2a48243c78e05b3e943f71bab70397b11
fresh_validation,caebd347443944a5eda26837043d298d2625a602e89c1931bddc68a3cde5f9cd,navigation_62102,eta1_lag1_extra0,PD_A,primary,2.4,frozen,both_succeed,1.6035473346710205,1.6034926176071167,-5.4717063903808594e-05,0.0,fc4bc814b40461e93600aa9127dcf4ff0711b32c7cdce8fc7963499bdd420454,artifacts/da_plcbf/actuator-diagnostics-20260906/v1/fresh-validation-common-states-v1/caebd347443944a5eda26837043d298d2625a602e89c1931bddc68a3cde5f9cd/common_state_report.json,aa93476745bcec778ec3265c1c116a1fabeea711408753b0183cf53d27d7de68,0014433a24bbd7bf71141b6c1c1847d2a48243c78e05b3e943f71bab70397b11
fresh_validation,caebd347443944a5eda26837043d298d2625a602e89c1931bddc68a3cde5f9cd,navigation_62102,eta1_lag1_extra0,PD_A,primary,2.4,adaptive,both_succeed,1.6035473346710205,1.6034926176071167,-5.4717063903808594e-05,0.0,fc4bc814b40461e93600aa9127dcf4ff0711b32c7cdce8fc7963499bdd420454,artifacts/da_plcbf/actuator-diagnostics-20260906/v1/fresh-validation-common-states-v1/caebd347443944a5eda26837043d298d2625a602e89c1931bddc68a3cde5f9cd/common_state_report.json,aa93476745bcec778ec3265c1c116a1fabeea711408753b0183cf53d27d7de68,0014433a24bbd7bf71141b6c1c1847d2a48243c78e05b3e943f71bab70397b11
fresh_validation,caebd347443944a5eda26837043d298d2625a602e89c1931bddc68a3cde5f9cd,navigation_62102,eta1_lag1_extra0,PD_A,primary,2.8,frozen,both_succeed,1.0321847200393677,1.03217613697052,-8.58306884765625e-06,0.0,75f5523bb295f36e65e271c700b9be478427775ad822f07199bd74f8a17ec876,artifacts/da_plcbf/actuator-diagnostics-20260906/v1/fresh-validation-common-states-v1/caebd347443944a5eda26837043d298d2625a602e89c1931bddc68a3cde5f9cd/common_state_report.json,aa93476745bcec778ec3265c1c116a1fabeea711408753b0183cf53d27d7de68,0014433a24bbd7bf71141b6c1c1847d2a48243c78e05b3e943f71bab70397b11
fresh_validation,caebd347443944a5eda26837043d298d2625a602e89c1931bddc68a3cde5f9cd,navigation_62102,eta1_lag1_extra0,PD_A,primary,2.8,adaptive,both_succeed,1.0321847200393677,1.03217613697052,-8.58306884765625e-06,0.0,75f5523bb295f36e65e271c700b9be478427775ad822f07199bd74f8a17ec876,artifacts/da_plcbf/actuator-diagnostics-20260906/v1/fresh-validation-common-states-v1/caebd347443944a5eda26837043d298d2625a602e89c1931bddc68a3cde5f9cd/common_state_report.json,aa93476745bcec778ec3265c1c116a1fabeea711408753b0183cf53d27d7de68,0014433a24bbd7bf71141b6c1c1847d2a48243c78e05b3e943f71bab70397b11
fresh_validation,5a2ebff32de0461a3fd0b8e2db8ef3bff3a660fd9c45021febdd39ca9426c40e,navigation_62103,eta0.7_lag1_extra0,A_BAL,primary,2.0,frozen,both_fail,-0.023546308279037476,-0.023546308279037476,0.0,0.0,a2950f2ca9af290ca2fadbc6253c316bddd91c2341d2826189df4820f9726132,artifacts/da_plcbf/actuator-diagnostics-20260906/v1/fresh-validation-common-states-v1/5a2ebff32de0461a3fd0b8e2db8ef3bff3a660fd9c45021febdd39ca9426c40e/common_state_report.json,9a1c6b057f44916333a3e1556dac31e479cf664b42ac3efea712a0942c0a3047,c467d9c6167797a975757375c8bf0bbb11a84be39c1dea81f27e0cc67376326b
fresh_validation,5a2ebff32de0461a3fd0b8e2db8ef3bff3a660fd9c45021febdd39ca9426c40e,navigation_62103,eta0.7_lag1_extra0,A_BAL,primary,2.0,adaptive,both_fail,-0.023546308279037476,-0.023546308279037476,0.0,0.0,a2950f2ca9af290ca2fadbc6253c316bddd91c2341d2826189df4820f9726132,artifacts/da_plcbf/actuator-diagnostics-20260906/v1/fresh-validation-common-states-v1/5a2ebff32de0461a3fd0b8e2db8ef3bff3a660fd9c45021febdd39ca9426c40e/common_state_report.json,9a1c6b057f44916333a3e1556dac31e479cf664b42ac3efea712a0942c0a3047,c467d9c6167797a975757375c8bf0bbb11a84be39c1dea81f27e0cc67376326b
fresh_validation,5a2ebff32de0461a3fd0b8e2db8ef3bff3a660fd9c45021febdd39ca9426c40e,navigation_62103,eta0.7_lag1_extra0,A_BAL,primary,2.4,frozen,both_fail,0.14607274532318115,0.14552438259124756,-0.0005483627319335938,0.0,cfb29a30134955b12cb26188dc580fdf3b7e84ca02039d2ecff1ae55714df921,artifacts/da_plcbf/actuator-diagnostics-20260906/v1/fresh-validation-common-states-v1/5a2ebff32de0461a3fd0b8e2db8ef3bff3a660fd9c45021febdd39ca9426c40e/common_state_report.json,9a1c6b057f44916333a3e1556dac31e479cf664b42ac3efea712a0942c0a3047,c467d9c6167797a975757375c8bf0bbb11a84be39c1dea81f27e0cc67376326b
fresh_validation,5a2ebff32de0461a3fd0b8e2db8ef3bff3a660fd9c45021febdd39ca9426c40e,navigation_62103,eta0.7_lag1_extra0,A_BAL,primary,2.4,adaptive,both_fail,0.14607274532318115,0.14552438259124756,-0.0005483627319335938,0.0,cfb29a30134955b12cb26188dc580fdf3b7e84ca02039d2ecff1ae55714df921,artifacts/da_plcbf/actuator-diagnostics-20260906/v1/fresh-validation-common-states-v1/5a2ebff32de0461a3fd0b8e2db8ef3bff3a660fd9c45021febdd39ca9426c40e/common_state_report.json,9a1c6b057f44916333a3e1556dac31e479cf664b42ac3efea712a0942c0a3047,c467d9c6167797a975757375c8bf0bbb11a84be39c1dea81f27e0cc67376326b
fresh_validation,5a2ebff32de0461a3fd0b8e2db8ef3bff3a660fd9c45021febdd39ca9426c40e,navigation_62103,eta0.7_lag1_extra0,A_BAL,primary,2.8,frozen,both_fail,0.40059423446655273,0.40059423446655273,0.0,0.0,c21c5cc4323b2730d51066e4649b5d23bd7b34c8510f8a4c0b3ad06fa11833f2,artifacts/da_plcbf/actuator-diagnostics-20260906/v1/fresh-validation-common-states-v1/5a2ebff32de0461a3fd0b8e2db8ef3bff3a660fd9c45021febdd39ca9426c40e/common_state_report.json,9a1c6b057f44916333a3e1556dac31e479cf664b42ac3efea712a0942c0a3047,c467d9c6167797a975757375c8bf0bbb11a84be39c1dea81f27e0cc67376326b
fresh_validation,5a2ebff32de0461a3fd0b8e2db8ef3bff3a660fd9c45021febdd39ca9426c40e,navigation_62103,eta0.7_lag1_extra0,A_BAL,primary,2.8,adaptive,both_fail,0.40059423446655273,0.40059423446655273,0.0,0.0,c21c5cc4323b2730d51066e4649b5d23bd7b34c8510f8a4c0b3ad06fa11833f2,artifacts/da_plcbf/actuator-diagnostics-20260906/v1/fresh-validation-common-states-v1/5a2ebff32de0461a3fd0b8e2db8ef3bff3a660fd9c45021febdd39ca9426c40e/common_state_report.json,9a1c6b057f44916333a3e1556dac31e479cf664b42ac3efea712a0942c0a3047,c467d9c6167797a975757375c8bf0bbb11a84be39c1dea81f27e0cc67376326b
fresh_validation,6cbcbb0cb303e16fc809bcd8d2a5ddf4d9927af8242ab98db6ac6f16edb75580,navigation_62103,eta0.7_lag1_extra0,PD_A,primary,2.0,frozen,frozen_alone_succeeds,-0.09226205945014954,-0.09226205945014954,0.0,0.0,a2950f2ca9af290ca2fadbc6253c316bddd91c2341d2826189df4820f9726132,artifacts/da_plcbf/actuator-diagnostics-20260906/v1/fresh-validation-common-states-v1/6cbcbb0cb303e16fc809bcd8d2a5ddf4d9927af8242ab98db6ac6f16edb75580/common_state_report.json,9de5967156b50b226f393e283151eacffff22b48a53f4c0632c57e59e00462cc,3d10c59755bd78fb15283992b39bc34bb513348ece2480dba21b2d8355f9cf83
fresh_validation,6cbcbb0cb303e16fc809bcd8d2a5ddf4d9927af8242ab98db6ac6f16edb75580,navigation_62103,eta0.7_lag1_extra0,PD_A,primary,2.0,adaptive,frozen_alone_succeeds,-0.09226205945014954,-0.09226205945014954,0.0,0.0,a2950f2ca9af290ca2fadbc6253c316bddd91c2341d2826189df4820f9726132,artifacts/da_plcbf/actuator-diagnostics-20260906/v1/fresh-validation-common-states-v1/6cbcbb0cb303e16fc809bcd8d2a5ddf4d9927af8242ab98db6ac6f16edb75580/common_state_report.json,9de5967156b50b226f393e283151eacffff22b48a53f4c0632c57e59e00462cc,3d10c59755bd78fb15283992b39bc34bb513348ece2480dba21b2d8355f9cf83
fresh_validation,6cbcbb0cb303e16fc809bcd8d2a5ddf4d9927af8242ab98db6ac6f16edb75580,navigation_62103,eta0.7_lag1_extra0,PD_A,primary,2.4,frozen,frozen_alone_succeeds,0.15432000160217285,0.1542249321937561,-9.506940841674805e-05,0.0,aecc0d3341251daecf2c3a07b8a7403b1878dc0d197ad24644d960d9e5df35ba,artifacts/da_plcbf/actuator-diagnostics-20260906/v1/fresh-validation-common-states-v1/6cbcbb0cb303e16fc809bcd8d2a5ddf4d9927af8242ab98db6ac6f16edb75580/common_state_report.json,9de5967156b50b226f393e283151eacffff22b48a53f4c0632c57e59e00462cc,3d10c59755bd78fb15283992b39bc34bb513348ece2480dba21b2d8355f9cf83
fresh_validation,6cbcbb0cb303e16fc809bcd8d2a5ddf4d9927af8242ab98db6ac6f16edb75580,navigation_62103,eta0.7_lag1_extra0,PD_A,primary,2.4,adaptive,frozen_alone_succeeds,0.15432000160217285,0.1542249321937561,-9.506940841674805e-05,0.0,aecc0d3341251daecf2c3a07b8a7403b1878dc0d197ad24644d960d9e5df35ba,artifacts/da_plcbf/actuator-diagnostics-20260906/v1/fresh-validation-common-states-v1/6cbcbb0cb303e16fc809bcd8d2a5ddf4d9927af8242ab98db6ac6f16edb75580/common_state_report.json,9de5967156b50b226f393e283151eacffff22b48a53f4c0632c57e59e00462cc,3d10c59755bd78fb15283992b39bc34bb513348ece2480dba21b2d8355f9cf83
fresh_validation,6cbcbb0cb303e16fc809bcd8d2a5ddf4d9927af8242ab98db6ac6f16edb75580,navigation_62103,eta0.7_lag1_extra0,PD_A,primary,2.8,frozen,frozen_alone_succeeds,0.4062275290489197,0.4062275290489197,0.0,0.0,cea708384e9e1b1e6b21b920b5c37ed7f0ff5e47905811d00e2ea1a2cd416be3,artifacts/da_plcbf/actuator-diagnostics-20260906/v1/fresh-validation-common-states-v1/6cbcbb0cb303e16fc809bcd8d2a5ddf4d9927af8242ab98db6ac6f16edb75580/common_state_report.json,9de5967156b50b226f393e283151eacffff22b48a53f4c0632c57e59e00462cc,3d10c59755bd78fb15283992b39bc34bb513348ece2480dba21b2d8355f9cf83
fresh_validation,6cbcbb0cb303e16fc809bcd8d2a5ddf4d9927af8242ab98db6ac6f16edb75580,navigation_62103,eta0.7_lag1_extra0,PD_A,primary,2.8,adaptive,frozen_alone_succeeds,0.4062275290489197,0.4062275290489197,0.0,0.0,cea708384e9e1b1e6b21b920b5c37ed7f0ff5e47905811d00e2ea1a2cd416be3,artifacts/da_plcbf/actuator-diagnostics-20260906/v1/fresh-validation-common-states-v1/6cbcbb0cb303e16fc809bcd8d2a5ddf4d9927af8242ab98db6ac6f16edb75580/common_state_report.json,9de5967156b50b226f393e283151eacffff22b48a53f4c0632c57e59e00462cc,3d10c59755bd78fb15283992b39bc34bb513348ece2480dba21b2d8355f9cf83
fresh_validation,701b7f8e96f267bb42f9acbe037044376058575447f807b7e08160c097a054d4,navigation_62103,eta1_lag1_extra0,A_BAL,primary,2.0,frozen,both_succeed,0.0864115059375763,0.0864115059375763,0.0,0.0,2c58c09565c59fff1fedad23511b8e0dded256ca0ed951457989e953e650e717,artifacts/da_plcbf/actuator-diagnostics-20260906/v1/fresh-validation-common-states-v1/701b7f8e96f267bb42f9acbe037044376058575447f807b7e08160c097a054d4/common_state_report.json,d33992a35c9c19d085a6d84f9e38bd4c497691ad4f6b666847bffdb632f49b9f,fc27dd822b7a4582615cbe78124e99debe858c57eaffe44c658dfc622fa33d7d
fresh_validation,701b7f8e96f267bb42f9acbe037044376058575447f807b7e08160c097a054d4,navigation_62103,eta1_lag1_extra0,A_BAL,primary,2.0,adaptive,both_succeed,0.0864115059375763,0.0864115059375763,0.0,0.0,2c58c09565c59fff1fedad23511b8e0dded256ca0ed951457989e953e650e717,artifacts/da_plcbf/actuator-diagnostics-20260906/v1/fresh-validation-common-states-v1/701b7f8e96f267bb42f9acbe037044376058575447f807b7e08160c097a054d4/common_state_report.json,d33992a35c9c19d085a6d84f9e38bd4c497691ad4f6b666847bffdb632f49b9f,fc27dd822b7a4582615cbe78124e99debe858c57eaffe44c658dfc622fa33d7d
fresh_validation,701b7f8e96f267bb42f9acbe037044376058575447f807b7e08160c097a054d4,navigation_62103,eta1_lag1_extra0,A_BAL,primary,2.4,frozen,both_succeed,0.20635399222373962,0.20635399222373962,0.0,0.0,5bdf6cba494b003da154b0a2b8ca8009fe555990ec246dac3e5c3d1b541923e2,artifacts/da_plcbf/actuator-diagnostics-20260906/v1/fresh-validation-common-states-v1/701b7f8e96f267bb42f9acbe037044376058575447f807b7e08160c097a054d4/common_state_report.json,d33992a35c9c19d085a6d84f9e38bd4c497691ad4f6b666847bffdb632f49b9f,fc27dd822b7a4582615cbe78124e99debe858c57eaffe44c658dfc622fa33d7d
fresh_validation,701b7f8e96f267bb42f9acbe037044376058575447f807b7e08160c097a054d4,navigation_62103,eta1_lag1_extra0,A_BAL,primary,2.4,adaptive,both_succeed,0.20635399222373962,0.20635399222373962,0.0,0.0,5bdf6cba494b003da154b0a2b8ca8009fe555990ec246dac3e5c3d1b541923e2,artifacts/da_plcbf/actuator-diagnostics-20260906/v1/fresh-validation-common-states-v1/701b7f8e96f267bb42f9acbe037044376058575447f807b7e08160c097a054d4/common_state_report.json,d33992a35c9c19d085a6d84f9e38bd4c497691ad4f6b666847bffdb632f49b9f,fc27dd822b7a4582615cbe78124e99debe858c57eaffe44c658dfc622fa33d7d
fresh_validation,701b7f8e96f267bb42f9acbe037044376058575447f807b7e08160c097a054d4,navigation_62103,eta1_lag1_extra0,A_BAL,primary,2.8,frozen,both_succeed,0.42755913734436035,0.42755913734436035,0.0,0.0,c59193d1639fdfe872deb914a903dc80413a9136594678376d22c1718a07a24b,artifacts/da_plcbf/actuator-diagnostics-20260906/v1/fresh-validation-common-states-v1/701b7f8e96f267bb42f9acbe037044376058575447f807b7e08160c097a054d4/common_state_report.json,d33992a35c9c19d085a6d84f9e38bd4c497691ad4f6b666847bffdb632f49b9f,fc27dd822b7a4582615cbe78124e99debe858c57eaffe44c658dfc622fa33d7d
fresh_validation,701b7f8e96f267bb42f9acbe037044376058575447f807b7e08160c097a054d4,navigation_62103,eta1_lag1_extra0,A_BAL,primary,2.8,adaptive,both_succeed,0.42755913734436035,0.42755913734436035,0.0,0.0,c59193d1639fdfe872deb914a903dc80413a9136594678376d22c1718a07a24b,artifacts/da_plcbf/actuator-diagnostics-20260906/v1/fresh-validation-common-states-v1/701b7f8e96f267bb42f9acbe037044376058575447f807b7e08160c097a054d4/common_state_report.json,d33992a35c9c19d085a6d84f9e38bd4c497691ad4f6b666847bffdb632f49b9f,fc27dd822b7a4582615cbe78124e99debe858c57eaffe44c658dfc622fa33d7d
fresh_validation,a63c18484871f33823a3f79411377b116f18d6d8c234ad505ffd469f0d9c7c9e,navigation_62103,eta1_lag1_extra0,PD_A,primary,2.0,frozen,both_succeed,0.0052832067012786865,0.0052832067012786865,0.0,0.0,2c58c09565c59fff1fedad23511b8e0dded256ca0ed951457989e953e650e717,artifacts/da_plcbf/actuator-diagnostics-20260906/v1/fresh-validation-common-states-v1/a63c18484871f33823a3f79411377b116f18d6d8c234ad505ffd469f0d9c7c9e/common_state_report.json,64a4926266b6ba23c7c8da80cf92d891820b49e8b76d1c26e9a7ec4774b719c4,ebe68434fe87e03583df45c9daf082aedaf7c23b4b4f89d9d6a3e976f3e201ed
fresh_validation,a63c18484871f33823a3f79411377b116f18d6d8c234ad505ffd469f0d9c7c9e,navigation_62103,eta1_lag1_extra0,PD_A,primary,2.0,adaptive,both_succeed,0.0052832067012786865,0.0052832067012786865,0.0,0.0,2c58c09565c59fff1fedad23511b8e0dded256ca0ed951457989e953e650e717,artifacts/da_plcbf/actuator-diagnostics-20260906/v1/fresh-validation-common-states-v1/a63c18484871f33823a3f79411377b116f18d6d8c234ad505ffd469f0d9c7c9e/common_state_report.json,64a4926266b6ba23c7c8da80cf92d891820b49e8b76d1c26e9a7ec4774b719c4,ebe68434fe87e03583df45c9daf082aedaf7c23b4b4f89d9d6a3e976f3e201ed
fresh_validation,a63c18484871f33823a3f79411377b116f18d6d8c234ad505ffd469f0d9c7c9e,navigation_62103,eta1_lag1_extra0,PD_A,primary,2.4,frozen,both_succeed,0.20635399222373962,0.20635399222373962,0.0,0.0,5bdf6cba494b003da154b0a2b8ca8009fe555990ec246dac3e5c3d1b541923e2,artifacts/da_plcbf/actuator-diagnostics-20260906/v1/fresh-validation-common-states-v1/a63c18484871f33823a3f79411377b116f18d6d8c234ad505ffd469f0d9c7c9e/common_state_report.json,64a4926266b6ba23c7c8da80cf92d891820b49e8b76d1c26e9a7ec4774b719c4,ebe68434fe87e03583df45c9daf082aedaf7c23b4b4f89d9d6a3e976f3e201ed
fresh_validation,a63c18484871f33823a3f79411377b116f18d6d8c234ad505ffd469f0d9c7c9e,navigation_62103,eta1_lag1_extra0,PD_A,primary,2.4,adaptive,both_succeed,0.20635399222373962,0.20635399222373962,0.0,0.0,5bdf6cba494b003da154b0a2b8ca8009fe555990ec246dac3e5c3d1b541923e2,artifacts/da_plcbf/actuator-diagnostics-20260906/v1/fresh-validation-common-states-v1/a63c18484871f33823a3f79411377b116f18d6d8c234ad505ffd469f0d9c7c9e/common_state_report.json,64a4926266b6ba23c7c8da80cf92d891820b49e8b76d1c26e9a7ec4774b719c4,ebe68434fe87e03583df45c9daf082aedaf7c23b4b4f89d9d6a3e976f3e201ed
fresh_validation,a63c18484871f33823a3f79411377b116f18d6d8c234ad505ffd469f0d9c7c9e,navigation_62103,eta1_lag1_extra0,PD_A,primary,2.8,frozen,both_succeed,0.42755913734436035,0.42755913734436035,0.0,0.0,c59193d1639fdfe872deb914a903dc80413a9136594678376d22c1718a07a24b,artifacts/da_plcbf/actuator-diagnostics-20260906/v1/fresh-validation-common-states-v1/a63c18484871f33823a3f79411377b116f18d6d8c234ad505ffd469f0d9c7c9e/common_state_report.json,64a4926266b6ba23c7c8da80cf92d891820b49e8b76d1c26e9a7ec4774b719c4,ebe68434fe87e03583df45c9daf082aedaf7c23b4b4f89d9d6a3e976f3e201ed
fresh_validation,a63c18484871f33823a3f79411377b116f18d6d8c234ad505ffd469f0d9c7c9e,navigation_62103,eta1_lag1_extra0,PD_A,primary,2.8,adaptive,both_succeed,0.42755913734436035,0.42755913734436035,0.0,0.0,c59193d1639fdfe872deb914a903dc80413a9136594678376d22c1718a07a24b,artifacts/da_plcbf/actuator-diagnostics-20260906/v1/fresh-validation-common-states-v1/a63c18484871f33823a3f79411377b116f18d6d8c234ad505ffd469f0d9c7c9e/common_state_report.json,64a4926266b6ba23c7c8da80cf92d891820b49e8b76d1c26e9a7ec4774b719c4,ebe68434fe87e03583df45c9daf082aedaf7c23b4b4f89d9d6a3e976f3e201ed
fresh_validation,3313ab8b1a184685990a80545369dd3316b8947c74bbab1ef70e8ea25f54f7d5,navigation_62104,eta0.7_lag1_extra0,A_BAL,primary,2.0,frozen,adaptation_alone_succeeds,0.48422494530677795,0.48422494530677795,0.0,0.0,3325a38e7525255a2cbad4bfb4799a609104793f1791180ef36d3427990a5e69,artifacts/da_plcbf/actuator-diagnostics-20260906/v1/fresh-validation-common-states-v1/3313ab8b1a184685990a80545369dd3316b8947c74bbab1ef70e8ea25f54f7d5/common_state_report.json,b12cbafcaa1d19a6edddc350d68a24f78e484c6e22453996edda723e57ef44d4,f6a47b80a005105f19d33999d9a69a2e285c18e1937a742d81e9a4b636d653ca
fresh_validation,3313ab8b1a184685990a80545369dd3316b8947c74bbab1ef70e8ea25f54f7d5,navigation_62104,eta0.7_lag1_extra0,A_BAL,primary,2.0,adaptive,adaptation_alone_succeeds,0.48422494530677795,0.48422494530677795,0.0,0.0,3325a38e7525255a2cbad4bfb4799a609104793f1791180ef36d3427990a5e69,artifacts/da_plcbf/actuator-diagnostics-20260906/v1/fresh-validation-common-states-v1/3313ab8b1a184685990a80545369dd3316b8947c74bbab1ef70e8ea25f54f7d5/common_state_report.json,b12cbafcaa1d19a6edddc350d68a24f78e484c6e22453996edda723e57ef44d4,f6a47b80a005105f19d33999d9a69a2e285c18e1937a742d81e9a4b636d653ca
fresh_validation,3313ab8b1a184685990a80545369dd3316b8947c74bbab1ef70e8ea25f54f7d5,navigation_62104,eta0.7_lag1_extra0,A_BAL,primary,2.4,frozen,adaptation_alone_succeeds,0.5670316219329834,0.5670316219329834,0.0,0.0,56df239340cb3106a75fc650a54a8019b9ada1ca21e468439b6335c168eac016,artifacts/da_plcbf/actuator-diagnostics-20260906/v1/fresh-validation-common-states-v1/3313ab8b1a184685990a80545369dd3316b8947c74bbab1ef70e8ea25f54f7d5/common_state_report.json,b12cbafcaa1d19a6edddc350d68a24f78e484c6e22453996edda723e57ef44d4,f6a47b80a005105f19d33999d9a69a2e285c18e1937a742d81e9a4b636d653ca
fresh_validation,3313ab8b1a184685990a80545369dd3316b8947c74bbab1ef70e8ea25f54f7d5,navigation_62104,eta0.7_lag1_extra0,A_BAL,primary,2.4,adaptive,adaptation_alone_succeeds,0.5670316219329834,0.5670316219329834,0.0,0.0,56df239340cb3106a75fc650a54a8019b9ada1ca21e468439b6335c168eac016,artifacts/da_plcbf/actuator-diagnostics-20260906/v1/fresh-validation-common-states-v1/3313ab8b1a184685990a80545369dd3316b8947c74bbab1ef70e8ea25f54f7d5/common_state_report.json,b12cbafcaa1d19a6edddc350d68a24f78e484c6e22453996edda723e57ef44d4,f6a47b80a005105f19d33999d9a69a2e285c18e1937a742d81e9a4b636d653ca
fresh_validation,3313ab8b1a184685990a80545369dd3316b8947c74bbab1ef70e8ea25f54f7d5,navigation_62104,eta0.7_lag1_extra0,A_BAL,primary,2.8,frozen,adaptation_alone_succeeds,1.4662269353866577,1.4662269353866577,0.0,0.0,15b194239b5ac3355c0f4cfa534117162d880a07f5489ab91ca32c7db491ce3e,artifacts/da_plcbf/actuator-diagnostics-20260906/v1/fresh-validation-common-states-v1/3313ab8b1a184685990a80545369dd3316b8947c74bbab1ef70e8ea25f54f7d5/common_state_report.json,b12cbafcaa1d19a6edddc350d68a24f78e484c6e22453996edda723e57ef44d4,f6a47b80a005105f19d33999d9a69a2e285c18e1937a742d81e9a4b636d653ca
fresh_validation,3313ab8b1a184685990a80545369dd3316b8947c74bbab1ef70e8ea25f54f7d5,navigation_62104,eta0.7_lag1_extra0,A_BAL,primary,2.8,adaptive,adaptation_alone_succeeds,1.4662269353866577,1.4662269353866577,0.0,0.0,15b194239b5ac3355c0f4cfa534117162d880a07f5489ab91ca32c7db491ce3e,artifacts/da_plcbf/actuator-diagnostics-20260906/v1/fresh-validation-common-states-v1/3313ab8b1a184685990a80545369dd3316b8947c74bbab1ef70e8ea25f54f7d5/common_state_report.json,b12cbafcaa1d19a6edddc350d68a24f78e484c6e22453996edda723e57ef44d4,f6a47b80a005105f19d33999d9a69a2e285c18e1937a742d81e9a4b636d653ca
fresh_validation,9857c8f23a70791ca7dfc0b8b951d011a7b5d0026805f59f561d8d3c016e6c01,navigation_62104,eta0.7_lag1_extra0,PD_A,primary,2.0,frozen,frozen_alone_succeeds,0.48299482464790344,0.48299482464790344,0.0,0.0,3325a38e7525255a2cbad4bfb4799a609104793f1791180ef36d3427990a5e69,artifacts/da_plcbf/actuator-diagnostics-20260906/v1/fresh-validation-common-states-v1/9857c8f23a70791ca7dfc0b8b951d011a7b5d0026805f59f561d8d3c016e6c01/common_state_report.json,839f5c6b06e4bbdd3b30feb125283ae5cd59193c6e6e3228ee12b36274cbb95b,940956f682d349a2f5061b90f19c3f0fc0322a80ce4e6f85c7ab9ac7e211fe29
fresh_validation,9857c8f23a70791ca7dfc0b8b951d011a7b5d0026805f59f561d8d3c016e6c01,navigation_62104,eta0.7_lag1_extra0,PD_A,primary,2.0,adaptive,frozen_alone_succeeds,0.48299482464790344,0.48299482464790344,0.0,0.0,3325a38e7525255a2cbad4bfb4799a609104793f1791180ef36d3427990a5e69,artifacts/da_plcbf/actuator-diagnostics-20260906/v1/fresh-validation-common-states-v1/9857c8f23a70791ca7dfc0b8b951d011a7b5d0026805f59f561d8d3c016e6c01/common_state_report.json,839f5c6b06e4bbdd3b30feb125283ae5cd59193c6e6e3228ee12b36274cbb95b,940956f682d349a2f5061b90f19c3f0fc0322a80ce4e6f85c7ab9ac7e211fe29
fresh_validation,9857c8f23a70791ca7dfc0b8b951d011a7b5d0026805f59f561d8d3c016e6c01,navigation_62104,eta0.7_lag1_extra0,PD_A,primary,2.4,frozen,frozen_alone_succeeds,0.5670316219329834,0.5670316219329834,0.0,0.0,56df239340cb3106a75fc650a54a8019b9ada1ca21e468439b6335c168eac016,artifacts/da_plcbf/actuator-diagnostics-20260906/v1/fresh-validation-common-states-v1/9857c8f23a70791ca7dfc0b8b951d011a7b5d0026805f59f561d8d3c016e6c01/common_state_report.json,839f5c6b06e4bbdd3b30feb125283ae5cd59193c6e6e3228ee12b36274cbb95b,940956f682d349a2f5061b90f19c3f0fc0322a80ce4e6f85c7ab9ac7e211fe29
fresh_validation,9857c8f23a70791ca7dfc0b8b951d011a7b5d0026805f59f561d8d3c016e6c01,navigation_62104,eta0.7_lag1_extra0,PD_A,primary,2.4,adaptive,frozen_alone_succeeds,0.5670316219329834,0.5670316219329834,0.0,0.0,56df239340cb3106a75fc650a54a8019b9ada1ca21e468439b6335c168eac016,artifacts/da_plcbf/actuator-diagnostics-20260906/v1/fresh-validation-common-states-v1/9857c8f23a70791ca7dfc0b8b951d011a7b5d0026805f59f561d8d3c016e6c01/common_state_report.json,839f5c6b06e4bbdd3b30feb125283ae5cd59193c6e6e3228ee12b36274cbb95b,940956f682d349a2f5061b90f19c3f0fc0322a80ce4e6f85c7ab9ac7e211fe29
fresh_validation,9857c8f23a70791ca7dfc0b8b951d011a7b5d0026805f59f561d8d3c016e6c01,navigation_62104,eta0.7_lag1_extra0,PD_A,primary,2.8,frozen,frozen_alone_succeeds,1.4662269353866577,1.4662269353866577,0.0,0.0,15b194239b5ac3355c0f4cfa534117162d880a07f5489ab91ca32c7db491ce3e,artifacts/da_plcbf/actuator-diagnostics-20260906/v1/fresh-validation-common-states-v1/9857c8f23a70791ca7dfc0b8b951d011a7b5d0026805f59f561d8d3c016e6c01/common_state_report.json,839f5c6b06e4bbdd3b30feb125283ae5cd59193c6e6e3228ee12b36274cbb95b,940956f682d349a2f5061b90f19c3f0fc0322a80ce4e6f85c7ab9ac7e211fe29
fresh_validation,9857c8f23a70791ca7dfc0b8b951d011a7b5d0026805f59f561d8d3c016e6c01,navigation_62104,eta0.7_lag1_extra0,PD_A,primary,2.8,adaptive,frozen_alone_succeeds,1.4662269353866577,1.4662269353866577,0.0,0.0,15b194239b5ac3355c0f4cfa534117162d880a07f5489ab91ca32c7db491ce3e,artifacts/da_plcbf/actuator-diagnostics-20260906/v1/fresh-validation-common-states-v1/9857c8f23a70791ca7dfc0b8b951d011a7b5d0026805f59f561d8d3c016e6c01/common_state_report.json,839f5c6b06e4bbdd3b30feb125283ae5cd59193c6e6e3228ee12b36274cbb95b,940956f682d349a2f5061b90f19c3f0fc0322a80ce4e6f85c7ab9ac7e211fe29
fresh_validation,3c8daee5ef0ef3d3805379fa3b1184d71011049d824bfb03e063b1a4e9c71824,navigation_62104,eta1_lag1_extra0,A_BAL,primary,2.0,frozen,frozen_alone_succeeds,0.48397061228752136,0.48397061228752136,0.0,0.0,e044f6e8492c251607fa7c5478965919ad541bef1f52a19a6a66d9df182ce157,artifacts/da_plcbf/actuator-diagnostics-20260906/v1/fresh-validation-common-states-v1/3c8daee5ef0ef3d3805379fa3b1184d71011049d824bfb03e063b1a4e9c71824/common_state_report.json,d2b0cd070e3dfc0e00593ba5d7ebb46808df1dd9bbb6741a9138d227f1451be3,f96a61f14ca44a70bff20cc3add56f9dcb2c98b50ed248c9814e6892a8f9eda0
fresh_validation,3c8daee5ef0ef3d3805379fa3b1184d71011049d824bfb03e063b1a4e9c71824,navigation_62104,eta1_lag1_extra0,A_BAL,primary,2.0,adaptive,frozen_alone_succeeds,0.48397061228752136,0.48397061228752136,0.0,0.0,e044f6e8492c251607fa7c5478965919ad541bef1f52a19a6a66d9df182ce157,artifacts/da_plcbf/actuator-diagnostics-20260906/v1/fresh-validation-common-states-v1/3c8daee5ef0ef3d3805379fa3b1184d71011049d824bfb03e063b1a4e9c71824/common_state_report.json,d2b0cd070e3dfc0e00593ba5d7ebb46808df1dd9bbb6741a9138d227f1451be3,f96a61f14ca44a70bff20cc3add56f9dcb2c98b50ed248c9814e6892a8f9eda0
fresh_validation,3c8daee5ef0ef3d3805379fa3b1184d71011049d824bfb03e063b1a4e9c71824,navigation_62104,eta1_lag1_extra0,A_BAL,primary,2.4,frozen,frozen_alone_succeeds,0.6243202686309814,0.6243202686309814,0.0,0.0,b0c8f1d71975c5fbc8687c293b06ae39717a32f743056636e3265b51b9abd13d,artifacts/da_plcbf/actuator-diagnostics-20260906/v1/fresh-validation-common-states-v1/3c8daee5ef0ef3d3805379fa3b1184d71011049d824bfb03e063b1a4e9c71824/common_state_report.json,d2b0cd070e3dfc0e00593ba5d7ebb46808df1dd9bbb6741a9138d227f1451be3,f96a61f14ca44a70bff20cc3add56f9dcb2c98b50ed248c9814e6892a8f9eda0
fresh_validation,3c8daee5ef0ef3d3805379fa3b1184d71011049d824bfb03e063b1a4e9c71824,navigation_62104,eta1_lag1_extra0,A_BAL,primary,2.4,adaptive,frozen_alone_succeeds,0.6243202686309814,0.6243202686309814,0.0,0.0,b0c8f1d71975c5fbc8687c293b06ae39717a32f743056636e3265b51b9abd13d,artifacts/da_plcbf/actuator-diagnostics-20260906/v1/fresh-validation-common-states-v1/3c8daee5ef0ef3d3805379fa3b1184d71011049d824bfb03e063b1a4e9c71824/common_state_report.json,d2b0cd070e3dfc0e00593ba5d7ebb46808df1dd9bbb6741a9138d227f1451be3,f96a61f14ca44a70bff20cc3add56f9dcb2c98b50ed248c9814e6892a8f9eda0
fresh_validation,3c8daee5ef0ef3d3805379fa3b1184d71011049d824bfb03e063b1a4e9c71824,navigation_62104,eta1_lag1_extra0,A_BAL,primary,2.8,frozen,frozen_alone_succeeds,0.8680965900421143,0.8680965900421143,0.0,0.0,65267fc096af542e04f757141fc840370e357e555bb257b5445f3fcebdab7afc,artifacts/da_plcbf/actuator-diagnostics-20260906/v1/fresh-validation-common-states-v1/3c8daee5ef0ef3d3805379fa3b1184d71011049d824bfb03e063b1a4e9c71824/common_state_report.json,d2b0cd070e3dfc0e00593ba5d7ebb46808df1dd9bbb6741a9138d227f1451be3,f96a61f14ca44a70bff20cc3add56f9dcb2c98b50ed248c9814e6892a8f9eda0
fresh_validation,3c8daee5ef0ef3d3805379fa3b1184d71011049d824bfb03e063b1a4e9c71824,navigation_62104,eta1_lag1_extra0,A_BAL,primary,2.8,adaptive,frozen_alone_succeeds,0.8680965900421143,0.8680965900421143,0.0,0.0,65267fc096af542e04f757141fc840370e357e555bb257b5445f3fcebdab7afc,artifacts/da_plcbf/actuator-diagnostics-20260906/v1/fresh-validation-common-states-v1/3c8daee5ef0ef3d3805379fa3b1184d71011049d824bfb03e063b1a4e9c71824/common_state_report.json,d2b0cd070e3dfc0e00593ba5d7ebb46808df1dd9bbb6741a9138d227f1451be3,f96a61f14ca44a70bff20cc3add56f9dcb2c98b50ed248c9814e6892a8f9eda0
fresh_validation,752210539ce04ed86112dafb942fdae41dc8d20dec1ebc96a613de10e1fa09ce,navigation_62104,eta1_lag1_extra0,PD_A,primary,2.0,frozen,adaptation_alone_succeeds,0.49799737334251404,0.49799737334251404,0.0,0.0,e044f6e8492c251607fa7c5478965919ad541bef1f52a19a6a66d9df182ce157,artifacts/da_plcbf/actuator-diagnostics-20260906/v1/fresh-validation-common-states-v1/752210539ce04ed86112dafb942fdae41dc8d20dec1ebc96a613de10e1fa09ce/common_state_report.json,803e0a4b86eba125581c17c81a228a9cb6cddd31ccd19e36dd5ab4adbd8ab474,036a19124ca729631ab868ddc6fd0b77d472c9b360787789da7242251051f9e2
fresh_validation,752210539ce04ed86112dafb942fdae41dc8d20dec1ebc96a613de10e1fa09ce,navigation_62104,eta1_lag1_extra0,PD_A,primary,2.0,adaptive,adaptation_alone_succeeds,0.49799737334251404,0.49799737334251404,0.0,0.0,e044f6e8492c251607fa7c5478965919ad541bef1f52a19a6a66d9df182ce157,artifacts/da_plcbf/actuator-diagnostics-20260906/v1/fresh-validation-common-states-v1/752210539ce04ed86112dafb942fdae41dc8d20dec1ebc96a613de10e1fa09ce/common_state_report.json,803e0a4b86eba125581c17c81a228a9cb6cddd31ccd19e36dd5ab4adbd8ab474,036a19124ca729631ab868ddc6fd0b77d472c9b360787789da7242251051f9e2
fresh_validation,752210539ce04ed86112dafb942fdae41dc8d20dec1ebc96a613de10e1fa09ce,navigation_62104,eta1_lag1_extra0,PD_A,primary,2.4,frozen,adaptation_alone_succeeds,0.6243202686309814,0.6243202686309814,0.0,0.0,b0c8f1d71975c5fbc8687c293b06ae39717a32f743056636e3265b51b9abd13d,artifacts/da_plcbf/actuator-diagnostics-20260906/v1/fresh-validation-common-states-v1/752210539ce04ed86112dafb942fdae41dc8d20dec1ebc96a613de10e1fa09ce/common_state_report.json,803e0a4b86eba125581c17c81a228a9cb6cddd31ccd19e36dd5ab4adbd8ab474,036a19124ca729631ab868ddc6fd0b77d472c9b360787789da7242251051f9e2
fresh_validation,752210539ce04ed86112dafb942fdae41dc8d20dec1ebc96a613de10e1fa09ce,navigation_62104,eta1_lag1_extra0,PD_A,primary,2.4,adaptive,adaptation_alone_succeeds,0.6243202686309814,0.6243202686309814,0.0,0.0,b0c8f1d71975c5fbc8687c293b06ae39717a32f743056636e3265b51b9abd13d,artifacts/da_plcbf/actuator-diagnostics-20260906/v1/fresh-validation-common-states-v1/752210539ce04ed86112dafb942fdae41dc8d20dec1ebc96a613de10e1fa09ce/common_state_report.json,803e0a4b86eba125581c17c81a228a9cb6cddd31ccd19e36dd5ab4adbd8ab474,036a19124ca729631ab868ddc6fd0b77d472c9b360787789da7242251051f9e2
fresh_validation,752210539ce04ed86112dafb942fdae41dc8d20dec1ebc96a613de10e1fa09ce,navigation_62104,eta1_lag1_extra0,PD_A,primary,2.8,frozen,adaptation_alone_succeeds,0.8680988550186157,0.8680988550186157,0.0,0.0,65267fc096af542e04f757141fc840370e357e555bb257b5445f3fcebdab7afc,artifacts/da_plcbf/actuator-diagnostics-20260906/v1/fresh-validation-common-states-v1/752210539ce04ed86112dafb942fdae41dc8d20dec1ebc96a613de10e1fa09ce/common_state_report.json,803e0a4b86eba125581c17c81a228a9cb6cddd31ccd19e36dd5ab4adbd8ab474,036a19124ca729631ab868ddc6fd0b77d472c9b360787789da7242251051f9e2
fresh_validation,752210539ce04ed86112dafb942fdae41dc8d20dec1ebc96a613de10e1fa09ce,navigation_62104,eta1_lag1_extra0,PD_A,primary,2.8,adaptive,adaptation_alone_succeeds,0.8680988550186157,0.8680988550186157,0.0,0.0,65267fc096af542e04f757141fc840370e357e555bb257b5445f3fcebdab7afc,artifacts/da_plcbf/actuator-diagnostics-20260906/v1/fresh-validation-common-states-v1/752210539ce04ed86112dafb942fdae41dc8d20dec1ebc96a613de10e1fa09ce/common_state_report.json,803e0a4b86eba125581c17c81a228a9cb6cddd31ccd19e36dd5ab4adbd8ab474,036a19124ca729631ab868ddc6fd0b77d472c9b360787789da7242251051f9e2
fresh_validation,70ada2cd3034457ecabc750b8581a2c696033b67a91a287452df034a3596bfba,structured_62001,eta0.7_lag1_extra0,A_BAL,primary,2.0,frozen,both_fail,1.6316334009170532,1.6316334009170532,0.0,0.0,b081e76677255af2de602da9d74038ec0f62900289ce49526f99ad707ca81b3c,artifacts/da_plcbf/actuator-diagnostics-20260906/v1/fresh-validation-common-states-v1/70ada2cd3034457ecabc750b8581a2c696033b67a91a287452df034a3596bfba/common_state_report.json,b2e414b384316e235fd2f8b1e2b7abfc625c1bfbe39ab731e96013bf8c12b327,e6dd7b253f28b3fefdc41ba463bfcf607bbfcf32533daac3ee773df338d99c34
fresh_validation,70ada2cd3034457ecabc750b8581a2c696033b67a91a287452df034a3596bfba,structured_62001,eta0.7_lag1_extra0,A_BAL,primary,2.0,adaptive,both_fail,1.6316334009170532,1.6316334009170532,0.0,0.0,b081e76677255af2de602da9d74038ec0f62900289ce49526f99ad707ca81b3c,artifacts/da_plcbf/actuator-diagnostics-20260906/v1/fresh-validation-common-states-v1/70ada2cd3034457ecabc750b8581a2c696033b67a91a287452df034a3596bfba/common_state_report.json,b2e414b384316e235fd2f8b1e2b7abfc625c1bfbe39ab731e96013bf8c12b327,e6dd7b253f28b3fefdc41ba463bfcf607bbfcf32533daac3ee773df338d99c34
fresh_validation,70ada2cd3034457ecabc750b8581a2c696033b67a91a287452df034a3596bfba,structured_62001,eta0.7_lag1_extra0,A_BAL,primary,2.4,frozen,both_fail,1.0421571731567383,1.051200032234192,0.009042859077453613,0.009042859077453613,6820637d2be59e06aa4a604a51d233af72d13065a5a9100445ff16f4acad20df,artifacts/da_plcbf/actuator-diagnostics-20260906/v1/fresh-validation-common-states-v1/70ada2cd3034457ecabc750b8581a2c696033b67a91a287452df034a3596bfba/common_state_report.json,b2e414b384316e235fd2f8b1e2b7abfc625c1bfbe39ab731e96013bf8c12b327,e6dd7b253f28b3fefdc41ba463bfcf607bbfcf32533daac3ee773df338d99c34
fresh_validation,70ada2cd3034457ecabc750b8581a2c696033b67a91a287452df034a3596bfba,structured_62001,eta0.7_lag1_extra0,A_BAL,primary,2.4,adaptive,both_fail,1.0706232786178589,1.0926927328109741,0.022069454193115234,0.022069454193115234,1fc425d5a9bfbc66b43093fd33c4b71e6476116fe957c6a25113ece77995dcde,artifacts/da_plcbf/actuator-diagnostics-20260906/v1/fresh-validation-common-states-v1/70ada2cd3034457ecabc750b8581a2c696033b67a91a287452df034a3596bfba/common_state_report.json,b2e414b384316e235fd2f8b1e2b7abfc625c1bfbe39ab731e96013bf8c12b327,e6dd7b253f28b3fefdc41ba463bfcf607bbfcf32533daac3ee773df338d99c34
fresh_validation,70ada2cd3034457ecabc750b8581a2c696033b67a91a287452df034a3596bfba,structured_62001,eta0.7_lag1_extra0,A_BAL,primary,2.8,frozen,both_fail,0.6119292974472046,0.49016785621643066,-0.12176144123077393,0.0,02825f35192ca70ed5bc6df488795e0da2a6da3b1715836b6e3474239d81120e,artifacts/da_plcbf/actuator-diagnostics-20260906/v1/fresh-validation-common-states-v1/70ada2cd3034457ecabc750b8581a2c696033b67a91a287452df034a3596bfba/common_state_report.json,b2e414b384316e235fd2f8b1e2b7abfc625c1bfbe39ab731e96013bf8c12b327,e6dd7b253f28b3fefdc41ba463bfcf607bbfcf32533daac3ee773df338d99c34
fresh_validation,70ada2cd3034457ecabc750b8581a2c696033b67a91a287452df034a3596bfba,structured_62001,eta0.7_lag1_extra0,A_BAL,primary,2.8,adaptive,both_fail,0.7778493165969849,0.7293084859848022,-0.04854083061218262,0.0,67e1eddf96fb1a32d9aa7f573b6862328c0aeb137e9a3f9f308ccb46fc65af3c,artifacts/da_plcbf/actuator-diagnostics-20260906/v1/fresh-validation-common-states-v1/70ada2cd3034457ecabc750b8581a2c696033b67a91a287452df034a3596bfba/common_state_report.json,b2e414b384316e235fd2f8b1e2b7abfc625c1bfbe39ab731e96013bf8c12b327,e6dd7b253f28b3fefdc41ba463bfcf607bbfcf32533daac3ee773df338d99c34
fresh_validation,7611683c0b3166bfb208b0a1828e1f9a2adeb3b7001eec0c279b7dc36e81b05d,structured_62001,eta0.7_lag1_extra0,PD_A,primary,2.0,frozen,both_fail,1.603806972503662,1.603806972503662,0.0,0.0,b081e76677255af2de602da9d74038ec0f62900289ce49526f99ad707ca81b3c,artifacts/da_plcbf/actuator-diagnostics-20260906/v1/fresh-validation-common-states-v1/7611683c0b3166bfb208b0a1828e1f9a2adeb3b7001eec0c279b7dc36e81b05d/common_state_report.json,567ba30d720ebcb2f14938f9a47d885a13de9bff9c02680e53ac28f5fe76de4e,1a9f789dbe3cc05e7731dba19fafb82b9c8a223f7972dc2259f0f900705a6e8e
fresh_validation,7611683c0b3166bfb208b0a1828e1f9a2adeb3b7001eec0c279b7dc36e81b05d,structured_62001,eta0.7_lag1_extra0,PD_A,primary,2.0,adaptive,both_fail,1.603806972503662,1.603806972503662,0.0,0.0,b081e76677255af2de602da9d74038ec0f62900289ce49526f99ad707ca81b3c,artifacts/da_plcbf/actuator-diagnostics-20260906/v1/fresh-validation-common-states-v1/7611683c0b3166bfb208b0a1828e1f9a2adeb3b7001eec0c279b7dc36e81b05d/common_state_report.json,567ba30d720ebcb2f14938f9a47d885a13de9bff9c02680e53ac28f5fe76de4e,1a9f789dbe3cc05e7731dba19fafb82b9c8a223f7972dc2259f0f900705a6e8e
fresh_validation,7611683c0b3166bfb208b0a1828e1f9a2adeb3b7001eec0c279b7dc36e81b05d,structured_62001,eta0.7_lag1_extra0,PD_A,primary,2.4,frozen,both_fail,0.8776488304138184,0.8730807304382324,-0.0045680999755859375,0.0,e53503e1a76de5cb57db31707fede9b6ebc647e2b1d4df883c2b6c02e0b3f29f,artifacts/da_plcbf/actuator-diagnostics-20260906/v1/fresh-validation-common-states-v1/7611683c0b3166bfb208b0a1828e1f9a2adeb3b7001eec0c279b7dc36e81b05d/common_state_report.json,567ba30d720ebcb2f14938f9a47d885a13de9bff9c02680e53ac28f5fe76de4e,1a9f789dbe3cc05e7731dba19fafb82b9c8a223f7972dc2259f0f900705a6e8e
fresh_validation,7611683c0b3166bfb208b0a1828e1f9a2adeb3b7001eec0c279b7dc36e81b05d,structured_62001,eta0.7_lag1_extra0,PD_A,primary,2.4,adaptive,both_fail,0.8854577541351318,0.8758512735366821,-0.009606480598449707,0.0,ab6c95923ec7d9f3b10a1fe9166af2eb85290f6e25418a88b82e839ca91bb582,artifacts/da_plcbf/actuator-diagnostics-20260906/v1/fresh-validation-common-states-v1/7611683c0b3166bfb208b0a1828e1f9a2adeb3b7001eec0c279b7dc36e81b05d/common_state_report.json,567ba30d720ebcb2f14938f9a47d885a13de9bff9c02680e53ac28f5fe76de4e,1a9f789dbe3cc05e7731dba19fafb82b9c8a223f7972dc2259f0f900705a6e8e
fresh_validation,7611683c0b3166bfb208b0a1828e1f9a2adeb3b7001eec0c279b7dc36e81b05d,structured_62001,eta0.7_lag1_extra0,PD_A,primary,2.8,frozen,both_fail,0.38012680411338806,0.36423158645629883,-0.015895217657089233,0.0,b10123f62b55d3b9de34b51c2168bff48a2c74da3697f48eadb3251a092db994,artifacts/da_plcbf/actuator-diagnostics-20260906/v1/fresh-validation-common-states-v1/7611683c0b3166bfb208b0a1828e1f9a2adeb3b7001eec0c279b7dc36e81b05d/common_state_report.json,567ba30d720ebcb2f14938f9a47d885a13de9bff9c02680e53ac28f5fe76de4e,1a9f789dbe3cc05e7731dba19fafb82b9c8a223f7972dc2259f0f900705a6e8e
fresh_validation,7611683c0b3166bfb208b0a1828e1f9a2adeb3b7001eec0c279b7dc36e81b05d,structured_62001,eta0.7_lag1_extra0,PD_A,primary,2.8,adaptive,both_fail,0.38902488350868225,0.4026956260204315,0.013670742511749268,0.013670742511749268,56e8b8f0eb0491cbd9ceb29cf6cfcb5afdaa582e909526462ffdcd4e2fae100e,artifacts/da_plcbf/actuator-diagnostics-20260906/v1/fresh-validation-common-states-v1/7611683c0b3166bfb208b0a1828e1f9a2adeb3b7001eec0c279b7dc36e81b05d/common_state_report.json,567ba30d720ebcb2f14938f9a47d885a13de9bff9c02680e53ac28f5fe76de4e,1a9f789dbe3cc05e7731dba19fafb82b9c8a223f7972dc2259f0f900705a6e8e
fresh_validation,b154a5b7734b9076b1df2632b068c43d1ee8ba7dc96bd5ec413fd6fcf1767e65,structured_62001,eta1_lag1_extra0,A_BAL,primary,2.0,frozen,both_succeed,1.842134714126587,1.842134714126587,0.0,0.0,61a89146f706ab7a386b4ea7d57ad884b5af86a06d27788bb41968ba538aa4a8,artifacts/da_plcbf/actuator-diagnostics-20260906/v1/fresh-validation-common-states-v1/b154a5b7734b9076b1df2632b068c43d1ee8ba7dc96bd5ec413fd6fcf1767e65/common_state_report.json,91c2ae8b4874040eb3cfd057496030a6b03cc551387d6d57eb30e9c1acd901fe,cce2c9230d52baeba06a4f4b2daf51cd4688969ab2568c7e9b0024856f8683dd
fresh_validation,b154a5b7734b9076b1df2632b068c43d1ee8ba7dc96bd5ec413fd6fcf1767e65,structured_62001,eta1_lag1_extra0,A_BAL,primary,2.0,adaptive,both_succeed,1.842134714126587,1.842134714126587,0.0,0.0,61a89146f706ab7a386b4ea7d57ad884b5af86a06d27788bb41968ba538aa4a8,artifacts/da_plcbf/actuator-diagnostics-20260906/v1/fresh-validation-common-states-v1/b154a5b7734b9076b1df2632b068c43d1ee8ba7dc96bd5ec413fd6fcf1767e65/common_state_report.json,91c2ae8b4874040eb3cfd057496030a6b03cc551387d6d57eb30e9c1acd901fe,cce2c9230d52baeba06a4f4b2daf51cd4688969ab2568c7e9b0024856f8683dd
fresh_validation,b154a5b7734b9076b1df2632b068c43d1ee8ba7dc96bd5ec413fd6fcf1767e65,structured_62001,eta1_lag1_extra0,A_BAL,primary,2.4,frozen,both_succeed,0.7049376964569092,0.7047868967056274,-0.00015079975128173828,0.0,c89221a909cc01e3af1f119265beb8946193c2522796c1eb426963f8268d5b9c,artifacts/da_plcbf/actuator-diagnostics-20260906/v1/fresh-validation-common-states-v1/b154a5b7734b9076b1df2632b068c43d1ee8ba7dc96bd5ec413fd6fcf1767e65/common_state_report.json,91c2ae8b4874040eb3cfd057496030a6b03cc551387d6d57eb30e9c1acd901fe,cce2c9230d52baeba06a4f4b2daf51cd4688969ab2568c7e9b0024856f8683dd
fresh_validation,b154a5b7734b9076b1df2632b068c43d1ee8ba7dc96bd5ec413fd6fcf1767e65,structured_62001,eta1_lag1_extra0,A_BAL,primary,2.4,adaptive,both_succeed,0.7180005311965942,0.7176201343536377,-0.00038039684295654297,0.0,34e79dc3fe36dd51b1ce18cb5c9be4227d49e794272b8a01a092d1aaa190e832,artifacts/da_plcbf/actuator-diagnostics-20260906/v1/fresh-validation-common-states-v1/b154a5b7734b9076b1df2632b068c43d1ee8ba7dc96bd5ec413fd6fcf1767e65/common_state_report.json,91c2ae8b4874040eb3cfd057496030a6b03cc551387d6d57eb30e9c1acd901fe,cce2c9230d52baeba06a4f4b2daf51cd4688969ab2568c7e9b0024856f8683dd
fresh_validation,b154a5b7734b9076b1df2632b068c43d1ee8ba7dc96bd5ec413fd6fcf1767e65,structured_62001,eta1_lag1_extra0,A_BAL,primary,2.8,frozen,both_succeed,0.3468151092529297,0.35324591398239136,0.00643080472946167,0.00643080472946167,91d088bdf1f03f64bcb3410fb046d19c4771fda5e258266925e9df5c6dd85b67,artifacts/da_plcbf/actuator-diagnostics-20260906/v1/fresh-validation-common-states-v1/b154a5b7734b9076b1df2632b068c43d1ee8ba7dc96bd5ec413fd6fcf1767e65/common_state_report.json,91c2ae8b4874040eb3cfd057496030a6b03cc551387d6d57eb30e9c1acd901fe,cce2c9230d52baeba06a4f4b2daf51cd4688969ab2568c7e9b0024856f8683dd
fresh_validation,b154a5b7734b9076b1df2632b068c43d1ee8ba7dc96bd5ec413fd6fcf1767e65,structured_62001,eta1_lag1_extra0,A_BAL,primary,2.8,adaptive,both_succeed,0.3390333652496338,0.3449487090110779,0.005915343761444092,0.005915343761444092,f2e50ed5412de9eb420b1d2e16f48bce0064c917700298101e3b2c75f3f88862,artifacts/da_plcbf/actuator-diagnostics-20260906/v1/fresh-validation-common-states-v1/b154a5b7734b9076b1df2632b068c43d1ee8ba7dc96bd5ec413fd6fcf1767e65/common_state_report.json,91c2ae8b4874040eb3cfd057496030a6b03cc551387d6d57eb30e9c1acd901fe,cce2c9230d52baeba06a4f4b2daf51cd4688969ab2568c7e9b0024856f8683dd
fresh_validation,2cff34798516de25a4dc9eade22abb92700c592c845eb4d7009da488aeb59d18,structured_62001,eta1_lag1_extra0,PD_A,primary,2.0,frozen,both_succeed,1.750072956085205,1.750072956085205,0.0,0.0,61a89146f706ab7a386b4ea7d57ad884b5af86a06d27788bb41968ba538aa4a8,artifacts/da_plcbf/actuator-diagnostics-20260906/v1/fresh-validation-common-states-v1/2cff34798516de25a4dc9eade22abb92700c592c845eb4d7009da488aeb59d18/common_state_report.json,55839a616598aa43820fdf74a133f0a133fd0c96b57dabe0abe8f30991372967,9bb27d79495ab221ae0de3e41386498616393936188325eb5e7ec7715eee49db
fresh_validation,2cff34798516de25a4dc9eade22abb92700c592c845eb4d7009da488aeb59d18,structured_62001,eta1_lag1_extra0,PD_A,primary,2.0,adaptive,both_succeed,1.750072956085205,1.750072956085205,0.0,0.0,61a89146f706ab7a386b4ea7d57ad884b5af86a06d27788bb41968ba538aa4a8,artifacts/da_plcbf/actuator-diagnostics-20260906/v1/fresh-validation-common-states-v1/2cff34798516de25a4dc9eade22abb92700c592c845eb4d7009da488aeb59d18/common_state_report.json,55839a616598aa43820fdf74a133f0a133fd0c96b57dabe0abe8f30991372967,9bb27d79495ab221ae0de3e41386498616393936188325eb5e7ec7715eee49db
fresh_validation,2cff34798516de25a4dc9eade22abb92700c592c845eb4d7009da488aeb59d18,structured_62001,eta1_lag1_extra0,PD_A,primary,2.4,frozen,both_succeed,0.7916817665100098,0.7916040420532227,-7.772445678710938e-05,0.0,7c37f0b425a2b74abb59428c2f3b18952069544a42302e1173d3d187cad5784c,artifacts/da_plcbf/actuator-diagnostics-20260906/v1/fresh-validation-common-states-v1/2cff34798516de25a4dc9eade22abb92700c592c845eb4d7009da488aeb59d18/common_state_report.json,55839a616598aa43820fdf74a133f0a133fd0c96b57dabe0abe8f30991372967,9bb27d79495ab221ae0de3e41386498616393936188325eb5e7ec7715eee49db
fresh_validation,2cff34798516de25a4dc9eade22abb92700c592c845eb4d7009da488aeb59d18,structured_62001,eta1_lag1_extra0,PD_A,primary,2.4,adaptive,both_succeed,0.8487842082977295,0.8487005233764648,-8.368492126464844e-05,0.0,1847f4a1041ea63285ced01476f92131e661526831ff5ca9121940eeebb345cd,artifacts/da_plcbf/actuator-diagnostics-20260906/v1/fresh-validation-common-states-v1/2cff34798516de25a4dc9eade22abb92700c592c845eb4d7009da488aeb59d18/common_state_report.json,55839a616598aa43820fdf74a133f0a133fd0c96b57dabe0abe8f30991372967,9bb27d79495ab221ae0de3e41386498616393936188325eb5e7ec7715eee49db
fresh_validation,2cff34798516de25a4dc9eade22abb92700c592c845eb4d7009da488aeb59d18,structured_62001,eta1_lag1_extra0,PD_A,primary,2.8,frozen,both_succeed,0.26075154542922974,0.26062774658203125,-0.00012379884719848633,0.0,8ccd59a691a78282125afaf831a47d039a40eb786a314decd3a983f5d6bcb027,artifacts/da_plcbf/actuator-diagnostics-20260906/v1/fresh-validation-common-states-v1/2cff34798516de25a4dc9eade22abb92700c592c845eb4d7009da488aeb59d18/common_state_report.json,55839a616598aa43820fdf74a133f0a133fd0c96b57dabe0abe8f30991372967,9bb27d79495ab221ae0de3e41386498616393936188325eb5e7ec7715eee49db
fresh_validation,2cff34798516de25a4dc9eade22abb92700c592c845eb4d7009da488aeb59d18,structured_62001,eta1_lag1_extra0,PD_A,primary,2.8,adaptive,both_succeed,0.2867450714111328,0.286632776260376,-0.00011229515075683594,0.0,2760d44b9f2049cfa7e199049dd961b9e94fdab9ac2f835435f9986feedc074a,artifacts/da_plcbf/actuator-diagnostics-20260906/v1/fresh-validation-common-states-v1/2cff34798516de25a4dc9eade22abb92700c592c845eb4d7009da488aeb59d18/common_state_report.json,55839a616598aa43820fdf74a133f0a133fd0c96b57dabe0abe8f30991372967,9bb27d79495ab221ae0de3e41386498616393936188325eb5e7ec7715eee49db
fresh_validation,1f9bb69155c3cb201c7cc132f1c3488988565fa23a74d92fa6d214a40d497de3,structured_62002,eta0.7_lag1_extra0,A_BAL,primary,2.0,frozen,both_succeed,1.2426905632019043,1.2426905632019043,0.0,0.0,cc065bbe22291dc9da674ecc39792018cb7d4b72c7691d5d3566b6d083638135,artifacts/da_plcbf/actuator-diagnostics-20260906/v1/fresh-validation-common-states-v1/1f9bb69155c3cb201c7cc132f1c3488988565fa23a74d92fa6d214a40d497de3/common_state_report.json,a91fdb22c1cb8ace20fb95154ab08c64088083b139cae9dc7d7aad16c75abcae,752f012213d0525d299d6e0ba4c346e81838567783f24f2690d0f5d98f6182cf
fresh_validation,1f9bb69155c3cb201c7cc132f1c3488988565fa23a74d92fa6d214a40d497de3,structured_62002,eta0.7_lag1_extra0,A_BAL,primary,2.0,adaptive,both_succeed,1.2426905632019043,1.2426905632019043,0.0,0.0,cc065bbe22291dc9da674ecc39792018cb7d4b72c7691d5d3566b6d083638135,artifacts/da_plcbf/actuator-diagnostics-20260906/v1/fresh-validation-common-states-v1/1f9bb69155c3cb201c7cc132f1c3488988565fa23a74d92fa6d214a40d497de3/common_state_report.json,a91fdb22c1cb8ace20fb95154ab08c64088083b139cae9dc7d7aad16c75abcae,752f012213d0525d299d6e0ba4c346e81838567783f24f2690d0f5d98f6182cf
fresh_validation,1f9bb69155c3cb201c7cc132f1c3488988565fa23a74d92fa6d214a40d497de3,structured_62002,eta0.7_lag1_extra0,A_BAL,primary,2.4,frozen,both_succeed,1.050197720527649,1.0531889200210571,0.002991199493408203,0.002991199493408203,710a01b3a87ce40dec936c3276c2fbd70f4d6a1593c4f856ea8d157dfb10eb98,artifacts/da_plcbf/actuator-diagnostics-20260906/v1/fresh-validation-common-states-v1/1f9bb69155c3cb201c7cc132f1c3488988565fa23a74d92fa6d214a40d497de3/common_state_report.json,a91fdb22c1cb8ace20fb95154ab08c64088083b139cae9dc7d7aad16c75abcae,752f012213d0525d299d6e0ba4c346e81838567783f24f2690d0f5d98f6182cf
fresh_validation,1f9bb69155c3cb201c7cc132f1c3488988565fa23a74d92fa6d214a40d497de3,structured_62002,eta0.7_lag1_extra0,A_BAL,primary,2.4,adaptive,both_succeed,1.050197720527649,1.0531889200210571,0.002991199493408203,0.002991199493408203,710a01b3a87ce40dec936c3276c2fbd70f4d6a1593c4f856ea8d157dfb10eb98,artifacts/da_plcbf/actuator-diagnostics-20260906/v1/fresh-validation-common-states-v1/1f9bb69155c3cb201c7cc132f1c3488988565fa23a74d92fa6d214a40d497de3/common_state_report.json,a91fdb22c1cb8ace20fb95154ab08c64088083b139cae9dc7d7aad16c75abcae,752f012213d0525d299d6e0ba4c346e81838567783f24f2690d0f5d98f6182cf
fresh_validation,1f9bb69155c3cb201c7cc132f1c3488988565fa23a74d92fa6d214a40d497de3,structured_62002,eta0.7_lag1_extra0,A_BAL,primary,2.8,frozen,both_succeed,1.008605718612671,1.008657693862915,5.1975250244140625e-05,5.1975250244140625e-05,eb1981907aa8301e71f8f811c465533bf6426b5505bf729d8262d543df34ec6d,artifacts/da_plcbf/actuator-diagnostics-20260906/v1/fresh-validation-common-states-v1/1f9bb69155c3cb201c7cc132f1c3488988565fa23a74d92fa6d214a40d497de3/common_state_report.json,a91fdb22c1cb8ace20fb95154ab08c64088083b139cae9dc7d7aad16c75abcae,752f012213d0525d299d6e0ba4c346e81838567783f24f2690d0f5d98f6182cf
fresh_validation,1f9bb69155c3cb201c7cc132f1c3488988565fa23a74d92fa6d214a40d497de3,structured_62002,eta0.7_lag1_extra0,A_BAL,primary,2.8,adaptive,both_succeed,1.008605718612671,1.008657693862915,5.1975250244140625e-05,5.1975250244140625e-05,eb1981907aa8301e71f8f811c465533bf6426b5505bf729d8262d543df34ec6d,artifacts/da_plcbf/actuator-diagnostics-20260906/v1/fresh-validation-common-states-v1/1f9bb69155c3cb201c7cc132f1c3488988565fa23a74d92fa6d214a40d497de3/common_state_report.json,a91fdb22c1cb8ace20fb95154ab08c64088083b139cae9dc7d7aad16c75abcae,752f012213d0525d299d6e0ba4c346e81838567783f24f2690d0f5d98f6182cf
fresh_validation,2c1769b7632a399ca3640f7677699de7af1e259598a1a64b2073da51c840665f,structured_62002,eta0.7_lag1_extra0,PD_A,primary,2.0,frozen,frozen_alone_succeeds,1.2884351015090942,1.2884351015090942,0.0,0.0,cc065bbe22291dc9da674ecc39792018cb7d4b72c7691d5d3566b6d083638135,artifacts/da_plcbf/actuator-diagnostics-20260906/v1/fresh-validation-common-states-v1/2c1769b7632a399ca3640f7677699de7af1e259598a1a64b2073da51c840665f/common_state_report.json,2b927295833cce0dd2bbddb022fbb88b573bbf0156b709b73e99e6a67bf0081c,2137a7393888d61922e7c22cfa69a5b522dab094c9b0daaa851d82c35055686a
fresh_validation,2c1769b7632a399ca3640f7677699de7af1e259598a1a64b2073da51c840665f,structured_62002,eta0.7_lag1_extra0,PD_A,primary,2.0,adaptive,frozen_alone_succeeds,1.2884351015090942,1.2884351015090942,0.0,0.0,cc065bbe22291dc9da674ecc39792018cb7d4b72c7691d5d3566b6d083638135,artifacts/da_plcbf/actuator-diagnostics-20260906/v1/fresh-validation-common-states-v1/2c1769b7632a399ca3640f7677699de7af1e259598a1a64b2073da51c840665f/common_state_report.json,2b927295833cce0dd2bbddb022fbb88b573bbf0156b709b73e99e6a67bf0081c,2137a7393888d61922e7c22cfa69a5b522dab094c9b0daaa851d82c35055686a
fresh_validation,2c1769b7632a399ca3640f7677699de7af1e259598a1a64b2073da51c840665f,structured_62002,eta0.7_lag1_extra0,PD_A,primary,2.4,frozen,frozen_alone_succeeds,1.0576505661010742,1.0579875707626343,0.0003370046615600586,0.0003370046615600586,f21887cf43183b38e2bfdf410a03b2dc515948f80da7dc6a3cf564364654aae3,artifacts/da_plcbf/actuator-diagnostics-20260906/v1/fresh-validation-common-states-v1/2c1769b7632a399ca3640f7677699de7af1e259598a1a64b2073da51c840665f/common_state_report.json,2b927295833cce0dd2bbddb022fbb88b573bbf0156b709b73e99e6a67bf0081c,2137a7393888d61922e7c22cfa69a5b522dab094c9b0daaa851d82c35055686a
fresh_validation,2c1769b7632a399ca3640f7677699de7af1e259598a1a64b2073da51c840665f,structured_62002,eta0.7_lag1_extra0,PD_A,primary,2.4,adaptive,frozen_alone_succeeds,1.0576505661010742,1.0579875707626343,0.0003370046615600586,0.0003370046615600586,f21887cf43183b38e2bfdf410a03b2dc515948f80da7dc6a3cf564364654aae3,artifacts/da_plcbf/actuator-diagnostics-20260906/v1/fresh-validation-common-states-v1/2c1769b7632a399ca3640f7677699de7af1e259598a1a64b2073da51c840665f/common_state_report.json,2b927295833cce0dd2bbddb022fbb88b573bbf0156b709b73e99e6a67bf0081c,2137a7393888d61922e7c22cfa69a5b522dab094c9b0daaa851d82c35055686a
fresh_validation,2c1769b7632a399ca3640f7677699de7af1e259598a1a64b2073da51c840665f,structured_62002,eta0.7_lag1_extra0,PD_A,primary,2.8,frozen,frozen_alone_succeeds,0.9997788667678833,0.9997849464416504,6.079673767089844e-06,6.079673767089844e-06,25f3fa372e09ecde2a047a018f69b94acc1c91be53d19c1091a0c2a81a083a56,artifacts/da_plcbf/actuator-diagnostics-20260906/v1/fresh-validation-common-states-v1/2c1769b7632a399ca3640f7677699de7af1e259598a1a64b2073da51c840665f/common_state_report.json,2b927295833cce0dd2bbddb022fbb88b573bbf0156b709b73e99e6a67bf0081c,2137a7393888d61922e7c22cfa69a5b522dab094c9b0daaa851d82c35055686a
fresh_validation,2c1769b7632a399ca3640f7677699de7af1e259598a1a64b2073da51c840665f,structured_62002,eta0.7_lag1_extra0,PD_A,primary,2.8,adaptive,frozen_alone_succeeds,0.9997788667678833,0.9997849464416504,6.079673767089844e-06,6.079673767089844e-06,25f3fa372e09ecde2a047a018f69b94acc1c91be53d19c1091a0c2a81a083a56,artifacts/da_plcbf/actuator-diagnostics-20260906/v1/fresh-validation-common-states-v1/2c1769b7632a399ca3640f7677699de7af1e259598a1a64b2073da51c840665f/common_state_report.json,2b927295833cce0dd2bbddb022fbb88b573bbf0156b709b73e99e6a67bf0081c,2137a7393888d61922e7c22cfa69a5b522dab094c9b0daaa851d82c35055686a
fresh_validation,b3e08e64884c655ec2c8d80717faed841e2baf142db2ff5d9daa3d4a78e732fe,structured_62002,eta1_lag1_extra0,A_BAL,primary,2.0,frozen,frozen_alone_succeeds,1.3484374284744263,1.3484374284744263,0.0,0.0,f327a84527b3c850b0700eec55195ad2ccf6ecf6cf56268544ea7d064c0a7cc5,artifacts/da_plcbf/actuator-diagnostics-20260906/v1/fresh-validation-common-states-v1/b3e08e64884c655ec2c8d80717faed841e2baf142db2ff5d9daa3d4a78e732fe/common_state_report.json,9a72fced34b4f8b746474219d704fb8fa1045aa21c677835a28fc78a1753847f,266e41a72ac0489a5f0c8dbbe9c40a652cec9f98d029e6bc9d5e75437817146f
fresh_validation,b3e08e64884c655ec2c8d80717faed841e2baf142db2ff5d9daa3d4a78e732fe,structured_62002,eta1_lag1_extra0,A_BAL,primary,2.0,adaptive,frozen_alone_succeeds,1.3484374284744263,1.3484374284744263,0.0,0.0,f327a84527b3c850b0700eec55195ad2ccf6ecf6cf56268544ea7d064c0a7cc5,artifacts/da_plcbf/actuator-diagnostics-20260906/v1/fresh-validation-common-states-v1/b3e08e64884c655ec2c8d80717faed841e2baf142db2ff5d9daa3d4a78e732fe/common_state_report.json,9a72fced34b4f8b746474219d704fb8fa1045aa21c677835a28fc78a1753847f,266e41a72ac0489a5f0c8dbbe9c40a652cec9f98d029e6bc9d5e75437817146f
fresh_validation,b3e08e64884c655ec2c8d80717faed841e2baf142db2ff5d9daa3d4a78e732fe,structured_62002,eta1_lag1_extra0,A_BAL,primary,2.4,frozen,frozen_alone_succeeds,1.3589686155319214,1.3589686155319214,0.0,0.0,e21fa5ba3627e6fa4ab5b60272070cbcd0f3a9fc65f86f1ecf2186362e675ddc,artifacts/da_plcbf/actuator-diagnostics-20260906/v1/fresh-validation-common-states-v1/b3e08e64884c655ec2c8d80717faed841e2baf142db2ff5d9daa3d4a78e732fe/common_state_report.json,9a72fced34b4f8b746474219d704fb8fa1045aa21c677835a28fc78a1753847f,266e41a72ac0489a5f0c8dbbe9c40a652cec9f98d029e6bc9d5e75437817146f
fresh_validation,b3e08e64884c655ec2c8d80717faed841e2baf142db2ff5d9daa3d4a78e732fe,structured_62002,eta1_lag1_extra0,A_BAL,primary,2.4,adaptive,frozen_alone_succeeds,1.3589686155319214,1.3589686155319214,0.0,0.0,e21fa5ba3627e6fa4ab5b60272070cbcd0f3a9fc65f86f1ecf2186362e675ddc,artifacts/da_plcbf/actuator-diagnostics-20260906/v1/fresh-validation-common-states-v1/b3e08e64884c655ec2c8d80717faed841e2baf142db2ff5d9daa3d4a78e732fe/common_state_report.json,9a72fced34b4f8b746474219d704fb8fa1045aa21c677835a28fc78a1753847f,266e41a72ac0489a5f0c8dbbe9c40a652cec9f98d029e6bc9d5e75437817146f
fresh_validation,b3e08e64884c655ec2c8d80717faed841e2baf142db2ff5d9daa3d4a78e732fe,structured_62002,eta1_lag1_extra0,A_BAL,primary,2.8,frozen,frozen_alone_succeeds,1.371900200843811,1.371900200843811,0.0,0.0,50ae31e866c56063755d7d2492ef06f7b7e4336983a87c17c0c1c917b0828fb1,artifacts/da_plcbf/actuator-diagnostics-20260906/v1/fresh-validation-common-states-v1/b3e08e64884c655ec2c8d80717faed841e2baf142db2ff5d9daa3d4a78e732fe/common_state_report.json,9a72fced34b4f8b746474219d704fb8fa1045aa21c677835a28fc78a1753847f,266e41a72ac0489a5f0c8dbbe9c40a652cec9f98d029e6bc9d5e75437817146f
fresh_validation,b3e08e64884c655ec2c8d80717faed841e2baf142db2ff5d9daa3d4a78e732fe,structured_62002,eta1_lag1_extra0,A_BAL,primary,2.8,adaptive,frozen_alone_succeeds,1.371900200843811,1.371900200843811,0.0,0.0,50ae31e866c56063755d7d2492ef06f7b7e4336983a87c17c0c1c917b0828fb1,artifacts/da_plcbf/actuator-diagnostics-20260906/v1/fresh-validation-common-states-v1/b3e08e64884c655ec2c8d80717faed841e2baf142db2ff5d9daa3d4a78e732fe/common_state_report.json,9a72fced34b4f8b746474219d704fb8fa1045aa21c677835a28fc78a1753847f,266e41a72ac0489a5f0c8dbbe9c40a652cec9f98d029e6bc9d5e75437817146f
fresh_validation,fc5b9c4102c67553156f125f64d12ed1a5ad9d3e0c0738155304d4e59e2aa774,structured_62002,eta1_lag1_extra0,PD_A,primary,2.0,frozen,adaptation_alone_succeeds,1.3484374284744263,1.3484374284744263,0.0,0.0,f327a84527b3c850b0700eec55195ad2ccf6ecf6cf56268544ea7d064c0a7cc5,artifacts/da_plcbf/actuator-diagnostics-20260906/v1/fresh-validation-common-states-v1/fc5b9c4102c67553156f125f64d12ed1a5ad9d3e0c0738155304d4e59e2aa774/common_state_report.json,7434e7fa87a6deb066e740249fe5cef3a390317aa87d08cc4462f67f0e7c79fb,8bdb97f687432fb4673c96eea6d35dc4bbfb074e92cb13cbf11f77525aa14402
fresh_validation,fc5b9c4102c67553156f125f64d12ed1a5ad9d3e0c0738155304d4e59e2aa774,structured_62002,eta1_lag1_extra0,PD_A,primary,2.0,adaptive,adaptation_alone_succeeds,1.3484374284744263,1.3484374284744263,0.0,0.0,f327a84527b3c850b0700eec55195ad2ccf6ecf6cf56268544ea7d064c0a7cc5,artifacts/da_plcbf/actuator-diagnostics-20260906/v1/fresh-validation-common-states-v1/fc5b9c4102c67553156f125f64d12ed1a5ad9d3e0c0738155304d4e59e2aa774/common_state_report.json,7434e7fa87a6deb066e740249fe5cef3a390317aa87d08cc4462f67f0e7c79fb,8bdb97f687432fb4673c96eea6d35dc4bbfb074e92cb13cbf11f77525aa14402
fresh_validation,fc5b9c4102c67553156f125f64d12ed1a5ad9d3e0c0738155304d4e59e2aa774,structured_62002,eta1_lag1_extra0,PD_A,primary,2.4,frozen,adaptation_alone_succeeds,1.3589686155319214,1.3589686155319214,0.0,0.0,e21fa5ba3627e6fa4ab5b60272070cbcd0f3a9fc65f86f1ecf2186362e675ddc,artifacts/da_plcbf/actuator-diagnostics-20260906/v1/fresh-validation-common-states-v1/fc5b9c4102c67553156f125f64d12ed1a5ad9d3e0c0738155304d4e59e2aa774/common_state_report.json,7434e7fa87a6deb066e740249fe5cef3a390317aa87d08cc4462f67f0e7c79fb,8bdb97f687432fb4673c96eea6d35dc4bbfb074e92cb13cbf11f77525aa14402
fresh_validation,fc5b9c4102c67553156f125f64d12ed1a5ad9d3e0c0738155304d4e59e2aa774,structured_62002,eta1_lag1_extra0,PD_A,primary,2.4,adaptive,adaptation_alone_succeeds,1.3589686155319214,1.3589686155319214,0.0,0.0,e21fa5ba3627e6fa4ab5b60272070cbcd0f3a9fc65f86f1ecf2186362e675ddc,artifacts/da_plcbf/actuator-diagnostics-20260906/v1/fresh-validation-common-states-v1/fc5b9c4102c67553156f125f64d12ed1a5ad9d3e0c0738155304d4e59e2aa774/common_state_report.json,7434e7fa87a6deb066e740249fe5cef3a390317aa87d08cc4462f67f0e7c79fb,8bdb97f687432fb4673c96eea6d35dc4bbfb074e92cb13cbf11f77525aa14402
fresh_validation,fc5b9c4102c67553156f125f64d12ed1a5ad9d3e0c0738155304d4e59e2aa774,structured_62002,eta1_lag1_extra0,PD_A,primary,2.8,frozen,adaptation_alone_succeeds,1.371900200843811,1.371900200843811,0.0,0.0,50ae31e866c56063755d7d2492ef06f7b7e4336983a87c17c0c1c917b0828fb1,artifacts/da_plcbf/actuator-diagnostics-20260906/v1/fresh-validation-common-states-v1/fc5b9c4102c67553156f125f64d12ed1a5ad9d3e0c0738155304d4e59e2aa774/common_state_report.json,7434e7fa87a6deb066e740249fe5cef3a390317aa87d08cc4462f67f0e7c79fb,8bdb97f687432fb4673c96eea6d35dc4bbfb074e92cb13cbf11f77525aa14402
fresh_validation,fc5b9c4102c67553156f125f64d12ed1a5ad9d3e0c0738155304d4e59e2aa774,structured_62002,eta1_lag1_extra0,PD_A,primary,2.8,adaptive,adaptation_alone_succeeds,1.371900200843811,1.371900200843811,0.0,0.0,50ae31e866c56063755d7d2492ef06f7b7e4336983a87c17c0c1c917b0828fb1,artifacts/da_plcbf/actuator-diagnostics-20260906/v1/fresh-validation-common-states-v1/fc5b9c4102c67553156f125f64d12ed1a5ad9d3e0c0738155304d4e59e2aa774/common_state_report.json,7434e7fa87a6deb066e740249fe5cef3a390317aa87d08cc4462f67f0e7c79fb,8bdb97f687432fb4673c96eea6d35dc4bbfb074e92cb13cbf11f77525aa14402
fresh_validation,94786c68c5311f8447e429b72aae4765f4fd1bc4abbf1f55d04173b67a95a0eb,structured_62003,eta0.7_lag1_extra0,A_BAL,primary,2.0,frozen,both_succeed,1.3144919872283936,1.3144919872283936,0.0,0.0,686f037a71ec26c4c1df4589f86ef3c2ef8013db235148f43f2d196cc25ddefe,artifacts/da_plcbf/actuator-diagnostics-20260906/v1/fresh-validation-common-states-v1/94786c68c5311f8447e429b72aae4765f4fd1bc4abbf1f55d04173b67a95a0eb/common_state_report.json,5b4e82d5a8f1f9636c4f9c631745013e13311f0174e8a49650433bfd09c4f85e,750bd2c0ad0c7af15795f25fa98dfdb7b5adba4ea8af751eb720b4c3cfa598a9
fresh_validation,94786c68c5311f8447e429b72aae4765f4fd1bc4abbf1f55d04173b67a95a0eb,structured_62003,eta0.7_lag1_extra0,A_BAL,primary,2.0,adaptive,both_succeed,1.3144919872283936,1.3144919872283936,0.0,0.0,686f037a71ec26c4c1df4589f86ef3c2ef8013db235148f43f2d196cc25ddefe,artifacts/da_plcbf/actuator-diagnostics-20260906/v1/fresh-validation-common-states-v1/94786c68c5311f8447e429b72aae4765f4fd1bc4abbf1f55d04173b67a95a0eb/common_state_report.json,5b4e82d5a8f1f9636c4f9c631745013e13311f0174e8a49650433bfd09c4f85e,750bd2c0ad0c7af15795f25fa98dfdb7b5adba4ea8af751eb720b4c3cfa598a9
fresh_validation,94786c68c5311f8447e429b72aae4765f4fd1bc4abbf1f55d04173b67a95a0eb,structured_62003,eta0.7_lag1_extra0,A_BAL,primary,2.4,frozen,both_succeed,1.3182255029678345,1.3181630373001099,-6.246566772460938e-05,0.0,9ad52f626bbc48e30e748aa224d52eb14249c55118d0788bfc9ba20bbcf1f12d,artifacts/da_plcbf/actuator-diagnostics-20260906/v1/fresh-validation-common-states-v1/94786c68c5311f8447e429b72aae4765f4fd1bc4abbf1f55d04173b67a95a0eb/common_state_report.json,5b4e82d5a8f1f9636c4f9c631745013e13311f0174e8a49650433bfd09c4f85e,750bd2c0ad0c7af15795f25fa98dfdb7b5adba4ea8af751eb720b4c3cfa598a9
fresh_validation,94786c68c5311f8447e429b72aae4765f4fd1bc4abbf1f55d04173b67a95a0eb,structured_62003,eta0.7_lag1_extra0,A_BAL,primary,2.4,adaptive,both_succeed,1.3182255029678345,1.3181630373001099,-6.246566772460938e-05,0.0,9ad52f626bbc48e30e748aa224d52eb14249c55118d0788bfc9ba20bbcf1f12d,artifacts/da_plcbf/actuator-diagnostics-20260906/v1/fresh-validation-common-states-v1/94786c68c5311f8447e429b72aae4765f4fd1bc4abbf1f55d04173b67a95a0eb/common_state_report.json,5b4e82d5a8f1f9636c4f9c631745013e13311f0174e8a49650433bfd09c4f85e,750bd2c0ad0c7af15795f25fa98dfdb7b5adba4ea8af751eb720b4c3cfa598a9
fresh_validation,94786c68c5311f8447e429b72aae4765f4fd1bc4abbf1f55d04173b67a95a0eb,structured_62003,eta0.7_lag1_extra0,A_BAL,primary,2.8,frozen,both_succeed,1.301440715789795,1.3014413118362427,5.960464477539062e-07,5.960464477539062e-07,6deaed790bbda219388d7e31b4183e3e2bc2518d310f2a3d7c28898b4d308ab0,artifacts/da_plcbf/actuator-diagnostics-20260906/v1/fresh-validation-common-states-v1/94786c68c5311f8447e429b72aae4765f4fd1bc4abbf1f55d04173b67a95a0eb/common_state_report.json,5b4e82d5a8f1f9636c4f9c631745013e13311f0174e8a49650433bfd09c4f85e,750bd2c0ad0c7af15795f25fa98dfdb7b5adba4ea8af751eb720b4c3cfa598a9
fresh_validation,94786c68c5311f8447e429b72aae4765f4fd1bc4abbf1f55d04173b67a95a0eb,structured_62003,eta0.7_lag1_extra0,A_BAL,primary,2.8,adaptive,both_succeed,1.301440715789795,1.3014413118362427,5.960464477539062e-07,5.960464477539062e-07,6deaed790bbda219388d7e31b4183e3e2bc2518d310f2a3d7c28898b4d308ab0,artifacts/da_plcbf/actuator-diagnostics-20260906/v1/fresh-validation-common-states-v1/94786c68c5311f8447e429b72aae4765f4fd1bc4abbf1f55d04173b67a95a0eb/common_state_report.json,5b4e82d5a8f1f9636c4f9c631745013e13311f0174e8a49650433bfd09c4f85e,750bd2c0ad0c7af15795f25fa98dfdb7b5adba4ea8af751eb720b4c3cfa598a9
fresh_validation,c97600c396aa908c727cd122e96bed12412044f0731741e389618d47a9305238,structured_62003,eta0.7_lag1_extra0,PD_A,primary,2.0,frozen,frozen_alone_succeeds,1.3145017623901367,1.3145017623901367,0.0,0.0,686f037a71ec26c4c1df4589f86ef3c2ef8013db235148f43f2d196cc25ddefe,artifacts/da_plcbf/actuator-diagnostics-20260906/v1/fresh-validation-common-states-v1/c97600c396aa908c727cd122e96bed12412044f0731741e389618d47a9305238/common_state_report.json,db09862574cb644aefea9e64f1556849075d4f1bd43d56b90e8318643c076468,e8a7579c815a744fd29c4e5827417c7eebf2b7dc220fa2ddc00fb18fd6486e14
fresh_validation,c97600c396aa908c727cd122e96bed12412044f0731741e389618d47a9305238,structured_62003,eta0.7_lag1_extra0,PD_A,primary,2.0,adaptive,frozen_alone_succeeds,1.3145017623901367,1.3145017623901367,0.0,0.0,686f037a71ec26c4c1df4589f86ef3c2ef8013db235148f43f2d196cc25ddefe,artifacts/da_plcbf/actuator-diagnostics-20260906/v1/fresh-validation-common-states-v1/c97600c396aa908c727cd122e96bed12412044f0731741e389618d47a9305238/common_state_report.json,db09862574cb644aefea9e64f1556849075d4f1bd43d56b90e8318643c076468,e8a7579c815a744fd29c4e5827417c7eebf2b7dc220fa2ddc00fb18fd6486e14
fresh_validation,c97600c396aa908c727cd122e96bed12412044f0731741e389618d47a9305238,structured_62003,eta0.7_lag1_extra0,PD_A,primary,2.4,frozen,frozen_alone_succeeds,1.3204231262207031,1.3204562664031982,3.314018249511719e-05,3.314018249511719e-05,9ad52f626bbc48e30e748aa224d52eb14249c55118d0788bfc9ba20bbcf1f12d,artifacts/da_plcbf/actuator-diagnostics-20260906/v1/fresh-validation-common-states-v1/c97600c396aa908c727cd122e96bed12412044f0731741e389618d47a9305238/common_state_report.json,db09862574cb644aefea9e64f1556849075d4f1bd43d56b90e8318643c076468,e8a7579c815a744fd29c4e5827417c7eebf2b7dc220fa2ddc00fb18fd6486e14
fresh_validation,c97600c396aa908c727cd122e96bed12412044f0731741e389618d47a9305238,structured_62003,eta0.7_lag1_extra0,PD_A,primary,2.4,adaptive,frozen_alone_succeeds,1.3204231262207031,1.3204562664031982,3.314018249511719e-05,3.314018249511719e-05,9ad52f626bbc48e30e748aa224d52eb14249c55118d0788bfc9ba20bbcf1f12d,artifacts/da_plcbf/actuator-diagnostics-20260906/v1/fresh-validation-common-states-v1/c97600c396aa908c727cd122e96bed12412044f0731741e389618d47a9305238/common_state_report.json,db09862574cb644aefea9e64f1556849075d4f1bd43d56b90e8318643c076468,e8a7579c815a744fd29c4e5827417c7eebf2b7dc220fa2ddc00fb18fd6486e14
fresh_validation,c97600c396aa908c727cd122e96bed12412044f0731741e389618d47a9305238,structured_62003,eta0.7_lag1_extra0,PD_A,primary,2.8,frozen,frozen_alone_succeeds,1.3014471530914307,1.3014473915100098,2.384185791015625e-07,2.384185791015625e-07,6deaed790bbda219388d7e31b4183e3e2bc2518d310f2a3d7c28898b4d308ab0,artifacts/da_plcbf/actuator-diagnostics-20260906/v1/fresh-validation-common-states-v1/c97600c396aa908c727cd122e96bed12412044f0731741e389618d47a9305238/common_state_report.json,db09862574cb644aefea9e64f1556849075d4f1bd43d56b90e8318643c076468,e8a7579c815a744fd29c4e5827417c7eebf2b7dc220fa2ddc00fb18fd6486e14
fresh_validation,c97600c396aa908c727cd122e96bed12412044f0731741e389618d47a9305238,structured_62003,eta0.7_lag1_extra0,PD_A,primary,2.8,adaptive,frozen_alone_succeeds,1.3014471530914307,1.3014473915100098,2.384185791015625e-07,2.384185791015625e-07,6deaed790bbda219388d7e31b4183e3e2bc2518d310f2a3d7c28898b4d308ab0,artifacts/da_plcbf/actuator-diagnostics-20260906/v1/fresh-validation-common-states-v1/c97600c396aa908c727cd122e96bed12412044f0731741e389618d47a9305238/common_state_report.json,db09862574cb644aefea9e64f1556849075d4f1bd43d56b90e8318643c076468,e8a7579c815a744fd29c4e5827417c7eebf2b7dc220fa2ddc00fb18fd6486e14
fresh_validation,9790ec0a0e3024f11f37be663b0f6733aa202f39129588dd102aa43181d7a6fb,structured_62003,eta1_lag1_extra0,A_BAL,primary,2.0,frozen,both_succeed,1.3101707696914673,1.3101707696914673,0.0,0.0,1a920f4a888f59e4d8e5bc29e4a20d1ca45fcd7c555af7f7a73bf9231a5b62bd,artifacts/da_plcbf/actuator-diagnostics-20260906/v1/fresh-validation-common-states-v1/9790ec0a0e3024f11f37be663b0f6733aa202f39129588dd102aa43181d7a6fb/common_state_report.json,29bfb25bf06b583740c50af830bf629b5a03ec8fa00977c76170b807584fc42b,45506cfc097778b445744e2f28a85fa8d73f1998e32f14a337ae94428c3cde66
fresh_validation,9790ec0a0e3024f11f37be663b0f6733aa202f39129588dd102aa43181d7a6fb,structured_62003,eta1_lag1_extra0,A_BAL,primary,2.0,adaptive,both_succeed,1.3101707696914673,1.3101707696914673,0.0,0.0,1a920f4a888f59e4d8e5bc29e4a20d1ca45fcd7c555af7f7a73bf9231a5b62bd,artifacts/da_plcbf/actuator-diagnostics-20260906/v1/fresh-validation-common-states-v1/9790ec0a0e3024f11f37be663b0f6733aa202f39129588dd102aa43181d7a6fb/common_state_report.json,29bfb25bf06b583740c50af830bf629b5a03ec8fa00977c76170b807584fc42b,45506cfc097778b445744e2f28a85fa8d73f1998e32f14a337ae94428c3cde66
fresh_validation,9790ec0a0e3024f11f37be663b0f6733aa202f39129588dd102aa43181d7a6fb,structured_62003,eta1_lag1_extra0,A_BAL,primary,2.4,frozen,both_succeed,1.3052732944488525,1.3054722547531128,0.0001989603042602539,0.0001989603042602539,68c817db230496d049568f7db299b8152207792ee4ecc2ae6f09d476953ec287,artifacts/da_plcbf/actuator-diagnostics-20260906/v1/fresh-validation-common-states-v1/9790ec0a0e3024f11f37be663b0f6733aa202f39129588dd102aa43181d7a6fb/common_state_report.json,29bfb25bf06b583740c50af830bf629b5a03ec8fa00977c76170b807584fc42b,45506cfc097778b445744e2f28a85fa8d73f1998e32f14a337ae94428c3cde66
fresh_validation,9790ec0a0e3024f11f37be663b0f6733aa202f39129588dd102aa43181d7a6fb,structured_62003,eta1_lag1_extra0,A_BAL,primary,2.4,adaptive,both_succeed,1.3052732944488525,1.3054722547531128,0.0001989603042602539,0.0001989603042602539,68c817db230496d049568f7db299b8152207792ee4ecc2ae6f09d476953ec287,artifacts/da_plcbf/actuator-diagnostics-20260906/v1/fresh-validation-common-states-v1/9790ec0a0e3024f11f37be663b0f6733aa202f39129588dd102aa43181d7a6fb/common_state_report.json,29bfb25bf06b583740c50af830bf629b5a03ec8fa00977c76170b807584fc42b,45506cfc097778b445744e2f28a85fa8d73f1998e32f14a337ae94428c3cde66
fresh_validation,9790ec0a0e3024f11f37be663b0f6733aa202f39129588dd102aa43181d7a6fb,structured_62003,eta1_lag1_extra0,A_BAL,primary,2.8,frozen,both_succeed,1.3013025522232056,1.3013572692871094,5.4717063903808594e-05,5.4717063903808594e-05,cb550ae4785b61a35cd1d671f037fd5553b0c875b775924cd1190112816a8825,artifacts/da_plcbf/actuator-diagnostics-20260906/v1/fresh-validation-common-states-v1/9790ec0a0e3024f11f37be663b0f6733aa202f39129588dd102aa43181d7a6fb/common_state_report.json,29bfb25bf06b583740c50af830bf629b5a03ec8fa00977c76170b807584fc42b,45506cfc097778b445744e2f28a85fa8d73f1998e32f14a337ae94428c3cde66
fresh_validation,9790ec0a0e3024f11f37be663b0f6733aa202f39129588dd102aa43181d7a6fb,structured_62003,eta1_lag1_extra0,A_BAL,primary,2.8,adaptive,both_succeed,1.3013025522232056,1.3013572692871094,5.4717063903808594e-05,5.4717063903808594e-05,cb550ae4785b61a35cd1d671f037fd5553b0c875b775924cd1190112816a8825,artifacts/da_plcbf/actuator-diagnostics-20260906/v1/fresh-validation-common-states-v1/9790ec0a0e3024f11f37be663b0f6733aa202f39129588dd102aa43181d7a6fb/common_state_report.json,29bfb25bf06b583740c50af830bf629b5a03ec8fa00977c76170b807584fc42b,45506cfc097778b445744e2f28a85fa8d73f1998e32f14a337ae94428c3cde66
fresh_validation,f33db1fa8f21585b744cc2bc0639efeda49d23f9c1d88821787307f2d437fd51,structured_62003,eta1_lag1_extra0,PD_A,primary,2.0,frozen,adaptation_alone_succeeds,1.3146260976791382,1.3146260976791382,0.0,0.0,1a920f4a888f59e4d8e5bc29e4a20d1ca45fcd7c555af7f7a73bf9231a5b62bd,artifacts/da_plcbf/actuator-diagnostics-20260906/v1/fresh-validation-common-states-v1/f33db1fa8f21585b744cc2bc0639efeda49d23f9c1d88821787307f2d437fd51/common_state_report.json,bb562aba39cd91ed5dd13e62f3ef7c8738997a5e11328c847722bf563eb40ae7,e15b05fb87d2060bda88dd94045f9faa83e562d7c0e49a4f697e9e064543e481
fresh_validation,f33db1fa8f21585b744cc2bc0639efeda49d23f9c1d88821787307f2d437fd51,structured_62003,eta1_lag1_extra0,PD_A,primary,2.0,adaptive,adaptation_alone_succeeds,1.3146260976791382,1.3146260976791382,0.0,0.0,1a920f4a888f59e4d8e5bc29e4a20d1ca45fcd7c555af7f7a73bf9231a5b62bd,artifacts/da_plcbf/actuator-diagnostics-20260906/v1/fresh-validation-common-states-v1/f33db1fa8f21585b744cc2bc0639efeda49d23f9c1d88821787307f2d437fd51/common_state_report.json,bb562aba39cd91ed5dd13e62f3ef7c8738997a5e11328c847722bf563eb40ae7,e15b05fb87d2060bda88dd94045f9faa83e562d7c0e49a4f697e9e064543e481
fresh_validation,f33db1fa8f21585b744cc2bc0639efeda49d23f9c1d88821787307f2d437fd51,structured_62003,eta1_lag1_extra0,PD_A,primary,2.4,frozen,adaptation_alone_succeeds,1.3111226558685303,1.3111226558685303,0.0,0.0,68c817db230496d049568f7db299b8152207792ee4ecc2ae6f09d476953ec287,artifacts/da_plcbf/actuator-diagnostics-20260906/v1/fresh-validation-common-states-v1/f33db1fa8f21585b744cc2bc0639efeda49d23f9c1d88821787307f2d437fd51/common_state_report.json,bb562aba39cd91ed5dd13e62f3ef7c8738997a5e11328c847722bf563eb40ae7,e15b05fb87d2060bda88dd94045f9faa83e562d7c0e49a4f697e9e064543e481
fresh_validation,f33db1fa8f21585b744cc2bc0639efeda49d23f9c1d88821787307f2d437fd51,structured_62003,eta1_lag1_extra0,PD_A,primary,2.4,adaptive,adaptation_alone_succeeds,1.3111226558685303,1.3111226558685303,0.0,0.0,68c817db230496d049568f7db299b8152207792ee4ecc2ae6f09d476953ec287,artifacts/da_plcbf/actuator-diagnostics-20260906/v1/fresh-validation-common-states-v1/f33db1fa8f21585b744cc2bc0639efeda49d23f9c1d88821787307f2d437fd51/common_state_report.json,bb562aba39cd91ed5dd13e62f3ef7c8738997a5e11328c847722bf563eb40ae7,e15b05fb87d2060bda88dd94045f9faa83e562d7c0e49a4f697e9e064543e481
fresh_validation,f33db1fa8f21585b744cc2bc0639efeda49d23f9c1d88821787307f2d437fd51,structured_62003,eta1_lag1_extra0,PD_A,primary,2.8,frozen,adaptation_alone_succeeds,1.306596279144287,1.306596279144287,0.0,0.0,cb550ae4785b61a35cd1d671f037fd5553b0c875b775924cd1190112816a8825,artifacts/da_plcbf/actuator-diagnostics-20260906/v1/fresh-validation-common-states-v1/f33db1fa8f21585b744cc2bc0639efeda49d23f9c1d88821787307f2d437fd51/common_state_report.json,bb562aba39cd91ed5dd13e62f3ef7c8738997a5e11328c847722bf563eb40ae7,e15b05fb87d2060bda88dd94045f9faa83e562d7c0e49a4f697e9e064543e481
fresh_validation,f33db1fa8f21585b744cc2bc0639efeda49d23f9c1d88821787307f2d437fd51,structured_62003,eta1_lag1_extra0,PD_A,primary,2.8,adaptive,adaptation_alone_succeeds,1.306596279144287,1.306596279144287,0.0,0.0,cb550ae4785b61a35cd1d671f037fd5553b0c875b775924cd1190112816a8825,artifacts/da_plcbf/actuator-diagnostics-20260906/v1/fresh-validation-common-states-v1/f33db1fa8f21585b744cc2bc0639efeda49d23f9c1d88821787307f2d437fd51/common_state_report.json,bb562aba39cd91ed5dd13e62f3ef7c8738997a5e11328c847722bf563eb40ae7,e15b05fb87d2060bda88dd94045f9faa83e562d7c0e49a4f697e9e064543e481
fresh_validation,cd79d034b2e125bfafd47a634fc8c7909101ad27bbc554665d171e8ba247377d,structured_62004,eta0.7_lag1_extra0,A_BAL,primary,2.0,frozen,both_succeed,0.8173924684524536,0.8173924684524536,0.0,0.0,a971b4cbfd85c214ac8cb8db8d2b892b49b7a627774c77a4ec423c01a769c3d8,artifacts/da_plcbf/actuator-diagnostics-20260906/v1/fresh-validation-common-states-v1/cd79d034b2e125bfafd47a634fc8c7909101ad27bbc554665d171e8ba247377d/common_state_report.json,b379506375f6b2a33f5f0055b6c0f8d0d179550d3312c5f0faefbd6bfe42f70c,f6851a5a20004f79cba0d1b44f3701b60edc67fd372c5d415a6660b0e52f8e02
fresh_validation,cd79d034b2e125bfafd47a634fc8c7909101ad27bbc554665d171e8ba247377d,structured_62004,eta0.7_lag1_extra0,A_BAL,primary,2.0,adaptive,both_succeed,0.8173924684524536,0.8173924684524536,0.0,0.0,a971b4cbfd85c214ac8cb8db8d2b892b49b7a627774c77a4ec423c01a769c3d8,artifacts/da_plcbf/actuator-diagnostics-20260906/v1/fresh-validation-common-states-v1/cd79d034b2e125bfafd47a634fc8c7909101ad27bbc554665d171e8ba247377d/common_state_report.json,b379506375f6b2a33f5f0055b6c0f8d0d179550d3312c5f0faefbd6bfe42f70c,f6851a5a20004f79cba0d1b44f3701b60edc67fd372c5d415a6660b0e52f8e02
fresh_validation,cd79d034b2e125bfafd47a634fc8c7909101ad27bbc554665d171e8ba247377d,structured_62004,eta0.7_lag1_extra0,A_BAL,primary,2.4,frozen,both_succeed,0.6484968662261963,0.6422542333602905,-0.006242632865905762,0.0,c14d48e186f17737588373b8de6ea1874753384c822b0f24a3dbce74197fbf3a,artifacts/da_plcbf/actuator-diagnostics-20260906/v1/fresh-validation-common-states-v1/cd79d034b2e125bfafd47a634fc8c7909101ad27bbc554665d171e8ba247377d/common_state_report.json,b379506375f6b2a33f5f0055b6c0f8d0d179550d3312c5f0faefbd6bfe42f70c,f6851a5a20004f79cba0d1b44f3701b60edc67fd372c5d415a6660b0e52f8e02
fresh_validation,cd79d034b2e125bfafd47a634fc8c7909101ad27bbc554665d171e8ba247377d,structured_62004,eta0.7_lag1_extra0,A_BAL,primary,2.4,adaptive,both_succeed,0.6484968662261963,0.6422542333602905,-0.006242632865905762,0.0,c14d48e186f17737588373b8de6ea1874753384c822b0f24a3dbce74197fbf3a,artifacts/da_plcbf/actuator-diagnostics-20260906/v1/fresh-validation-common-states-v1/cd79d034b2e125bfafd47a634fc8c7909101ad27bbc554665d171e8ba247377d/common_state_report.json,b379506375f6b2a33f5f0055b6c0f8d0d179550d3312c5f0faefbd6bfe42f70c,f6851a5a20004f79cba0d1b44f3701b60edc67fd372c5d415a6660b0e52f8e02
fresh_validation,cd79d034b2e125bfafd47a634fc8c7909101ad27bbc554665d171e8ba247377d,structured_62004,eta0.7_lag1_extra0,A_BAL,primary,2.8,frozen,both_succeed,0.6083816289901733,0.6082265377044678,-0.0001550912857055664,0.0,15fc209ad9d01065a8581a50b27a06cd4f67f4c2df64ecdd66648eaff214c41c,artifacts/da_plcbf/actuator-diagnostics-20260906/v1/fresh-validation-common-states-v1/cd79d034b2e125bfafd47a634fc8c7909101ad27bbc554665d171e8ba247377d/common_state_report.json,b379506375f6b2a33f5f0055b6c0f8d0d179550d3312c5f0faefbd6bfe42f70c,f6851a5a20004f79cba0d1b44f3701b60edc67fd372c5d415a6660b0e52f8e02
fresh_validation,cd79d034b2e125bfafd47a634fc8c7909101ad27bbc554665d171e8ba247377d,structured_62004,eta0.7_lag1_extra0,A_BAL,primary,2.8,adaptive,both_succeed,0.6083816289901733,0.6082265377044678,-0.0001550912857055664,0.0,15fc209ad9d01065a8581a50b27a06cd4f67f4c2df64ecdd66648eaff214c41c,artifacts/da_plcbf/actuator-diagnostics-20260906/v1/fresh-validation-common-states-v1/cd79d034b2e125bfafd47a634fc8c7909101ad27bbc554665d171e8ba247377d/common_state_report.json,b379506375f6b2a33f5f0055b6c0f8d0d179550d3312c5f0faefbd6bfe42f70c,f6851a5a20004f79cba0d1b44f3701b60edc67fd372c5d415a6660b0e52f8e02
fresh_validation,42cbccde8f0f6d6023469401e778069c2945dfc9c0f2c9dc0309e4a37ea7c810,structured_62004,eta0.7_lag1_extra0,PD_A,primary,2.0,frozen,both_succeed,0.8485194444656372,0.8485194444656372,0.0,0.0,a971b4cbfd85c214ac8cb8db8d2b892b49b7a627774c77a4ec423c01a769c3d8,artifacts/da_plcbf/actuator-diagnostics-20260906/v1/fresh-validation-common-states-v1/42cbccde8f0f6d6023469401e778069c2945dfc9c0f2c9dc0309e4a37ea7c810/common_state_report.json,ab32979030ad0742461e7bf339e0c832884cdec0573ef6b609626723272c5db6,ef87ba80a6e0e74253e9ded4777d1ffa6c2709ce70158641524b452134932bfa
fresh_validation,42cbccde8f0f6d6023469401e778069c2945dfc9c0f2c9dc0309e4a37ea7c810,structured_62004,eta0.7_lag1_extra0,PD_A,primary,2.0,adaptive,both_succeed,0.8485194444656372,0.8485194444656372,0.0,0.0,a971b4cbfd85c214ac8cb8db8d2b892b49b7a627774c77a4ec423c01a769c3d8,artifacts/da_plcbf/actuator-diagnostics-20260906/v1/fresh-validation-common-states-v1/42cbccde8f0f6d6023469401e778069c2945dfc9c0f2c9dc0309e4a37ea7c810/common_state_report.json,ab32979030ad0742461e7bf339e0c832884cdec0573ef6b609626723272c5db6,ef87ba80a6e0e74253e9ded4777d1ffa6c2709ce70158641524b452134932bfa
fresh_validation,42cbccde8f0f6d6023469401e778069c2945dfc9c0f2c9dc0309e4a37ea7c810,structured_62004,eta0.7_lag1_extra0,PD_A,primary,2.4,frozen,both_succeed,0.6511329412460327,0.6514696478843689,0.00033670663833618164,0.00033670663833618164,c92f9fc15fd0c9d470c370fc7862d0cce8860441779c913668bd656d8be0779c,artifacts/da_plcbf/actuator-diagnostics-20260906/v1/fresh-validation-common-states-v1/42cbccde8f0f6d6023469401e778069c2945dfc9c0f2c9dc0309e4a37ea7c810/common_state_report.json,ab32979030ad0742461e7bf339e0c832884cdec0573ef6b609626723272c5db6,ef87ba80a6e0e74253e9ded4777d1ffa6c2709ce70158641524b452134932bfa
fresh_validation,42cbccde8f0f6d6023469401e778069c2945dfc9c0f2c9dc0309e4a37ea7c810,structured_62004,eta0.7_lag1_extra0,PD_A,primary,2.4,adaptive,both_succeed,0.6511329412460327,0.6514696478843689,0.00033670663833618164,0.00033670663833618164,c92f9fc15fd0c9d470c370fc7862d0cce8860441779c913668bd656d8be0779c,artifacts/da_plcbf/actuator-diagnostics-20260906/v1/fresh-validation-common-states-v1/42cbccde8f0f6d6023469401e778069c2945dfc9c0f2c9dc0309e4a37ea7c810/common_state_report.json,ab32979030ad0742461e7bf339e0c832884cdec0573ef6b609626723272c5db6,ef87ba80a6e0e74253e9ded4777d1ffa6c2709ce70158641524b452134932bfa
fresh_validation,42cbccde8f0f6d6023469401e778069c2945dfc9c0f2c9dc0309e4a37ea7c810,structured_62004,eta0.7_lag1_extra0,PD_A,primary,2.8,frozen,both_succeed,0.6086804866790771,0.6087029576301575,2.2470951080322266e-05,2.2470951080322266e-05,580445514e4ef39c80e8fd0bf703231c2d32b772fd22d51689b2cd44e5a3ef63,artifacts/da_plcbf/actuator-diagnostics-20260906/v1/fresh-validation-common-states-v1/42cbccde8f0f6d6023469401e778069c2945dfc9c0f2c9dc0309e4a37ea7c810/common_state_report.json,ab32979030ad0742461e7bf339e0c832884cdec0573ef6b609626723272c5db6,ef87ba80a6e0e74253e9ded4777d1ffa6c2709ce70158641524b452134932bfa
fresh_validation,42cbccde8f0f6d6023469401e778069c2945dfc9c0f2c9dc0309e4a37ea7c810,structured_62004,eta0.7_lag1_extra0,PD_A,primary,2.8,adaptive,both_succeed,0.6086804866790771,0.6087029576301575,2.2470951080322266e-05,2.2470951080322266e-05,580445514e4ef39c80e8fd0bf703231c2d32b772fd22d51689b2cd44e5a3ef63,artifacts/da_plcbf/actuator-diagnostics-20260906/v1/fresh-validation-common-states-v1/42cbccde8f0f6d6023469401e778069c2945dfc9c0f2c9dc0309e4a37ea7c810/common_state_report.json,ab32979030ad0742461e7bf339e0c832884cdec0573ef6b609626723272c5db6,ef87ba80a6e0e74253e9ded4777d1ffa6c2709ce70158641524b452134932bfa
fresh_validation,1c09283b3f5bfc687c7bc82ab35f0a1a57b721e85b368ffabd5375d724b62778,structured_62004,eta1_lag1_extra0,A_BAL,primary,2.0,frozen,both_succeed,0.9189263582229614,0.9189263582229614,0.0,0.0,10c6672ad62577a414eeaac92b9333cf281d07b2b1cbf77fbbbd5ee850dafc3c,artifacts/da_plcbf/actuator-diagnostics-20260906/v1/fresh-validation-common-states-v1/1c09283b3f5bfc687c7bc82ab35f0a1a57b721e85b368ffabd5375d724b62778/common_state_report.json,ad6af60f9f7157075d81a5bea3d7ca950cc5ebd185eeafac3a89608f0b856f6d,91308d681a0da50bb1bfd490321e59271aa6a45179a4063311c9053958880765
fresh_validation,1c09283b3f5bfc687c7bc82ab35f0a1a57b721e85b368ffabd5375d724b62778,structured_62004,eta1_lag1_extra0,A_BAL,primary,2.0,adaptive,both_succeed,0.9189263582229614,0.9189263582229614,0.0,0.0,10c6672ad62577a414eeaac92b9333cf281d07b2b1cbf77fbbbd5ee850dafc3c,artifacts/da_plcbf/actuator-diagnostics-20260906/v1/fresh-validation-common-states-v1/1c09283b3f5bfc687c7bc82ab35f0a1a57b721e85b368ffabd5375d724b62778/common_state_report.json,ad6af60f9f7157075d81a5bea3d7ca950cc5ebd185eeafac3a89608f0b856f6d,91308d681a0da50bb1bfd490321e59271aa6a45179a4063311c9053958880765
fresh_validation,1c09283b3f5bfc687c7bc82ab35f0a1a57b721e85b368ffabd5375d724b62778,structured_62004,eta1_lag1_extra0,A_BAL,primary,2.4,frozen,both_succeed,0.9206414222717285,0.9206414222717285,0.0,0.0,6baa809dc4876dac732161b16fc20bf230aed6b1467756f40f9de518c25d5898,artifacts/da_plcbf/actuator-diagnostics-20260906/v1/fresh-validation-common-states-v1/1c09283b3f5bfc687c7bc82ab35f0a1a57b721e85b368ffabd5375d724b62778/common_state_report.json,ad6af60f9f7157075d81a5bea3d7ca950cc5ebd185eeafac3a89608f0b856f6d,91308d681a0da50bb1bfd490321e59271aa6a45179a4063311c9053958880765
fresh_validation,1c09283b3f5bfc687c7bc82ab35f0a1a57b721e85b368ffabd5375d724b62778,structured_62004,eta1_lag1_extra0,A_BAL,primary,2.4,adaptive,both_succeed,0.9206414222717285,0.9206414222717285,0.0,0.0,6baa809dc4876dac732161b16fc20bf230aed6b1467756f40f9de518c25d5898,artifacts/da_plcbf/actuator-diagnostics-20260906/v1/fresh-validation-common-states-v1/1c09283b3f5bfc687c7bc82ab35f0a1a57b721e85b368ffabd5375d724b62778/common_state_report.json,ad6af60f9f7157075d81a5bea3d7ca950cc5ebd185eeafac3a89608f0b856f6d,91308d681a0da50bb1bfd490321e59271aa6a45179a4063311c9053958880765
fresh_validation,1c09283b3f5bfc687c7bc82ab35f0a1a57b721e85b368ffabd5375d724b62778,structured_62004,eta1_lag1_extra0,A_BAL,primary,2.8,frozen,both_succeed,0.9204076528549194,0.9204076528549194,0.0,0.0,903c8952980eaac2795cd89b7b06aa7523a41d922ce73332aff7dcdc6fdbdbe6,artifacts/da_plcbf/actuator-diagnostics-20260906/v1/fresh-validation-common-states-v1/1c09283b3f5bfc687c7bc82ab35f0a1a57b721e85b368ffabd5375d724b62778/common_state_report.json,ad6af60f9f7157075d81a5bea3d7ca950cc5ebd185eeafac3a89608f0b856f6d,91308d681a0da50bb1bfd490321e59271aa6a45179a4063311c9053958880765
fresh_validation,1c09283b3f5bfc687c7bc82ab35f0a1a57b721e85b368ffabd5375d724b62778,structured_62004,eta1_lag1_extra0,A_BAL,primary,2.8,adaptive,both_succeed,0.9204076528549194,0.9204076528549194,0.0,0.0,903c8952980eaac2795cd89b7b06aa7523a41d922ce73332aff7dcdc6fdbdbe6,artifacts/da_plcbf/actuator-diagnostics-20260906/v1/fresh-validation-common-states-v1/1c09283b3f5bfc687c7bc82ab35f0a1a57b721e85b368ffabd5375d724b62778/common_state_report.json,ad6af60f9f7157075d81a5bea3d7ca950cc5ebd185eeafac3a89608f0b856f6d,91308d681a0da50bb1bfd490321e59271aa6a45179a4063311c9053958880765
fresh_validation,ebab5dc717d3e5c6f820826d066f16f2a981523daa42a42164f20b0812cc120b,structured_62004,eta1_lag1_extra0,PD_A,primary,2.0,frozen,both_succeed,0.9189263582229614,0.9189263582229614,0.0,0.0,10c6672ad62577a414eeaac92b9333cf281d07b2b1cbf77fbbbd5ee850dafc3c,artifacts/da_plcbf/actuator-diagnostics-20260906/v1/fresh-validation-common-states-v1/ebab5dc717d3e5c6f820826d066f16f2a981523daa42a42164f20b0812cc120b/common_state_report.json,dd6d36fb95e4a3c3ab5e551032ae9fa44875f3589bf008d36b41918ca2e8bf29,2ce38f4b316b53c63fd1b867c4863e9fd0ceff4648517dcd4e83403875292871
fresh_validation,ebab5dc717d3e5c6f820826d066f16f2a981523daa42a42164f20b0812cc120b,structured_62004,eta1_lag1_extra0,PD_A,primary,2.0,adaptive,both_succeed,0.9189263582229614,0.9189263582229614,0.0,0.0,10c6672ad62577a414eeaac92b9333cf281d07b2b1cbf77fbbbd5ee850dafc3c,artifacts/da_plcbf/actuator-diagnostics-20260906/v1/fresh-validation-common-states-v1/ebab5dc717d3e5c6f820826d066f16f2a981523daa42a42164f20b0812cc120b/common_state_report.json,dd6d36fb95e4a3c3ab5e551032ae9fa44875f3589bf008d36b41918ca2e8bf29,2ce38f4b316b53c63fd1b867c4863e9fd0ceff4648517dcd4e83403875292871
fresh_validation,ebab5dc717d3e5c6f820826d066f16f2a981523daa42a42164f20b0812cc120b,structured_62004,eta1_lag1_extra0,PD_A,primary,2.4,frozen,both_succeed,0.9206414222717285,0.9206414222717285,0.0,0.0,6baa809dc4876dac732161b16fc20bf230aed6b1467756f40f9de518c25d5898,artifacts/da_plcbf/actuator-diagnostics-20260906/v1/fresh-validation-common-states-v1/ebab5dc717d3e5c6f820826d066f16f2a981523daa42a42164f20b0812cc120b/common_state_report.json,dd6d36fb95e4a3c3ab5e551032ae9fa44875f3589bf008d36b41918ca2e8bf29,2ce38f4b316b53c63fd1b867c4863e9fd0ceff4648517dcd4e83403875292871
fresh_validation,ebab5dc717d3e5c6f820826d066f16f2a981523daa42a42164f20b0812cc120b,structured_62004,eta1_lag1_extra0,PD_A,primary,2.4,adaptive,both_succeed,0.9206414222717285,0.9206414222717285,0.0,0.0,6baa809dc4876dac732161b16fc20bf230aed6b1467756f40f9de518c25d5898,artifacts/da_plcbf/actuator-diagnostics-20260906/v1/fresh-validation-common-states-v1/ebab5dc717d3e5c6f820826d066f16f2a981523daa42a42164f20b0812cc120b/common_state_report.json,dd6d36fb95e4a3c3ab5e551032ae9fa44875f3589bf008d36b41918ca2e8bf29,2ce38f4b316b53c63fd1b867c4863e9fd0ceff4648517dcd4e83403875292871
fresh_validation,ebab5dc717d3e5c6f820826d066f16f2a981523daa42a42164f20b0812cc120b,structured_62004,eta1_lag1_extra0,PD_A,primary,2.8,frozen,both_succeed,0.9204093217849731,0.9204093217849731,0.0,0.0,903c8952980eaac2795cd89b7b06aa7523a41d922ce73332aff7dcdc6fdbdbe6,artifacts/da_plcbf/actuator-diagnostics-20260906/v1/fresh-validation-common-states-v1/ebab5dc717d3e5c6f820826d066f16f2a981523daa42a42164f20b0812cc120b/common_state_report.json,dd6d36fb95e4a3c3ab5e551032ae9fa44875f3589bf008d36b41918ca2e8bf29,2ce38f4b316b53c63fd1b867c4863e9fd0ceff4648517dcd4e83403875292871
fresh_validation,ebab5dc717d3e5c6f820826d066f16f2a981523daa42a42164f20b0812cc120b,structured_62004,eta1_lag1_extra0,PD_A,primary,2.8,adaptive,both_succeed,0.9204093217849731,0.9204093217849731,0.0,0.0,903c8952980eaac2795cd89b7b06aa7523a41d922ce73332aff7dcdc6fdbdbe6,artifacts/da_plcbf/actuator-diagnostics-20260906/v1/fresh-validation-common-states-v1/ebab5dc717d3e5c6f820826d066f16f2a981523daa42a42164f20b0812cc120b/common_state_report.json,dd6d36fb95e4a3c3ab5e551032ae9fa44875f3589bf008d36b41918ca2e8bf29,2ce38f4b316b53c63fd1b867c4863e9fd0ceff4648517dcd4e83403875292871
numerical_robustness,b493ba4963d207d3ba44b04f8fde240d4d3c5aec5a46bffbaed9a0a924ef5880,structured_30101,eta0.7_lag1_extra0,A_BAL,fresh_build_1,2.0,frozen,frozen_alone_succeeds,0.6524287462234497,0.6524287462234497,0.0,0.0,ead5a64340a77a87dd7ceabdbd03dfecf1337065a3c3de95ff19a9856737a6ba,artifacts/da_plcbf/actuator-diagnostics-20260906/v1/numerical-robustness-common-states-v1/b493ba4963d207d3ba44b04f8fde240d4d3c5aec5a46bffbaed9a0a924ef5880/common_state_report.json,7293e9f2f92746b3ef91d12e947595d38f48356b9ec5b8e31070145b5112cf5f,54c8835a2836e434994286e0e07e6c6481727d9ecca2118de244e0d8e4b12c22
numerical_robustness,b493ba4963d207d3ba44b04f8fde240d4d3c5aec5a46bffbaed9a0a924ef5880,structured_30101,eta0.7_lag1_extra0,A_BAL,fresh_build_1,2.0,adaptive,frozen_alone_succeeds,0.6524287462234497,0.6524287462234497,0.0,0.0,ead5a64340a77a87dd7ceabdbd03dfecf1337065a3c3de95ff19a9856737a6ba,artifacts/da_plcbf/actuator-diagnostics-20260906/v1/numerical-robustness-common-states-v1/b493ba4963d207d3ba44b04f8fde240d4d3c5aec5a46bffbaed9a0a924ef5880/common_state_report.json,7293e9f2f92746b3ef91d12e947595d38f48356b9ec5b8e31070145b5112cf5f,54c8835a2836e434994286e0e07e6c6481727d9ecca2118de244e0d8e4b12c22
numerical_robustness,b493ba4963d207d3ba44b04f8fde240d4d3c5aec5a46bffbaed9a0a924ef5880,structured_30101,eta0.7_lag1_extra0,A_BAL,fresh_build_1,2.4,frozen,frozen_alone_succeeds,0.4759170114994049,0.48323723673820496,0.007320225238800049,0.007320225238800049,f5ffa8a2e9a0fa36bd944842b7ddede0c26aead8dc5756bc59030d9649d66b22,artifacts/da_plcbf/actuator-diagnostics-20260906/v1/numerical-robustness-common-states-v1/b493ba4963d207d3ba44b04f8fde240d4d3c5aec5a46bffbaed9a0a924ef5880/common_state_report.json,7293e9f2f92746b3ef91d12e947595d38f48356b9ec5b8e31070145b5112cf5f,54c8835a2836e434994286e0e07e6c6481727d9ecca2118de244e0d8e4b12c22
numerical_robustness,b493ba4963d207d3ba44b04f8fde240d4d3c5aec5a46bffbaed9a0a924ef5880,structured_30101,eta0.7_lag1_extra0,A_BAL,fresh_build_1,2.4,adaptive,frozen_alone_succeeds,0.4759170114994049,0.48323723673820496,0.007320225238800049,0.007320225238800049,f5ffa8a2e9a0fa36bd944842b7ddede0c26aead8dc5756bc59030d9649d66b22,artifacts/da_plcbf/actuator-diagnostics-20260906/v1/numerical-robustness-common-states-v1/b493ba4963d207d3ba44b04f8fde240d4d3c5aec5a46bffbaed9a0a924ef5880/common_state_report.json,7293e9f2f92746b3ef91d12e947595d38f48356b9ec5b8e31070145b5112cf5f,54c8835a2836e434994286e0e07e6c6481727d9ecca2118de244e0d8e4b12c22
numerical_robustness,b493ba4963d207d3ba44b04f8fde240d4d3c5aec5a46bffbaed9a0a924ef5880,structured_30101,eta0.7_lag1_extra0,A_BAL,fresh_build_1,2.8,frozen,frozen_alone_succeeds,0.43964216113090515,0.43979910016059875,0.00015693902969360352,0.00015693902969360352,299a9e6ced76d2052e044e8992fe3cd318fecb1216e1fc720bb8fe4498f457f1,artifacts/da_plcbf/actuator-diagnostics-20260906/v1/numerical-robustness-common-states-v1/b493ba4963d207d3ba44b04f8fde240d4d3c5aec5a46bffbaed9a0a924ef5880/common_state_report.json,7293e9f2f92746b3ef91d12e947595d38f48356b9ec5b8e31070145b5112cf5f,54c8835a2836e434994286e0e07e6c6481727d9ecca2118de244e0d8e4b12c22
numerical_robustness,b493ba4963d207d3ba44b04f8fde240d4d3c5aec5a46bffbaed9a0a924ef5880,structured_30101,eta0.7_lag1_extra0,A_BAL,fresh_build_1,2.8,adaptive,frozen_alone_succeeds,0.43421074748039246,0.434400349855423,0.00018960237503051758,0.00018960237503051758,9717cc2c2cfe8cf5490188b732e5f76a4f6c34d0079a6a83d58e9a444a137178,artifacts/da_plcbf/actuator-diagnostics-20260906/v1/numerical-robustness-common-states-v1/b493ba4963d207d3ba44b04f8fde240d4d3c5aec5a46bffbaed9a0a924ef5880/common_state_report.json,7293e9f2f92746b3ef91d12e947595d38f48356b9ec5b8e31070145b5112cf5f,54c8835a2836e434994286e0e07e6c6481727d9ecca2118de244e0d8e4b12c22
numerical_robustness,c70a7a01f2282cdc8a53b4976186267186fadace92b566d4791d145d8d3324ce,structured_30101,eta0.7_lag1_extra0,A_BAL,fresh_build_2,2.0,frozen,frozen_alone_succeeds,0.652424693107605,0.652424693107605,0.0,0.0,bb0037b96a40780f20ac1e4fc7b66540c74c492385f208177f629c311bc638ba,artifacts/da_plcbf/actuator-diagnostics-20260906/v1/numerical-robustness-common-states-v1/c70a7a01f2282cdc8a53b4976186267186fadace92b566d4791d145d8d3324ce/common_state_report.json,e596958d72843101c2220da03fe974c0f341d17717af764f6f8ac9b189baf2d6,47e30cdb744b1ddce0ed09a8e439d303be2465947a713a1278b3f987aa5f6002
numerical_robustness,c70a7a01f2282cdc8a53b4976186267186fadace92b566d4791d145d8d3324ce,structured_30101,eta0.7_lag1_extra0,A_BAL,fresh_build_2,2.0,adaptive,frozen_alone_succeeds,0.652424693107605,0.652424693107605,0.0,0.0,bb0037b96a40780f20ac1e4fc7b66540c74c492385f208177f629c311bc638ba,artifacts/da_plcbf/actuator-diagnostics-20260906/v1/numerical-robustness-common-states-v1/c70a7a01f2282cdc8a53b4976186267186fadace92b566d4791d145d8d3324ce/common_state_report.json,e596958d72843101c2220da03fe974c0f341d17717af764f6f8ac9b189baf2d6,47e30cdb744b1ddce0ed09a8e439d303be2465947a713a1278b3f987aa5f6002
numerical_robustness,c70a7a01f2282cdc8a53b4976186267186fadace92b566d4791d145d8d3324ce,structured_30101,eta0.7_lag1_extra0,A_BAL,fresh_build_2,2.4,frozen,frozen_alone_succeeds,0.4759153425693512,0.4832387864589691,0.00732344388961792,0.00732344388961792,ff3bfc5192ca34a03505ab3137ffce61f8d09b8b9088e4ca901bd49a5dc32b4d,artifacts/da_plcbf/actuator-diagnostics-20260906/v1/numerical-robustness-common-states-v1/c70a7a01f2282cdc8a53b4976186267186fadace92b566d4791d145d8d3324ce/common_state_report.json,e596958d72843101c2220da03fe974c0f341d17717af764f6f8ac9b189baf2d6,47e30cdb744b1ddce0ed09a8e439d303be2465947a713a1278b3f987aa5f6002
numerical_robustness,c70a7a01f2282cdc8a53b4976186267186fadace92b566d4791d145d8d3324ce,structured_30101,eta0.7_lag1_extra0,A_BAL,fresh_build_2,2.4,adaptive,frozen_alone_succeeds,0.4759153425693512,0.4832387864589691,0.00732344388961792,0.00732344388961792,ff3bfc5192ca34a03505ab3137ffce61f8d09b8b9088e4ca901bd49a5dc32b4d,artifacts/da_plcbf/actuator-diagnostics-20260906/v1/numerical-robustness-common-states-v1/c70a7a01f2282cdc8a53b4976186267186fadace92b566d4791d145d8d3324ce/common_state_report.json,e596958d72843101c2220da03fe974c0f341d17717af764f6f8ac9b189baf2d6,47e30cdb744b1ddce0ed09a8e439d303be2465947a713a1278b3f987aa5f6002
numerical_robustness,c70a7a01f2282cdc8a53b4976186267186fadace92b566d4791d145d8d3324ce,structured_30101,eta0.7_lag1_extra0,A_BAL,fresh_build_2,2.8,frozen,frozen_alone_succeeds,0.4398079216480255,0.4399631917476654,0.00015527009963989258,0.00015527009963989258,4c14c87f282b1ea13ea8892638dd4588cd4e8d2843560b86161a464df2daf954,artifacts/da_plcbf/actuator-diagnostics-20260906/v1/numerical-robustness-common-states-v1/c70a7a01f2282cdc8a53b4976186267186fadace92b566d4791d145d8d3324ce/common_state_report.json,e596958d72843101c2220da03fe974c0f341d17717af764f6f8ac9b189baf2d6,47e30cdb744b1ddce0ed09a8e439d303be2465947a713a1278b3f987aa5f6002
numerical_robustness,c70a7a01f2282cdc8a53b4976186267186fadace92b566d4791d145d8d3324ce,structured_30101,eta0.7_lag1_extra0,A_BAL,fresh_build_2,2.8,adaptive,frozen_alone_succeeds,0.43421193957328796,0.43440160155296326,0.00018966197967529297,0.00018966197967529297,3fe48cb62a1ad169708a6f49ef0f816b0a98d869b890d132b61063a29acfb56f,artifacts/da_plcbf/actuator-diagnostics-20260906/v1/numerical-robustness-common-states-v1/c70a7a01f2282cdc8a53b4976186267186fadace92b566d4791d145d8d3324ce/common_state_report.json,e596958d72843101c2220da03fe974c0f341d17717af764f6f8ac9b189baf2d6,47e30cdb744b1ddce0ed09a8e439d303be2465947a713a1278b3f987aa5f6002
numerical_robustness,c92d6cb7ec3307d546f722b32ad8c85ab065c945070397f725ad2f04a164f06a,structured_30101,eta0.7_lag1_extra0,A_BAL,perturb_minus,2.0,frozen,frozen_alone_succeeds,0.6524384021759033,0.6524384021759033,0.0,0.0,eb85d0be973535e43721441bca67514cf60ba7a32ea2cf8e98f43c6b8c2274a4,artifacts/da_plcbf/actuator-diagnostics-20260906/v1/numerical-robustness-common-states-v1/c92d6cb7ec3307d546f722b32ad8c85ab065c945070397f725ad2f04a164f06a/common_state_report.json,fd43a8cef9024366f5867b235956d980524b9296e206b7a5ff1588c2514f1ab9,b3a21483cdae3756e65e66485d307a8851462f55c6da54f12433eefec5e651d8
numerical_robustness,c92d6cb7ec3307d546f722b32ad8c85ab065c945070397f725ad2f04a164f06a,structured_30101,eta0.7_lag1_extra0,A_BAL,perturb_minus,2.0,adaptive,frozen_alone_succeeds,0.6524384021759033,0.6524384021759033,0.0,0.0,eb85d0be973535e43721441bca67514cf60ba7a32ea2cf8e98f43c6b8c2274a4,artifacts/da_plcbf/actuator-diagnostics-20260906/v1/numerical-robustness-common-states-v1/c92d6cb7ec3307d546f722b32ad8c85ab065c945070397f725ad2f04a164f06a/common_state_report.json,fd43a8cef9024366f5867b235956d980524b9296e206b7a5ff1588c2514f1ab9,b3a21483cdae3756e65e66485d307a8851462f55c6da54f12433eefec5e651d8
numerical_robustness,c92d6cb7ec3307d546f722b32ad8c85ab065c945070397f725ad2f04a164f06a,structured_30101,eta0.7_lag1_extra0,A_BAL,perturb_minus,2.4,frozen,frozen_alone_succeeds,0.4759106934070587,0.4832436144351959,0.007332921028137207,0.007332921028137207,e172fc75539707f59d0a10319786bc5a3eb1ea49865cc5bccccb3e3c5b5729b8,artifacts/da_plcbf/actuator-diagnostics-20260906/v1/numerical-robustness-common-states-v1/c92d6cb7ec3307d546f722b32ad8c85ab065c945070397f725ad2f04a164f06a/common_state_report.json,fd43a8cef9024366f5867b235956d980524b9296e206b7a5ff1588c2514f1ab9,b3a21483cdae3756e65e66485d307a8851462f55c6da54f12433eefec5e651d8
numerical_robustness,c92d6cb7ec3307d546f722b32ad8c85ab065c945070397f725ad2f04a164f06a,structured_30101,eta0.7_lag1_extra0,A_BAL,perturb_minus,2.4,adaptive,frozen_alone_succeeds,0.4759106934070587,0.4832436144351959,0.007332921028137207,0.007332921028137207,e172fc75539707f59d0a10319786bc5a3eb1ea49865cc5bccccb3e3c5b5729b8,artifacts/da_plcbf/actuator-diagnostics-20260906/v1/numerical-robustness-common-states-v1/c92d6cb7ec3307d546f722b32ad8c85ab065c945070397f725ad2f04a164f06a/common_state_report.json,fd43a8cef9024366f5867b235956d980524b9296e206b7a5ff1588c2514f1ab9,b3a21483cdae3756e65e66485d307a8851462f55c6da54f12433eefec5e651d8
numerical_robustness,c92d6cb7ec3307d546f722b32ad8c85ab065c945070397f725ad2f04a164f06a,structured_30101,eta0.7_lag1_extra0,A_BAL,perturb_minus,2.8,frozen,frozen_alone_succeeds,0.43979576230049133,0.439951092004776,0.00015532970428466797,0.00015532970428466797,fdb94b2b0b59f1d3be4d6af184ec1d5d435a14a99784a7224ecbdfb112564621,artifacts/da_plcbf/actuator-diagnostics-20260906/v1/numerical-robustness-common-states-v1/c92d6cb7ec3307d546f722b32ad8c85ab065c945070397f725ad2f04a164f06a/common_state_report.json,fd43a8cef9024366f5867b235956d980524b9296e206b7a5ff1588c2514f1ab9,b3a21483cdae3756e65e66485d307a8851462f55c6da54f12433eefec5e651d8
numerical_robustness,c92d6cb7ec3307d546f722b32ad8c85ab065c945070397f725ad2f04a164f06a,structured_30101,eta0.7_lag1_extra0,A_BAL,perturb_minus,2.8,adaptive,frozen_alone_succeeds,0.43421366810798645,0.43440231680870056,0.00018864870071411133,0.00018864870071411133,bf7c9d29558ca02d4eb5b5f3319baf5d8a13dd6644a1296e8f1444078041f920,artifacts/da_plcbf/actuator-diagnostics-20260906/v1/numerical-robustness-common-states-v1/c92d6cb7ec3307d546f722b32ad8c85ab065c945070397f725ad2f04a164f06a/common_state_report.json,fd43a8cef9024366f5867b235956d980524b9296e206b7a5ff1588c2514f1ab9,b3a21483cdae3756e65e66485d307a8851462f55c6da54f12433eefec5e651d8
numerical_robustness,2b570141ccfe52947ccb6064b71be839a810e779444f2777c4e0d50f64dba334,structured_30101,eta0.7_lag1_extra0,A_BAL,perturb_plus,2.0,frozen,frozen_alone_succeeds,0.6524289846420288,0.6524289846420288,0.0,0.0,c74d2fab50e4de58d8bdabe9010868b6df4bf9f38d27c14e06a9047c1ad55ce0,artifacts/da_plcbf/actuator-diagnostics-20260906/v1/numerical-robustness-common-states-v1/2b570141ccfe52947ccb6064b71be839a810e779444f2777c4e0d50f64dba334/common_state_report.json,2dc0a9d30e8234b027d63d1eb63a162e36a9a1938512de4c36ada9cfcd176821,14763b54cd56c5d89d91b0e6bdebbc99e331a3ea22279c8febf82294090bd039
numerical_robustness,2b570141ccfe52947ccb6064b71be839a810e779444f2777c4e0d50f64dba334,structured_30101,eta0.7_lag1_extra0,A_BAL,perturb_plus,2.0,adaptive,frozen_alone_succeeds,0.6524289846420288,0.6524289846420288,0.0,0.0,c74d2fab50e4de58d8bdabe9010868b6df4bf9f38d27c14e06a9047c1ad55ce0,artifacts/da_plcbf/actuator-diagnostics-20260906/v1/numerical-robustness-common-states-v1/2b570141ccfe52947ccb6064b71be839a810e779444f2777c4e0d50f64dba334/common_state_report.json,2dc0a9d30e8234b027d63d1eb63a162e36a9a1938512de4c36ada9cfcd176821,14763b54cd56c5d89d91b0e6bdebbc99e331a3ea22279c8febf82294090bd039
numerical_robustness,2b570141ccfe52947ccb6064b71be839a810e779444f2777c4e0d50f64dba334,structured_30101,eta0.7_lag1_extra0,A_BAL,perturb_plus,2.4,frozen,frozen_alone_succeeds,0.4759209454059601,0.48324891924858093,0.00732797384262085,0.00732797384262085,9fe1c10ad8b392c3bbcc5bbd97543e1ecd236aa84d7131fa08fdcf45a0828596,artifacts/da_plcbf/actuator-diagnostics-20260906/v1/numerical-robustness-common-states-v1/2b570141ccfe52947ccb6064b71be839a810e779444f2777c4e0d50f64dba334/common_state_report.json,2dc0a9d30e8234b027d63d1eb63a162e36a9a1938512de4c36ada9cfcd176821,14763b54cd56c5d89d91b0e6bdebbc99e331a3ea22279c8febf82294090bd039
numerical_robustness,2b570141ccfe52947ccb6064b71be839a810e779444f2777c4e0d50f64dba334,structured_30101,eta0.7_lag1_extra0,A_BAL,perturb_plus,2.4,adaptive,frozen_alone_succeeds,0.4759209454059601,0.48324891924858093,0.00732797384262085,0.00732797384262085,9fe1c10ad8b392c3bbcc5bbd97543e1ecd236aa84d7131fa08fdcf45a0828596,artifacts/da_plcbf/actuator-diagnostics-20260906/v1/numerical-robustness-common-states-v1/2b570141ccfe52947ccb6064b71be839a810e779444f2777c4e0d50f64dba334/common_state_report.json,2dc0a9d30e8234b027d63d1eb63a162e36a9a1938512de4c36ada9cfcd176821,14763b54cd56c5d89d91b0e6bdebbc99e331a3ea22279c8febf82294090bd039
numerical_robustness,2b570141ccfe52947ccb6064b71be839a810e779444f2777c4e0d50f64dba334,structured_30101,eta0.7_lag1_extra0,A_BAL,perturb_plus,2.8,frozen,frozen_alone_succeeds,0.43780359625816345,0.43795958161354065,0.00015598535537719727,0.00015598535537719727,a5dde4b9f3dbfcfd2a738968ba4726e22ac497b7688c7b85c66e39efb35045b6,artifacts/da_plcbf/actuator-diagnostics-20260906/v1/numerical-robustness-common-states-v1/2b570141ccfe52947ccb6064b71be839a810e779444f2777c4e0d50f64dba334/common_state_report.json,2dc0a9d30e8234b027d63d1eb63a162e36a9a1938512de4c36ada9cfcd176821,14763b54cd56c5d89d91b0e6bdebbc99e331a3ea22279c8febf82294090bd039
numerical_robustness,2b570141ccfe52947ccb6064b71be839a810e779444f2777c4e0d50f64dba334,structured_30101,eta0.7_lag1_extra0,A_BAL,perturb_plus,2.8,adaptive,frozen_alone_succeeds,0.43421831727027893,0.43440815806388855,0.00018984079360961914,0.00018984079360961914,7fe4c797d383703f550df7eb1360f2132456b7d5540ef148f827e4da9688fe71,artifacts/da_plcbf/actuator-diagnostics-20260906/v1/numerical-robustness-common-states-v1/2b570141ccfe52947ccb6064b71be839a810e779444f2777c4e0d50f64dba334/common_state_report.json,2dc0a9d30e8234b027d63d1eb63a162e36a9a1938512de4c36ada9cfcd176821,14763b54cd56c5d89d91b0e6bdebbc99e331a3ea22279c8febf82294090bd039
