actual_collision,cell,collider_clearance_lower_m,control_count,controller_deadline_any,controller_deadline_miss_rate,controller_mean_seconds,controller_p95_seconds,diagnostic_callback_seconds,enclosure_clearance_lower_m,execution_wall_per_physical_second,execution_wall_seconds,learner_mean_seconds,library_seed,method,n_episodes,operational_violation,physical_time_seconds,physical_world_id,role,safe_task_completion,simulator_and_audit_seconds,statistic,termination
1,structured_nominal,-0.005666102943461505,136,0,0.0,0.015201146053561173,0.015934096416458488,0.0,-0.02752593207887486,0.43798461221364704,2.373876598197967,0.0,11,F2,,0,5.42,world-67627da8248dc07adc92a35eace32777ec857728761da6b86bdc4c34118b638a,main,0.0,0.22489051381126046,,physical_collision
0,structured_nominal,0.17444064174480967,350,0,0.0,0.015234959315774696,0.01565562861505896,0.0,0.156916250100922,0.43796797030206236,6.131551584228873,0.0,11,DR,,0,14.0,world-67627da8248dc07adc92a35eace32777ec857728761da6b86bdc4c34118b638a,main,1.0,0.5745405023917556,,duration_complete
1,structured_nominal,-0.003567752220021738,137,0,0.0,0.01645734717552788,0.017023836076259614,0.0,-0.025194187580278672,0.9533277404880076,5.2051694630645216,0.01894937833961453,11,A,,0,5.46,world-67627da8248dc07adc92a35eace32777ec857728761da6b86bdc4c34118b638a,main,0.0,0.20710880914703012,,physical_collision
0,structured_nominal,0.1797968627689484,350,1,0.11428571428571428,0.011824124242578234,0.04374596532434225,0.0,0.15004826832101217,0.3469404002119388,4.857165602967143,0.0,11,OPT,,0,14.0,world-67627da8248dc07adc92a35eace32777ec857728761da6b86bdc4c34118b638a,main,1.0,0.5670464411377907,,duration_complete
1,structured_nominal,-0.0030167204722803182,135,0,0.0,0.015012990531546097,0.015472721960395574,0.0,-0.02518682274456594,0.4311937651318776,2.3241343940608203,0.0,23,F2,,0,5.39,world-67627da8248dc07adc92a35eace32777ec857728761da6b86bdc4c34118b638a,main,0.0,0.21760432934388518,,physical_collision
1,structured_nominal,-0.0029638188706612553,139,0,0.0,0.014974996564816014,0.015460556652396918,0.0,-0.02389116605177042,0.43292761501261046,2.398418987169862,0.0,23,DR,,0,5.54,world-67627da8248dc07adc92a35eace32777ec857728761da6b86bdc4c34118b638a,main,0.0,0.226681147236377,,physical_collision
1,structured_nominal,-0.006573183866785291,136,0,0.0,0.017325702650636873,0.019835525075905025,0.0,-0.02845917353894232,1.0026697758482497,5.454523580614477,0.019756912301732776,23,A,,0,5.4399999999999995,world-67627da8248dc07adc92a35eace32777ec857728761da6b86bdc4c34118b638a,main,0.0,0.22314850986003876,,physical_collision
1,structured_nominal,-0.0008286983909799811,172,1,0.4069767441860465,0.02291319168140289,0.05149622471071778,0.0,-0.038765390686477906,0.6288929139335255,4.311060925014317,0.0,23,OPT,,0,6.8549999999999995,world-67627da8248dc07adc92a35eace32777ec857728761da6b86bdc4c34118b638a,main,0.0,0.29060054011642933,,physical_collision
1,structured_nominal,-0.002295238270409563,137,0,0.0,0.015354072342008135,0.015846453513950108,0.0,-0.02401107966843883,0.44319091525225873,2.4176064427010715,0.0,37,F2,,0,5.455,world-67627da8248dc07adc92a35eace32777ec857728761da6b86bdc4c34118b638a,main,0.0,0.22752050962299109,,physical_collision
1,structured_nominal,-0.0012891025274109665,136,0,0.0,0.015441585554713932,0.01602894254028797,0.0,-0.023224906122100243,0.4460794643460331,2.4199810940772295,0.0,37,DR,,0,5.425,world-67627da8248dc07adc92a35eace32777ec857728761da6b86bdc4c34118b638a,main,0.0,0.23309223633259535,,physical_collision
1,structured_nominal,-0.004687982023722662,137,0,0.0,0.01713145619095133,0.020280106551945207,0.0,-0.02627773854336999,0.9883220505211349,5.401180006098002,0.019419707874529554,37,A,,0,5.465,world-67627da8248dc07adc92a35eace32777ec857728761da6b86bdc4c34118b638a,main,0.0,0.22076598601415753,,physical_collision
0,structured_nominal,0.17348134024044154,350,1,0.2257142857142857,0.015754112721021687,0.04646297763101757,0.0,0.149698342251331,0.44481216341124047,6.227370287757367,0.0,37,OPT,,0,14.0,world-67627da8248dc07adc92a35eace32777ec857728761da6b86bdc4c34118b638a,main,1.0,0.5696696923114359,,duration_complete
0,structured_nominal,0.17142074300139062,350,0,0.0,0.015361267615641867,0.016154845664277672,0.0,0.1555911938520068,0.4411194965775524,6.175672952085733,0.0,11,F2,,0,14.0,world-7c45c2763fb5039787abaa1a5effb025a93659fa966415757a1c55cd19e89410,main,1.0,0.5638791872188449,,duration_complete
0,structured_nominal,0.17325351969629252,350,0,0.0,0.015403666376535381,0.015975155122578143,0.0,0.1552454084190243,0.4446948940000896,6.225728516001254,0.0,11,DR,,0,14.0,world-7c45c2763fb5039787abaa1a5effb025a93659fa966415757a1c55cd19e89410,main,0.0,0.5964063722640276,,duration_complete
0,structured_nominal,0.1723184897732337,350,0,0.0,0.017208982428003634,0.01980680846609175,0.0,0.15552795039415218,0.9966717589247439,13.953404624946415,0.019602297072165778,11,A,,0,14.0,world-7c45c2763fb5039787abaa1a5effb025a93659fa966415757a1c55cd19e89410,main,1.0,0.5663153505884111,,duration_complete
0,structured_nominal,0.18125384407813408,350,1,0.11714285714285715,0.011800916277404342,0.043470287020318216,0.0,0.14983499721150947,0.34805862728639375,4.872820782009512,0.0,11,OPT,,0,14.0,world-7c45c2763fb5039787abaa1a5effb025a93659fa966415757a1c55cd19e89410,main,0.0,0.578064245171845,,duration_complete
0,structured_nominal,0.17044444378983092,350,0,0.0,0.015438837593953524,0.01609177840873599,0.0,0.1553298914701464,0.4432673123332539,6.205742372665554,0.0,23,F2,,0,14.0,world-7c45c2763fb5039787abaa1a5effb025a93659fa966415757a1c55cd19e89410,main,1.0,0.5834711100906134,,duration_complete
0,structured_nominal,0.17302677317870682,350,0,0.0,0.015328239280996579,0.015792788891121744,0.0,0.15509227544589252,0.4407763815751033,6.170869342051446,0.0,23,DR,,0,14.0,world-7c45c2763fb5039787abaa1a5effb025a93659fa966415757a1c55cd19e89410,main,0.0,0.5803973195143044,,duration_complete
0,structured_nominal,0.17235873998204476,350,0,0.0,0.0169950452872685,0.019391594966873527,0.0,0.15555195537164918,0.977022354557578,13.678312963806093,0.019191243216129285,23,A,,0,14.0,world-7c45c2763fb5039787abaa1a5effb025a93659fa966415757a1c55cd19e89410,main,0.0,0.5493661467917264,,duration_complete
0,structured_nominal,0.18660024668017777,350,1,0.10285714285714286,0.011484424066064614,0.043612791574560106,0.0,0.1510033343588821,0.34006323871601907,4.760885342024267,0.0,23,OPT,,0,14.0,world-7c45c2763fb5039787abaa1a5effb025a93659fa966415757a1c55cd19e89410,main,1.0,0.5932756518013775,,duration_complete
0,structured_nominal,0.17032179795786806,350,0,0.0,0.015352788579517176,0.01587380750570446,0.0,0.15402545067519643,0.4413235530124179,6.1785297421738505,0.0,37,F2,,0,14.0,world-7c45c2763fb5039787abaa1a5effb025a93659fa966415757a1c55cd19e89410,main,1.0,0.5787847158499062,,duration_complete
0,structured_nominal,0.17459144180182987,350,0,0.0,0.015276110342570714,0.01578064323402941,0.0,0.15500956158131393,0.43829807988367975,6.1361731183715165,0.0,37,DR,,0,14.0,world-7c45c2763fb5039787abaa1a5effb025a93659fa966415757a1c55cd19e89410,main,0.0,0.5702745486050844,,duration_complete
0,structured_nominal,0.17203233116228597,350,0,0.0,0.01707717774568924,0.01947954180650413,0.0,0.155430841740241,0.9889251262814339,13.844951767940074,0.01958852845510202,37,A,,0,14.0,world-7c45c2763fb5039787abaa1a5effb025a93659fa966415757a1c55cd19e89410,main,1.0,0.5582901611924171,,duration_complete
1,structured_nominal,-0.003402717167125327,134,1,0.26865671641791045,0.017109996757344967,0.04527646058704704,0.0,-0.024214207532426008,0.48264573599143046,2.579741458874196,0.0,37,OPT,,0,5.345,world-7c45c2763fb5039787abaa1a5effb025a93659fa966415757a1c55cd19e89410,main,0.0,0.22131992504000664,,physical_collision
0,structured_nominal,0.17537682677642252,350,0,0.0,0.015435948695189187,0.01614913830999285,0.0,0.15701643880839183,0.44411963071408017,6.217674829997122,0.0,11,F2,,0,14.0,world-a23c15cc2a39f6f765767c34d9b52a7f69ce92b2557da00b400aff762662e2d3,main,1.0,0.5785947903059423,,duration_complete
0,structured_nominal,0.17530631713221959,350,0,0.0,0.01544934541253107,0.015967001346871255,0.0,0.1571917166966475,0.44440710078924894,6.221699411049485,0.0,11,DR,,0,14.0,world-a23c15cc2a39f6f765767c34d9b52a7f69ce92b2557da00b400aff762662e2d3,main,1.0,0.5886620776727796,,duration_complete
0,structured_nominal,0.1758570411137153,350,0,0.0,0.017679089686966368,0.020445217611268163,0.0,0.1573167401529199,1.0244431468059443,14.342204055283219,0.020121907074270504,11,A,,0,14.0,world-a23c15cc2a39f6f765767c34d9b52a7f69ce92b2557da00b400aff762662e2d3,main,1.0,0.5926689957268536,,duration_complete
0,structured_nominal,0.18866245120530692,350,1,0.11428571428571428,0.01175550655860986,0.043900782545097175,0.0,0.14999875209835373,0.34571091391678366,4.839952794834971,0.0,11,OPT,,0,14.0,world-a23c15cc2a39f6f765767c34d9b52a7f69ce92b2557da00b400aff762662e2d3,main,1.0,0.576414629817009,,duration_complete
0,structured_nominal,0.17510804768154276,350,0,0.0,0.015387196813576988,0.01592410255689174,0.0,0.15725844715061815,0.4425999553474997,6.1963993748649955,0.0,23,F2,,0,14.0,world-a23c15cc2a39f6f765767c34d9b52a7f69ce92b2557da00b400aff762662e2d3,main,1.0,0.5753905400633812,,duration_complete
0,structured_nominal,0.1759453106196179,350,0,0.0,0.015536019750205533,0.01620046407915652,0.0,0.15675244275969863,0.44749389715226634,6.264914560131729,0.0,23,DR,,0,14.0,world-a23c15cc2a39f6f765767c34d9b52a7f69ce92b2557da00b400aff762662e2d3,main,1.0,0.6068653170950711,,duration_complete
0,structured_nominal,0.1754965226993288,350,0,0.0,0.016964559739987766,0.0185471128905192,0.0,0.15728485715471846,0.9762654307830546,13.667716030962765,0.019279025703934687,23,A,,0,14.0,world-a23c15cc2a39f6f765767c34d9b52a7f69ce92b2557da00b400aff762662e2d3,main,1.0,0.5410913252271712,,duration_complete
0,structured_nominal,0.05087775269505586,350,1,0.2714285714285714,0.01784530476400895,0.04742936186958105,0.0,0.04664797475271083,0.5039275395683944,7.054985553957522,0.0,23,OPT,,0,14.0,world-a23c15cc2a39f6f765767c34d9b52a7f69ce92b2557da00b400aff762662e2d3,main,1.0,0.6342473067343235,,duration_complete
0,structured_nominal,0.175343079177029,350,0,0.0,0.015283326974936893,0.015810702391900123,0.0,0.15713083537420475,0.439015071639525,6.1462110029533505,0.0,37,F2,,0,14.0,world-a23c15cc2a39f6f765767c34d9b52a7f69ce92b2557da00b400aff762662e2d3,main,1.0,0.5620281021110713,,duration_complete
0,structured_nominal,0.17541014225810886,350,0,0.0,0.015448744881099888,0.016013916092924775,0.0,0.1569856895472283,0.44484069880231153,6.227769783232361,0.0,37,DR,,0,14.0,world-a23c15cc2a39f6f765767c34d9b52a7f69ce92b2557da00b400aff762662e2d3,main,1.0,0.5826055794022977,,duration_complete
0,structured_nominal,0.17529141571612414,350,0,0.0,0.017332160181498954,0.01967607594560832,0.0,0.1573204823851258,1.0046379748133145,14.064931647386402,0.019865841615412917,37,A,,0,14.0,world-a23c15cc2a39f6f765767c34d9b52a7f69ce92b2557da00b400aff762662e2d3,main,1.0,0.546258298214525,,duration_complete
0,structured_nominal,0.18087588341917693,350,1,0.10571428571428572,0.011144303675474865,0.04262087289243937,0.0,0.15026245595436288,0.3271893400565854,4.580650760792196,0.0,37,OPT,,0,14.0,world-a23c15cc2a39f6f765767c34d9b52a7f69ce92b2557da00b400aff762662e2d3,main,1.0,0.529769345652312,,duration_complete
0,structured_nominal,0.16930573087181786,350,0,0.0,0.01528744057885238,0.015830002957955003,0.0,0.15500449306830322,0.4388042398329292,6.143259357661009,0.0,11,F2,,0,14.0,world-1d433a875ab8c5b18cde29d10a5bcb834ecd1de583582a8f6f6096a92dce9a85,main,1.0,0.5678381687030196,,duration_complete
0,structured_nominal,0.1623388538995293,350,0,0.0,0.01548520526183503,0.016144183883443474,0.0,0.14875238150295644,0.44608125815700206,6.245137614198029,0.0,11,DR,,0,14.0,world-1d433a875ab8c5b18cde29d10a5bcb834ecd1de583582a8f6f6096a92dce9a85,main,1.0,0.5928495679982007,,duration_complete
0,structured_nominal,0.1693945812983629,350,0,0.0,0.0174157139791974,0.019945676298812033,0.0,0.15517099986916205,1.0061910022715372,14.086674031801522,0.01977133400472147,11,A,,0,14.0,world-1d433a875ab8c5b18cde29d10a5bcb834ecd1de583582a8f6f6096a92dce9a85,main,0.0,0.5611905669793487,,duration_complete
0,structured_nominal,0.14144132480934024,350,1,0.21142857142857144,0.015098798153921962,0.04527177750132978,0.0,0.10327938019373639,0.42878094342138084,6.002933207899332,0.0,11,OPT,,0,14.0,world-1d433a875ab8c5b18cde29d10a5bcb834ecd1de583582a8f6f6096a92dce9a85,main,1.0,0.5625687935389578,,duration_complete
0,structured_nominal,0.16952863873238405,350,0,0.0,0.015329297399148345,0.016118496912531553,0.0,0.155049530955095,0.4401670791474836,6.162339108064771,0.0,23,F2,,0,14.0,world-1d433a875ab8c5b18cde29d10a5bcb834ecd1de583582a8f6f6096a92dce9a85,main,1.0,0.5608837069012225,,duration_complete
0,structured_nominal,0.15296673496862037,350,0,0.0,0.015237023774534463,0.015681756008416415,0.0,0.1413295111369558,0.437168528791517,6.120359403081238,0.0,23,DR,,0,14.0,world-1d433a875ab8c5b18cde29d10a5bcb834ecd1de583582a8f6f6096a92dce9a85,main,1.0,0.5613598534837365,,duration_complete
0,structured_nominal,0.1692345053798155,350,0,0.0,0.0173660268421684,0.02015060952398926,0.0,0.15505054904767568,1.0077868153540683,14.109015414956957,0.01987662870969091,23,A,,0,14.0,world-1d433a875ab8c5b18cde29d10a5bcb834ecd1de583582a8f6f6096a92dce9a85,main,0.0,0.5734609994105995,,duration_complete
0,structured_nominal,0.16551246594219252,350,1,0.11428571428571428,0.011745786416743483,0.044403197383508085,0.0,0.12666424063954074,0.34546001012703137,4.836440141778439,0.0,23,OPT,,0,14.0,world-1d433a875ab8c5b18cde29d10a5bcb834ecd1de583582a8f6f6096a92dce9a85,main,1.0,0.5651393770240247,,duration_complete
0,structured_nominal,0.17067308812085985,350,0,0.0,0.015277059517268623,0.015779036446474493,0.0,0.15497149333371574,0.43836929708985345,6.137170159257948,0.0,37,F2,,0,14.0,world-1d433a875ab8c5b18cde29d10a5bcb834ecd1de583582a8f6f6096a92dce9a85,main,1.0,0.5621695010922849,,duration_complete
0,structured_nominal,0.1736922849605463,350,0,0.0,0.01526544203582619,0.015891050337813795,0.0,0.1547142685982742,0.4384266881471766,6.137973634060472,0.0,37,DR,,0,14.0,world-1d433a875ab8c5b18cde29d10a5bcb834ecd1de583582a8f6f6096a92dce9a85,main,1.0,0.5625318391248584,,duration_complete
0,structured_nominal,0.1677953414208075,350,0,0.0,0.01725174933006721,0.01989468869287521,0.0,0.1551585871538772,0.9978767963392394,13.970275148749352,0.01971178928124053,37,A,,0,14.0,world-1d433a875ab8c5b18cde29d10a5bcb834ecd1de583582a8f6f6096a92dce9a85,main,0.0,0.5601445245556533,,duration_complete
1,structured_nominal,-0.0012101600638683837,130,1,0.2923076923076923,0.018376855774281116,0.05095771334599704,0.0,-0.021605651480944062,0.5155785456444033,2.662963188253343,0.0,37,OPT,,0,5.165,world-1d433a875ab8c5b18cde29d10a5bcb834ecd1de583582a8f6f6096a92dce9a85,main,0.0,0.21967859752476215,,physical_collision
0,structured_effectiveness,0.17679085744600181,350,0,0.0,0.0153237045516393,0.015847438806667925,0.0,0.15795931514682202,0.44014905200206805,6.162086728028953,0.0,11,F2,,0,14.0,world-78f6e17f374a70da63a28bf0d4e050fb3a1fbba85ccb2ee0bb9f4b4966b0eef1,main,1.0,0.5645216288976371,,duration_complete
0,structured_effectiveness,0.19178295642448123,350,0,0.0,0.015307188127189874,0.016650359658524395,0.0,0.176392599447292,0.4395289182596441,6.153404855635017,0.0,11,DR,,0,14.0,world-78f6e17f374a70da63a28bf0d4e050fb3a1fbba85ccb2ee0bb9f4b4966b0eef1,main,1.0,0.5589636038057506,,duration_complete
1,structured_effectiveness,-0.001298070170876518,114,0,0.0,0.01741246417932735,0.01937337447889149,0.0,-0.015388204519240856,1.0004520551799545,4.537050070241094,0.01949528862084997,11,A,,0,4.535,world-78f6e17f374a70da63a28bf0d4e050fb3a1fbba85ccb2ee0bb9f4b4966b0eef1,main,0.0,0.18655316391959786,,physical_collision
1,structured_effectiveness,-0.003928851896424638,110,1,0.33636363636363636,0.02011734298007055,0.04983804023358971,0.0,-0.018940169770718128,0.5583184997175644,2.4510182137601078,0.0,11,OPT,,0,4.39,world-78f6e17f374a70da63a28bf0d4e050fb3a1fbba85ccb2ee0bb9f4b4966b0eef1,main,0.0,0.18322087731212378,,physical_collision
0,structured_effectiveness,0.178122373933672,350,0,0.0,0.015284632101122821,0.01587157938629389,0.0,0.15784800886084502,0.4381924411947174,6.134694176726043,0.0,23,F2,,0,14.0,world-78f6e17f374a70da63a28bf0d4e050fb3a1fbba85ccb2ee0bb9f4b4966b0eef1,main,1.0,0.5587987368926406,,duration_complete
0,structured_effectiveness,0.18400440437963225,350,0,0.0,0.015553020175014223,0.01645290837623179,0.0,0.16652774781249532,0.4479053921531886,6.27067549014464,0.0,23,DR,,0,14.0,world-78f6e17f374a70da63a28bf0d4e050fb3a1fbba85ccb2ee0bb9f4b4966b0eef1,main,1.0,0.606049919500947,,duration_complete
1,structured_effectiveness,-0.0055654354583745,112,0,0.0,0.017729890669995387,0.020471126469783482,0.0,-0.020216317355125323,1.0318207687266614,4.596761524677277,0.020099829874067967,23,A,,0,4.455,world-78f6e17f374a70da63a28bf0d4e050fb3a1fbba85ccb2ee0bb9f4b4966b0eef1,main,0.0,0.18569205841049552,,physical_collision
1,structured_effectiveness,-0.004522911860218213,110,1,0.33636363636363636,0.02003055097619918,0.04821043636184186,0.0,-0.019467351561999212,0.5535435560874565,2.432823929004371,0.0,23,OPT,,0,4.395,world-78f6e17f374a70da63a28bf0d4e050fb3a1fbba85ccb2ee0bb9f4b4966b0eef1,main,0.0,0.18292669160291553,,physical_collision
0,structured_effectiveness,0.17607336474221674,350,0,0.0,0.015426089445661222,0.016078005521558227,0.0,0.15800582638114966,0.44392166286706924,6.214903280138969,0.0,37,F2,,0,14.0,world-78f6e17f374a70da63a28bf0d4e050fb3a1fbba85ccb2ee0bb9f4b4966b0eef1,main,1.0,0.5862263184972107,,duration_complete
1,structured_effectiveness,-0.00020773535235670882,165,0,0.0,0.015450635535473174,0.01706585856154561,0.0,-0.015495170828856675,0.4460337866459477,2.9393626539967954,0.0,37,DR,,0,6.59,world-78f6e17f374a70da63a28bf0d4e050fb3a1fbba85ccb2ee0bb9f4b4966b0eef1,main,0.0,0.2870077630504966,,physical_collision
1,structured_effectiveness,-0.004689949379548306,113,0,0.0,0.017538586639659067,0.01970369946211576,0.0,-0.019099211476146703,1.017266231170599,4.562439046800137,0.019902996582893934,37,A,,0,4.485,world-78f6e17f374a70da63a28bf0d4e050fb3a1fbba85ccb2ee0bb9f4b4966b0eef1,main,0.0,0.18424247950315475,,physical_collision
1,structured_effectiveness,-0.00033467922816205826,110,1,0.33636363636363636,0.019772475555708463,0.04719057665206492,0.0,-0.015323237306213234,0.5458125778981908,2.4015753427520394,0.0,37,OPT,,0,4.3999999999999995,world-78f6e17f374a70da63a28bf0d4e050fb3a1fbba85ccb2ee0bb9f4b4966b0eef1,main,0.0,0.1809108671732247,,physical_collision
0,structured_effectiveness,0.16863127857217441,350,0,0.0,0.015406279655705605,0.015929319662973285,0.0,0.1549027202231733,0.44230328350594,6.19224596908316,0.0,11,F2,,0,14.0,world-8133471a991fefd3acbed0932c29ce3f0f234518aad587a7036cff0e199d8ad6,main,1.0,0.5747138648293912,,duration_complete
0,structured_effectiveness,0.12477424888888064,350,0,0.0,0.015380570360326341,0.015945514617487788,0.0,0.11855367719735845,0.4417859853710979,6.185003795195371,0.0,11,DR,,0,14.0,world-8133471a991fefd3acbed0932c29ce3f0f234518aad587a7036cff0e199d8ad6,main,1.0,0.5797083741053939,,duration_complete
0,structured_effectiveness,0.17265009345387905,350,0,0.0,0.017435631046869925,0.02011238920968026,0.0,0.15454909957358665,1.0121429155780268,14.170000818092376,0.019958338011056186,11,A,,0,14.0,world-8133471a991fefd3acbed0932c29ce3f0f234518aad587a7036cff0e199d8ad6,main,1.0,0.5716487374156713,,duration_complete
0,structured_effectiveness,0.1433301716408754,350,1,0.2342857142857143,0.016055893718398044,0.04581084449309856,0.0,0.10656091031808325,0.45235935342498124,6.333030947949737,0.0,11,OPT,,0,14.0,world-8133471a991fefd3acbed0932c29ce3f0f234518aad587a7036cff0e199d8ad6,main,1.0,0.5588429756462574,,duration_complete
0,structured_effectiveness,0.16962264091537868,350,0,0.0,0.015441420895180531,0.016258879587985577,0.0,0.15482113660321373,0.44515587971545756,6.232182316016406,0.0,23,F2,,0,14.0,world-8133471a991fefd3acbed0932c29ce3f0f234518aad587a7036cff0e199d8ad6,main,1.0,0.5955245830118656,,duration_complete
1,structured_effectiveness,-6.543564651917264e-06,187,0,0.0,0.016630627755274907,0.02148652016185224,0.0,0.15466682357134254,0.4748252154285483,3.54219610709697,0.0,23,DR,,1,7.46,world-8133471a991fefd3acbed0932c29ce3f0f234518aad587a7036cff0e199d8ad6,main,0.0,0.30868599424138665,,physical_collision
0,structured_effectiveness,0.17173675297687546,350,0,0.0,0.017442783774541958,0.019727092189714312,0.0,0.15488159640209886,1.0104737250866103,14.146632151212543,0.019929008884355427,23,A,,0,14.0,world-8133471a991fefd3acbed0932c29ce3f0f234518aad587a7036cff0e199d8ad6,main,1.0,0.5491390055976808,,duration_complete
1,structured_effectiveness,-0.005107234424154683,96,1,0.3854166666666667,0.0216675910584551,0.04891325533390045,0.0,-0.03151712722943743,0.596947298793037,2.2833234178833663,0.0,23,OPT,,0,3.8249999999999997,world-8133471a991fefd3acbed0932c29ce3f0f234518aad587a7036cff0e199d8ad6,main,0.0,0.16288931481540203,,physical_collision
0,structured_effectiveness,0.16815498955885605,350,0,0.0,0.015199144883081318,0.015771846985444427,0.0,0.15495083148353306,0.4361900671917413,6.106660940684378,0.0,37,F2,,0,14.0,world-8133471a991fefd3acbed0932c29ce3f0f234518aad587a7036cff0e199d8ad6,main,1.0,0.5519486106932163,,duration_complete
1,structured_effectiveness,-0.0001525709415210071,134,0,0.0,0.0156524754615862,0.0184079027501866,0.0,0.1546127109322465,0.4507162525441404,2.40907836984843,0.0,37,DR,,1,5.345,world-8133471a991fefd3acbed0932c29ce3f0f234518aad587a7036cff0e199d8ad6,main,0.0,0.2276423191651702,,physical_collision
0,structured_effectiveness,0.1716862883496631,350,0,0.0,0.01762310088346047,0.020341213373467327,0.0,0.15497824393177295,1.0240310799396997,14.336435119155794,0.020159636557634388,37,A,,0,14.0,world-8133471a991fefd3acbed0932c29ce3f0f234518aad587a7036cff0e199d8ad6,main,1.0,0.5783626097254455,,duration_complete
1,structured_effectiveness,-0.00726847275384138,94,1,0.3723404255319149,0.022016242800399342,0.053295732801780106,0.0,-0.03505980015289255,0.6046165231615306,2.2673119618557394,0.0,37,OPT,,0,3.7499999999999996,world-8133471a991fefd3acbed0932c29ce3f0f234518aad587a7036cff0e199d8ad6,main,0.0,0.158457497600466,,physical_collision
0,structured_effectiveness,0.17571718267774697,350,0,0.0,0.015459304337522814,0.015973932389169932,0.0,0.15719383632632677,0.44458676199428737,6.224214667920023,0.0,11,F2,,0,14.0,world-aa691d45991be3dfae49d24a0c2783abfb52e20ac7d265ca5cec8b3aa03949a0,main,1.0,0.5849875430576503,,duration_complete
0,structured_effectiveness,0.17593817175259227,350,0,0.0,0.015472556673256414,0.015976488776504993,0.0,0.15727872971252665,0.4449069349960025,6.228697089944035,0.0,11,DR,,0,14.0,world-aa691d45991be3dfae49d24a0c2783abfb52e20ac7d265ca5cec8b3aa03949a0,main,1.0,0.5929013011045754,,duration_complete
0,structured_effectiveness,0.17505145294125077,350,0,0.0,0.017810085088546788,0.020478110876865685,0.0,0.15736734128411478,1.0379556629341096,14.531379281077534,0.02053080203144678,11,A,,0,14.0,world-aa691d45991be3dfae49d24a0c2783abfb52e20ac7d265ca5cec8b3aa03949a0,main,1.0,0.5759006883017719,,duration_complete
0,structured_effectiveness,0.18310771922974275,350,1,0.25142857142857145,0.016644894109506692,0.04619119593407959,0.0,0.14994210302028071,0.4695277970749885,6.573389159049839,0.0,11,OPT,,0,14.0,world-aa691d45991be3dfae49d24a0c2783abfb52e20ac7d265ca5cec8b3aa03949a0,main,1.0,0.5887840087525547,,duration_complete
0,structured_effectiveness,0.17631575452969075,350,0,0.0,0.01522661406413785,0.015711522847414016,0.0,0.15703654927235777,0.4378683080098459,6.130156312137842,0.0,23,F2,,0,14.0,world-aa691d45991be3dfae49d24a0c2783abfb52e20ac7d265ca5cec8b3aa03949a0,main,1.0,0.5609218217432499,,duration_complete
0,structured_effectiveness,0.17605092775960277,350,0,0.0,0.015199709972366691,0.015767736872658134,0.0,0.15718354514082922,0.4377233646144824,6.128127104602754,0.0,23,DR,,0,14.0,world-aa691d45991be3dfae49d24a0c2783abfb52e20ac7d265ca5cec8b3aa03949a0,main,1.0,0.5648079430684447,,duration_complete
0,structured_effectiveness,0.1752450754559383,350,0,0.0,0.017607325525688274,0.02025722234975547,0.0,0.15749155747942256,1.019868922220277,14.278164911083877,0.02010153119851436,23,A,,0,14.0,world-aa691d45991be3dfae49d24a0c2783abfb52e20ac7d265ca5cec8b3aa03949a0,main,1.0,0.5756582766771317,,duration_complete
0,structured_effectiveness,0.18628150813523367,350,1,0.2571428571428571,0.016865917033116733,0.04533531263004988,0.0,0.15000833173817685,0.4767007217077272,6.673810103908181,0.0,23,OPT,,0,14.0,world-aa691d45991be3dfae49d24a0c2783abfb52e20ac7d265ca5cec8b3aa03949a0,main,1.0,0.6059935004450381,,duration_complete
0,structured_effectiveness,0.17614508880957547,350,0,0.0,0.015397830210360033,0.016027757129631937,0.0,0.15716749621850823,0.4428685500752181,6.200159701053053,0.0,37,F2,,0,14.0,world-aa691d45991be3dfae49d24a0c2783abfb52e20ac7d265ca5cec8b3aa03949a0,main,1.0,0.5758101618848741,,duration_complete
0,structured_effectiveness,0.1763903029590815,350,0,0.0,0.015338275455204504,0.015902514243498443,0.0,0.15719066816917504,0.44129439872423454,6.178121582139283,0.0,37,DR,,0,14.0,world-aa691d45991be3dfae49d24a0c2783abfb52e20ac7d265ca5cec8b3aa03949a0,main,1.0,0.5808863108977675,,duration_complete
0,structured_effectiveness,0.17518517577760076,350,0,0.0,0.017336434933489988,0.019548172131180763,0.0,0.15738793924540884,1.004915082993518,14.068811161909252,0.019845884307952862,37,A,,0,14.0,world-aa691d45991be3dfae49d24a0c2783abfb52e20ac7d265ca5cec8b3aa03949a0,main,1.0,0.5556878731586039,,duration_complete
1,structured_effectiveness,-0.0003733763979536664,116,1,0.31896551724137934,0.02052634512877156,0.05353600159287453,0.0,-0.02478350245603733,0.5756192593426642,2.6564828818663955,0.0,37,OPT,,0,4.615,world-aa691d45991be3dfae49d24a0c2783abfb52e20ac7d265ca5cec8b3aa03949a0,main,0.0,0.2236281856894493,,physical_collision
0,structured_effectiveness,0.17564261943302123,350,0,0.0,0.015287647815421223,0.015810749516822396,0.0,0.15891660580522426,0.4393732534455402,6.151225548237562,0.0,11,F2,,0,14.0,world-671f193811cb4b8323bb0a8744584c14bdf4560a11ee9de9d6b3bd778e0708aa,main,1.0,0.563676128629595,,duration_complete
0,structured_effectiveness,0.17470220135499423,350,0,0.0,0.015331296628074987,0.015810546441935004,0.0,0.15534254327383268,0.440977794783456,6.173689126968384,0.0,11,DR,,0,14.0,world-671f193811cb4b8323bb0a8744584c14bdf4560a11ee9de9d6b3bd778e0708aa,main,1.0,0.5661658481694758,,duration_complete
0,structured_effectiveness,0.168738614336824,350,0,0.0,0.02028266718345029,0.025270128808915614,0.0,0.1578036627485846,1.0672269447906209,14.941177227068692,0.01954768861377878,11,A,,1,14.0,world-671f193811cb4b8323bb0a8744584c14bdf4560a11ee9de9d6b3bd778e0708aa,main,0.0,0.547588627319783,,duration_complete
1,structured_effectiveness,-0.009638379638646576,100,1,0.33,0.02035755106713623,0.050936683779582374,0.0,-0.026239960099502132,0.5707759710796845,2.263126725330949,0.0,11,OPT,,0,3.965,world-671f193811cb4b8323bb0a8744584c14bdf4560a11ee9de9d6b3bd778e0708aa,main,0.0,0.18258079001680017,,physical_collision
0,structured_effectiveness,0.17549173068367305,350,0,0.0,0.01526303508718099,0.015714092715643346,0.0,0.15862060331072858,0.4377031758693712,6.127844462171197,0.0,23,F2,,0,14.0,world-671f193811cb4b8323bb0a8744584c14bdf4560a11ee9de9d6b3bd778e0708aa,main,1.0,0.5594098134897649,,duration_complete
0,structured_effectiveness,0.17445799905187181,350,0,0.0,0.015485739691981247,0.01617190702818334,0.0,0.15535864732308635,0.4456352841973837,6.238893978763372,0.0,23,DR,,0,14.0,world-671f193811cb4b8323bb0a8744584c14bdf4560a11ee9de9d6b3bd778e0708aa,main,1.0,0.5864363652653992,,duration_complete
1,structured_effectiveness,-0.004561832709601615,129,0,0.0,0.017147325181452802,0.01961127072572708,0.0,-0.011582054899973656,0.9872276153857549,5.07434994308278,0.01934052931592446,23,A,,0,5.14,world-671f193811cb4b8323bb0a8744584c14bdf4560a11ee9de9d6b3bd778e0708aa,main,0.0,0.20999383507296443,,physical_collision
1,structured_effectiveness,-0.006445133577368975,101,1,0.33663366336633666,0.02042047691411606,0.04990849690511823,0.0,-0.022326280351841695,0.568090856338738,2.289406151045114,0.0,23,OPT,,0,4.029999999999999,world-671f193811cb4b8323bb0a8744584c14bdf4560a11ee9de9d6b3bd778e0708aa,main,0.0,0.18317303946241736,,physical_collision
0,structured_effectiveness,0.17454430766733942,350,0,0.0,0.015416373889893293,0.015982306189835073,0.0,0.1554405518705062,0.4442113969874169,6.218959557823837,0.0,37,F2,,0,14.0,world-671f193811cb4b8323bb0a8744584c14bdf4560a11ee9de9d6b3bd778e0708aa,main,1.0,0.5870530400425196,,duration_complete
0,structured_effectiveness,0.17344849072946267,350,0,0.0,0.015359449736507876,0.015848012850619854,0.0,0.15551761058601155,0.44075865478121806,6.170621166937053,0.0,37,DR,,0,14.0,world-671f193811cb4b8323bb0a8744584c14bdf4560a11ee9de9d6b3bd778e0708aa,main,1.0,0.565415711607784,,duration_complete
1,structured_effectiveness,-0.005505427716293657,131,0,0.0,0.01731125570705715,0.019531900994479656,0.0,-0.01198622517545744,0.9957872779458165,5.212946400046349,0.01954655577819652,37,A,,0,5.234999999999999,world-671f193811cb4b8323bb0a8744584c14bdf4560a11ee9de9d6b3bd778e0708aa,main,0.0,0.21098629711195827,,physical_collision
1,structured_effectiveness,-0.009153451373622628,101,1,0.33663366336633666,0.0206422035231965,0.04933878127485514,0.0,-0.02500292174452545,0.5709357139604834,2.30372560583055,0.0,37,OPT,,0,4.034999999999999,world-671f193811cb4b8323bb0a8744584c14bdf4560a11ee9de9d6b3bd778e0708aa,main,0.0,0.17534705949947238,,physical_collision
0,structured_lag,0.17369121464235082,350,0,0.0,0.015528833799596345,0.016169537650421263,0.0,0.15509151179151168,0.44773452898620497,6.268283405806869,0.0,11,F2,,0,14.0,world-645c688aee7824d59eeb0c2acb86398d0cbd31191320d830599205b677dfb232,main,0.0,0.6035590576939285,,duration_complete
0,structured_lag,0.17522475034230103,350,0,0.0,0.015365239941914167,0.01591989817097783,0.0,0.1561203908460492,0.44173228477926124,6.184251986909658,0.0,11,DR,,0,14.0,world-645c688aee7824d59eeb0c2acb86398d0cbd31191320d830599205b677dfb232,main,0.0,0.5781156145967543,,duration_complete
0,structured_lag,0.17421613695265517,350,0,0.0,0.017340441718697547,0.020149971917271615,0.0,0.1556828146405955,1.001075586004715,14.015058204066008,0.01976947904165302,11,A,,0,14.0,world-645c688aee7824d59eeb0c2acb86398d0cbd31191320d830599205b677dfb232,main,0.0,0.565990558359772,,duration_complete
1,structured_lag,-0.008062904458883616,122,1,0.27049180327868855,0.018811152244108866,0.05345792623702435,0.0,-0.030267663445340397,0.5262078303217766,2.5678942119702697,0.0,11,OPT,,0,4.879999999999999,world-645c688aee7824d59eeb0c2acb86398d0cbd31191320d830599205b677dfb232,main,0.0,0.21990305464714766,,physical_collision
0,structured_lag,0.023768317488467576,350,0,0.0,0.015381214627996086,0.01605678254272789,0.0,0.008400260823500394,0.44207590113260914,6.189062615856528,0.0,23,F2,,0,14.0,world-645c688aee7824d59eeb0c2acb86398d0cbd31191320d830599205b677dfb232,main,0.0,0.5757854012772441,,duration_complete
1,structured_lag,-0.002453676285632212,150,0,0.0,0.01561615695245564,0.017017261474393308,0.0,-0.018571947690503,0.4508916958854787,2.6940778829157352,0.0,23,DR,,0,5.975,world-645c688aee7824d59eeb0c2acb86398d0cbd31191320d830599205b677dfb232,main,0.0,0.25743884965777397,,physical_collision
0,structured_lag,0.174037077184069,350,0,0.0,0.017331874136413846,0.01947707512881607,0.0,0.15552295529608803,1.0032359833629536,14.04530376708135,0.019745117983381664,23,A,,0,14.0,world-645c688aee7824d59eeb0c2acb86398d0cbd31191320d830599205b677dfb232,main,0.0,0.5421211887151003,,duration_complete
1,structured_lag,-0.003897312220339958,124,1,0.28225806451612906,0.017927049137201282,0.04878048964310437,0.0,-0.023985823547550876,0.5011940493622251,2.478404574096203,0.0,23,OPT,,0,4.944999999999999,world-645c688aee7824d59eeb0c2acb86398d0cbd31191320d830599205b677dfb232,main,0.0,0.20573213463649154,,physical_collision
0,structured_lag,0.030648888720766824,350,0,0.0,0.015399702960359198,0.016721483343280854,0.0,0.01602989905454274,0.4433724248582231,6.207213948015124,0.0,37,F2,,0,14.0,world-645c688aee7824d59eeb0c2acb86398d0cbd31191320d830599205b677dfb232,main,0.0,0.5767884720116854,,duration_complete
0,structured_lag,0.17515957147618672,350,0,0.0,0.015098838907267367,0.015587362460792065,0.0,0.15602486685652792,0.43469500654776183,6.085730091668665,0.0,37,DR,,0,14.0,world-645c688aee7824d59eeb0c2acb86398d0cbd31191320d830599205b677dfb232,main,0.0,0.5657437089830637,,duration_complete
0,structured_lag,0.17381206133129096,350,0,0.0,0.016994112647537675,0.0189210839336738,0.0,0.1553090455486211,0.9816573503028069,13.743202904239297,0.019455821652497565,37,A,,0,14.0,world-645c688aee7824d59eeb0c2acb86398d0cbd31191320d830599205b677dfb232,main,0.0,0.5436629797331989,,duration_complete
1,structured_lag,-0.008062904458883616,122,1,0.27049180327868855,0.017768849324831953,0.051938440860249104,0.0,-0.030267663445340397,0.494941061297737,2.4153123791329563,0.0,37,OPT,,0,4.879999999999999,world-645c688aee7824d59eeb0c2acb86398d0cbd31191320d830599205b677dfb232,main,0.0,0.19754278706386685,,physical_collision
0,structured_lag,0.17684882811730035,350,0,0.0,0.015347559839220983,0.015802337904460728,0.0,0.15861125595818737,0.4417042580566236,6.18385961279273,0.0,11,F2,,0,14.0,world-b49121a49e3717bb2d41d5db92aee856732e1bcc8152a942645f30ac2e6ff174,main,1.0,0.5733462916687131,,duration_complete
0,structured_lag,0.17579720831293474,350,0,0.0,0.015443482405639121,0.015952636138536036,0.0,0.15683756059131793,0.4440816482196429,6.2171430750750005,0.0,11,DR,,0,14.0,world-b49121a49e3717bb2d41d5db92aee856732e1bcc8152a942645f30ac2e6ff174,main,1.0,0.5766714066267014,,duration_complete
0,structured_lag,0.17607866673800068,350,0,0.0,0.017104899134220822,0.01938676561694592,0.0,0.1575030628091033,0.9906835662134524,13.869569926988333,0.01958860987132149,11,A,,0,14.0,world-b49121a49e3717bb2d41d5db92aee856732e1bcc8152a942645f30ac2e6ff174,main,1.0,0.5432221563532948,,duration_complete
1,structured_lag,-0.005490904490834708,91,1,0.4065934065934066,0.02339434722479392,0.057169477455317974,0.0,-0.024617802672830424,0.6430178804691484,2.3245096378959715,0.0,11,OPT,,0,3.6149999999999998,world-b49121a49e3717bb2d41d5db92aee856732e1bcc8152a942645f30ac2e6ff174,main,0.0,0.15550592634826899,,physical_collision
0,structured_lag,0.17624524566682023,350,0,0.0,0.015429136051929422,0.016009738994762303,0.0,0.15782332626811646,0.4445620713023735,6.223868998233229,0.0,23,F2,,0,14.0,world-b49121a49e3717bb2d41d5db92aee856732e1bcc8152a942645f30ac2e6ff174,main,1.0,0.5973576633259654,,duration_complete
0,structured_lag,0.17564525134906858,350,0,0.0,0.015399840690993837,0.015942160482518376,0.0,0.15739291053349003,0.44457885895722676,6.224104025401175,0.0,23,DR,,0,14.0,world-b49121a49e3717bb2d41d5db92aee856732e1bcc8152a942645f30ac2e6ff174,main,1.0,0.5866922005079687,,duration_complete
0,structured_lag,0.17663483759215762,350,0,0.0,0.017400938563847116,0.019949526293203235,0.0,0.15871977884702804,1.006641263641151,14.092977690976113,0.019786830440695798,23,A,,0,14.0,world-b49121a49e3717bb2d41d5db92aee856732e1bcc8152a942645f30ac2e6ff174,main,1.0,0.5588443437591195,,duration_complete
1,structured_lag,-0.0013517435647303142,92,1,0.41304347826086957,0.023810821306972724,0.053436241252347826,0.0,-0.019402307666075536,0.6527311769219079,2.398787075188011,0.0,23,OPT,,0,3.6749999999999994,world-b49121a49e3717bb2d41d5db92aee856732e1bcc8152a942645f30ac2e6ff174,main,0.0,0.16843359731137753,,physical_collision
0,structured_lag,0.1760428491876439,350,0,0.0,0.015315708832017013,0.015793276531621814,0.0,0.15806767824092438,0.44128385834795025,6.177974016871303,0.0,37,F2,,0,14.0,world-b49121a49e3717bb2d41d5db92aee856732e1bcc8152a942645f30ac2e6ff174,main,1.0,0.5747400200925767,,duration_complete
0,structured_lag,0.175368116049424,350,0,0.0,0.015343678291620953,0.015820756973698735,0.0,0.1569230432297759,0.4420506244059652,6.188708741683513,0.0,37,DR,,0,14.0,world-b49121a49e3717bb2d41d5db92aee856732e1bcc8152a942645f30ac2e6ff174,main,1.0,0.5882838387042284,,duration_complete
0,structured_lag,0.1759455575048871,350,0,0.0,0.01689906889971878,0.017852206504903732,0.0,0.15797366762604548,0.9692839784547687,13.569975698366761,0.01920922228667353,37,A,,0,14.0,world-b49121a49e3717bb2d41d5db92aee856732e1bcc8152a942645f30ac2e6ff174,main,1.0,0.5366304512135684,,duration_complete
1,structured_lag,-0.005490904490834708,91,1,0.4065934065934066,0.023197969646899255,0.05724955885671079,0.0,-0.024617802672830424,0.6354605983865459,2.2971900631673634,0.0,37,OPT,,0,3.6149999999999998,world-b49121a49e3717bb2d41d5db92aee856732e1bcc8152a942645f30ac2e6ff174,main,0.0,0.14743348956108093,,physical_collision
0,structured_lag,0.17538543198992568,350,0,0.0,0.015441386098308222,0.01603384977206588,0.0,0.15706012423092125,0.4453561065851578,6.234985492192209,0.0,11,F2,,0,14.0,world-55345a1aa5ea25f1f32fcaa6a0100b0d6625bfdd0b25be22519da6def0d511ed,main,1.0,0.5987501251511276,,duration_complete
0,structured_lag,0.17645190841569428,350,0,0.0,0.015425539491698146,0.015937048569321634,0.0,0.15673937764071816,0.44440007891639005,6.22160110482946,0.0,11,DR,,0,14.0,world-55345a1aa5ea25f1f32fcaa6a0100b0d6625bfdd0b25be22519da6def0d511ed,main,1.0,0.5873018936254084,,duration_complete
0,structured_lag,0.1744294870043048,350,0,0.0,0.017257541726742473,0.01977292469237,0.0,0.15766488970755804,1.0002835127857648,14.003969179000705,0.01979412960686854,11,A,,0,14.0,world-55345a1aa5ea25f1f32fcaa6a0100b0d6625bfdd0b25be22519da6def0d511ed,main,1.0,0.5476835346780717,,duration_complete
1,structured_lag,-4.10769674147822e-05,121,1,0.3140495867768595,0.019277130930938503,0.04834720632061362,0.0,-0.027058928511452373,0.5397268404617427,2.5987847368232906,0.0,11,OPT,,0,4.8149999999999995,world-55345a1aa5ea25f1f32fcaa6a0100b0d6625bfdd0b25be22519da6def0d511ed,main,0.0,0.20614959113299847,,physical_collision
0,structured_lag,0.17570064152048853,350,0,0.0,0.015431030794445957,0.016034295526333155,0.0,0.15685411060186166,0.443956531783832,6.215391444973648,0.0,23,F2,,0,14.0,world-55345a1aa5ea25f1f32fcaa6a0100b0d6625bfdd0b25be22519da6def0d511ed,main,1.0,0.5853717289865017,,duration_complete
0,structured_lag,0.1749438040746347,350,0,0.0,0.015298289556854538,0.015735002257861196,0.0,0.1571577046483466,0.4405192316376737,6.167269242927432,0.0,23,DR,,0,14.0,world-55345a1aa5ea25f1f32fcaa6a0100b0d6625bfdd0b25be22519da6def0d511ed,main,1.0,0.5782604604028165,,duration_complete
0,structured_lag,0.17464487949482652,350,0,0.0,0.017234229444127,0.019807267957367,0.0,0.15748594082613504,0.9992245990184269,13.989144386257976,0.01967397613716977,23,A,,0,14.0,world-55345a1aa5ea25f1f32fcaa6a0100b0d6625bfdd0b25be22519da6def0d511ed,main,1.0,0.5674628801643848,,duration_complete
1,structured_lag,-0.0006904337388375444,120,1,0.30833333333333335,0.021850684832315892,0.07388122654519971,0.0,-0.012718087090414065,0.6089787068776787,2.9230977930128574,0.0,23,OPT,,0,4.799999999999999,world-55345a1aa5ea25f1f32fcaa6a0100b0d6625bfdd0b25be22519da6def0d511ed,main,0.0,0.24806204857304692,,physical_collision
0,structured_lag,0.17445070382775105,350,0,0.0,0.015335119940074428,0.015873953746631742,0.0,0.15774568224348956,0.44101826613768935,6.174255725927651,0.0,37,F2,,0,14.0,world-55345a1aa5ea25f1f32fcaa6a0100b0d6625bfdd0b25be22519da6def0d511ed,main,1.0,0.5734909758903086,,duration_complete
0,structured_lag,0.1755829152862074,350,0,0.0,0.015374550772830843,0.015937395580112933,0.0,0.1570795935014893,0.4424590015052153,6.1944260210730135,0.0,37,DR,,0,14.0,world-55345a1aa5ea25f1f32fcaa6a0100b0d6625bfdd0b25be22519da6def0d511ed,main,1.0,0.5840650852769613,,duration_complete
0,structured_lag,0.17436966866039166,350,0,0.0,0.01745961593597063,0.019979079556651413,0.0,0.15752231772623254,1.0095458602133607,14.133642042987049,0.019936521966010333,37,A,,0,14.0,world-55345a1aa5ea25f1f32fcaa6a0100b0d6625bfdd0b25be22519da6def0d511ed,main,1.0,0.5603130687959492,,duration_complete
1,structured_lag,-0.003776991767195095,121,1,0.3140495867768595,0.01934629281182304,0.049055897165089846,0.0,-0.028689448898013902,0.5434778966241964,2.6141286827623844,0.0,37,OPT,,0,4.81,world-55345a1aa5ea25f1f32fcaa6a0100b0d6625bfdd0b25be22519da6def0d511ed,main,0.0,0.21587121253833175,,physical_collision
0,structured_lag,0.1720216769251181,350,0,0.0,0.015460332709231547,0.016052200621925295,0.0,0.1553965577002724,0.44497353580248145,6.22962950123474,0.0,11,F2,,0,14.0,world-cb880e6c29f78c691d86ff573e3112cf869586f102be08bb84ce9a04852eea61,main,1.0,0.5986828510649502,,duration_complete
0,structured_lag,0.17405388638496896,350,0,0.0,0.015313140527744379,0.0158056003972888,0.0,0.1555663463433089,0.4395098849199712,6.153138388879597,0.0,11,DR,,0,14.0,world-cb880e6c29f78c691d86ff573e3112cf869586f102be08bb84ce9a04852eea61,main,1.0,0.5661718095652759,,duration_complete
0,structured_lag,0.1726947287569715,350,0,0.0,0.017357086192018218,0.01974970386363566,0.0,0.15539689865070339,1.004765163774469,14.066712292842567,0.01983542258319046,11,A,,0,14.0,world-cb880e6c29f78c691d86ff573e3112cf869586f102be08bb84ce9a04852eea61,main,1.0,0.5553699471056461,,duration_complete
1,structured_lag,-0.0023602870659331626,133,1,0.24060150375939848,0.016320037021812863,0.048275046143680805,0.0,-0.024433384441681857,0.46086345637908205,2.4471849533729255,0.0,11,OPT,,0,5.31,world-cb880e6c29f78c691d86ff573e3112cf869586f102be08bb84ce9a04852eea61,main,0.0,0.2166630895808339,,physical_collision
0,structured_lag,0.1723622975657029,350,0,0.0,0.015465580278209278,0.01598661611787975,0.0,0.15548127107255028,0.4439554465934634,6.215376252308488,0.0,23,F2,,0,14.0,world-cb880e6c29f78c691d86ff573e3112cf869586f102be08bb84ce9a04852eea61,main,1.0,0.5819360874593258,,duration_complete
0,structured_lag,0.17280627110757218,350,0,0.0,0.0155532588117889,0.016264988761395215,0.0,0.15516227628977874,0.44941621070860754,6.291826949920505,0.0,23,DR,,0,14.0,world-cb880e6c29f78c691d86ff573e3112cf869586f102be08bb84ce9a04852eea61,main,1.0,0.6027295752428472,,duration_complete
0,structured_lag,0.1734002965527421,350,0,0.0,0.017655332991853356,0.020317148440517487,0.0,0.1554887730604576,1.027069605354752,14.378974474966526,0.020158786818917307,23,A,,0,14.0,world-cb880e6c29f78c691d86ff573e3112cf869586f102be08bb84ce9a04852eea61,main,1.0,0.581059237010777,,duration_complete
1,structured_lag,-0.0034372474256581472,135,1,0.2518518518518518,0.017680469055280642,0.05436818352900445,0.0,-0.02417695743390069,0.5001553647629813,2.6833335319533944,0.0,23,OPT,,0,5.365,world-cb880e6c29f78c691d86ff573e3112cf869586f102be08bb84ce9a04852eea61,main,0.0,0.23932429729029536,,physical_collision
0,structured_lag,0.17182295186436725,350,0,0.0,0.01548610890949411,0.01608058528508991,0.0,0.15544749554826687,0.44631788570300807,6.248450399842113,0.0,37,F2,,0,14.0,world-cb880e6c29f78c691d86ff573e3112cf869586f102be08bb84ce9a04852eea61,main,1.0,0.5915010147728026,,duration_complete
0,structured_lag,0.16032643964382712,350,0,0.0,0.01538919935135969,0.01600866767112166,0.0,0.14788219440437123,0.44316318321840037,6.2042845650576055,0.0,37,DR,,0,14.0,world-cb880e6c29f78c691d86ff573e3112cf869586f102be08bb84ce9a04852eea61,main,0.0,0.5799995036795735,,duration_complete
0,structured_lag,0.17168432818667823,350,0,0.0,0.017224200700542758,0.019909329060465098,0.0,0.15570680787760516,0.9955703187733889,13.937984462827444,0.019631304134215627,37,A,,0,14.0,world-cb880e6c29f78c691d86ff573e3112cf869586f102be08bb84ce9a04852eea61,main,1.0,0.5536386906169355,,duration_complete
1,structured_lag,-0.00883931463887006,134,1,0.2462686567164179,0.016722843752923742,0.050357430311851206,0.0,-0.02970443628062047,0.46843819453992624,2.5108287227340043,0.0,37,OPT,,0,5.359999999999999,world-cb880e6c29f78c691d86ff573e3112cf869586f102be08bb84ce9a04852eea61,main,0.0,0.21571725234389305,,physical_collision
0,structured_combined,0.1747459986052912,350,0,0.0,0.015454560977273754,0.016080772504210472,0.0,0.15978118560511614,0.4442671690734902,6.219740367028862,0.0,11,F2,,0,14.0,world-5fb5ab0167110a80d78ef8f1ba69845dac7f2ca03841f00fa54bcd2266b2b122,main,1.0,0.5830895937979221,,duration_complete
0,structured_combined,0.17487168558174876,350,0,0.0,0.015421962374821305,0.015926263597793876,0.0,0.15873988247872886,0.44315104628913105,6.204114648047835,0.0,11,DR,,0,14.0,world-5fb5ab0167110a80d78ef8f1ba69845dac7f2ca03841f00fa54bcd2266b2b122,main,1.0,0.5840479428879917,,duration_complete
0,structured_combined,0.17457386911678663,350,0,0.0,0.016768631635765942,0.017481060279533268,0.0,0.15828682459186952,0.9634590238399271,13.48842633375898,0.01910151107369789,11,A,,0,14.0,world-5fb5ab0167110a80d78ef8f1ba69845dac7f2ca03841f00fa54bcd2266b2b122,main,1.0,0.5291776456870139,,duration_complete
0,structured_combined,0.16668298094048128,350,1,0.2857142857142857,0.01817121678165027,0.04575307574123144,0.0,0.13192102989018653,0.5084842782068465,7.118779894895852,0.0,11,OPT,,0,14.0,world-5fb5ab0167110a80d78ef8f1ba69845dac7f2ca03841f00fa54bcd2266b2b122,main,1.0,0.5981663400307298,,duration_complete
0,structured_combined,0.17446302659693988,350,0,0.0,0.015290647493675352,0.015905445883981885,0.0,0.15876548589325726,0.43833731171408935,6.136722363997251,0.0,23,F2,,0,14.0,world-5fb5ab0167110a80d78ef8f1ba69845dac7f2ca03841f00fa54bcd2266b2b122,main,1.0,0.5628271927125752,,duration_complete
0,structured_combined,0.17363460941316572,350,0,0.0,0.015193843813613057,0.015636789263226092,0.0,0.15836533982354697,0.43652336671948433,6.111327134072781,0.0,23,DR,,0,14.0,world-5fb5ab0167110a80d78ef8f1ba69845dac7f2ca03841f00fa54bcd2266b2b122,main,1.0,0.5547371874563396,,duration_complete
0,structured_combined,0.17460883521465445,350,0,0.0,0.01721134100907615,0.019730659388005733,0.0,0.15899527268156124,0.9937198581506631,13.912078014109284,0.019571290944835968,23,A,,0,14.0,world-5fb5ab0167110a80d78ef8f1ba69845dac7f2ca03841f00fa54bcd2266b2b122,main,1.0,0.5491643534041941,,duration_complete
0,structured_combined,0.10306339263009749,350,1,0.3057142857142857,0.01888481662741729,0.04632629426196218,0.0,0.07960970578060303,0.5269064507114568,7.376690309960395,0.0,23,OPT,,0,14.0,world-5fb5ab0167110a80d78ef8f1ba69845dac7f2ca03841f00fa54bcd2266b2b122,main,1.0,0.594505519606173,,duration_complete
0,structured_combined,0.17413298503255462,350,0,0.0,0.015405583971046976,0.015941932587884365,0.0,0.15909770120915936,0.44280786878828493,6.199310163035989,0.0,37,F2,,0,14.0,world-5fb5ab0167110a80d78ef8f1ba69845dac7f2ca03841f00fa54bcd2266b2b122,main,1.0,0.5821699225343764,,duration_complete
0,structured_combined,0.17424362392327275,350,0,0.0,0.015130796537601523,0.015654476592317224,0.0,0.15872846959699452,0.43661052407696843,6.112547337077558,0.0,37,DR,,0,14.0,world-5fb5ab0167110a80d78ef8f1ba69845dac7f2ca03841f00fa54bcd2266b2b122,main,1.0,0.5798747739754617,,duration_complete
0,structured_combined,0.17396055964525267,350,0,0.0,0.017356268271271673,0.01989533044397831,0.0,0.15865380674501509,1.0202038866534298,14.282854413148016,0.020248811186424322,37,A,,0,14.0,world-5fb5ab0167110a80d78ef8f1ba69845dac7f2ca03841f00fa54bcd2266b2b122,main,1.0,0.5724058002233505,,duration_complete
0,structured_combined,0.1521291479708901,350,1,0.20285714285714285,0.014694650427305273,0.0449133911402896,0.0,0.14989414072643228,0.4199664832225868,5.879530765116215,0.0,37,OPT,,0,14.0,world-5fb5ab0167110a80d78ef8f1ba69845dac7f2ca03841f00fa54bcd2266b2b122,main,1.0,0.5789604797028005,,duration_complete
1,structured_combined,-0.0037381491835601502,104,0,0.0,0.015567962353368504,0.017105163517408074,0.0,-0.02254367681624822,0.45019176742456124,1.8615429583005607,0.0,11,F2,,0,4.135,world-b9be3b6b2ca94fb574aced61a5095b3b937f21f483b84d71ce79fce28f8b1569,main,0.0,0.1720992005430162,,physical_collision
0,structured_combined,0.17566394290280776,350,0,0.0,0.015208707765809128,0.015716047259047627,0.0,0.156010071098897,0.43655866204894017,6.111821268685162,0.0,11,DR,,0,14.0,world-b9be3b6b2ca94fb574aced61a5095b3b937f21f483b84d71ce79fce28f8b1569,main,1.0,0.5611000489443541,,duration_complete
0,structured_combined,0.17255323733917047,350,0,0.0,0.017283582936174102,0.019948358135297894,0.0,0.1566104431356651,1.0010425600090198,14.014595840126276,0.019798454884439706,11,A,,0,14.0,world-b9be3b6b2ca94fb574aced61a5095b3b937f21f483b84d71ce79fce28f8b1569,main,1.0,0.5499695506878197,,duration_complete
1,structured_combined,-0.009594507970471736,100,1,0.33,0.020640297094359994,0.05260636501479894,0.0,-0.0330303653824435,0.5740650445222856,2.296260178089142,0.0,11,OPT,,0,3.999999999999999,world-b9be3b6b2ca94fb574aced61a5095b3b937f21f483b84d71ce79fce28f8b1569,main,0.0,0.18824382033199072,,physical_collision
1,structured_combined,-0.004748239818416766,101,0,0.0,0.015411663537679038,0.016029286198318005,0.0,-0.026107137592591062,0.4443275646564764,1.7950833612121642,0.0,23,F2,,0,4.039999999999999,world-b9be3b6b2ca94fb574aced61a5095b3b937f21f483b84d71ce79fce28f8b1569,main,0.0,0.16790172224864364,,physical_collision
1,structured_combined,-0.002131409726682152,140,0,0.0,0.015366025408729911,0.0160700415726751,0.0,-0.01424696479069935,0.44248466478237525,2.4734892761334777,0.0,23,DR,,0,5.59,world-b9be3b6b2ca94fb574aced61a5095b3b937f21f483b84d71ce79fce28f8b1569,main,0.0,0.23363447608426213,,physical_collision
1,structured_combined,-0.010007759658454733,100,0,0.0,0.016539557166397573,0.01784582349937409,0.0,-0.03298789208154804,0.9473038685973736,3.7892154743894935,0.01875857591163367,23,A,,0,3.999999999999999,world-b9be3b6b2ca94fb574aced61a5095b3b937f21f483b84d71ce79fce28f8b1569,main,0.0,0.15454774955287576,,physical_collision
1,structured_combined,-0.0035619323808111,101,1,0.33663366336633666,0.021014493456718946,0.0539550487883389,0.0,-0.026745510828353608,0.5862713211242775,2.3480166411027312,0.0,23,OPT,,0,4.005,world-b9be3b6b2ca94fb574aced61a5095b3b937f21f483b84d71ce79fce28f8b1569,main,0.0,0.17489651637151837,,physical_collision
1,structured_combined,-0.0008688318791136681,102,0,0.0,0.015620404813329087,0.01628484493121505,0.0,-0.021616767512341067,0.4525786424009818,1.837469288147986,0.0,37,F2,,0,4.06,world-b9be3b6b2ca94fb574aced61a5095b3b937f21f483b84d71ce79fce28f8b1569,main,0.0,0.17905396269634366,,physical_collision
0,structured_combined,0.03220177014186457,350,0,0.0,0.015468893285308566,0.01637948276475072,0.0,0.021811284928555125,0.44557851765836987,6.238099247217178,0.0,37,DR,,0,14.0,world-b9be3b6b2ca94fb574aced61a5095b3b937f21f483b84d71ce79fce28f8b1569,main,1.0,0.5861282283440232,,duration_complete
0,structured_combined,0.17313382939214908,350,0,0.0,0.017562396514362522,0.02004339008126408,0.0,0.1567212209124678,1.0189589068426617,14.265424695797265,0.020136292614042758,37,A,,0,14.0,world-b9be3b6b2ca94fb574aced61a5095b3b937f21f483b84d71ce79fce28f8b1569,main,1.0,0.5703387325629592,,duration_complete
1,structured_combined,-0.0014037653277803545,100,1,0.33,0.01981207052245736,0.051390641881152985,0.0,-0.02466214192034419,0.5468209410319106,2.187283764127642,0.0,37,OPT,,0,3.999999999999999,world-b9be3b6b2ca94fb574aced61a5095b3b937f21f483b84d71ce79fce28f8b1569,main,0.0,0.16452981252223253,,physical_collision
1,structured_combined,-0.0003035412705875152,112,0,0.0,0.015592145330239353,0.016396304755471647,0.0,-0.01867682283391276,0.4562383459088644,2.032541831023991,0.0,11,F2,,0,4.455,world-96a59abd27c5f85866ffe3a57509219fb8fc631f617b5573ade1e43cc7bf8737,main,0.0,0.20660436432808638,,physical_collision
1,structured_combined,-1.900305329405154e-05,108,0,0.0,0.015512441099552368,0.015994300530292094,0.0,-0.020008592114129316,0.44760214158385586,1.933641251642257,0.0,11,DR,,0,4.319999999999999,world-96a59abd27c5f85866ffe3a57509219fb8fc631f617b5573ade1e43cc7bf8737,main,0.0,0.18922041356563568,,physical_collision
0,structured_combined,0.17747455811913296,350,0,0.0,0.017295923413974897,0.019499263842590153,0.0,0.15921161216613505,0.9993581749897983,13.991014449857175,0.019786120828773294,11,A,,0,14.0,world-96a59abd27c5f85866ffe3a57509219fb8fc631f617b5573ade1e43cc7bf8737,main,1.0,0.5547521412372589,,duration_complete
0,structured_combined,0.1719103259159785,350,1,0.10571428571428572,0.011196599125063844,0.04487945153377951,0.0,0.1499689256486733,0.3289057974304472,4.60468116402626,0.0,11,OPT,,0,14.0,world-96a59abd27c5f85866ffe3a57509219fb8fc631f617b5573ade1e43cc7bf8737,main,1.0,0.5496493387036026,,duration_complete
1,structured_combined,-0.0019615473188438815,109,0,0.0,0.0153573350809993,0.01587281245738268,0.0,-0.021676840152420947,0.44175145869282473,1.9216188453137875,0.0,23,F2,,0,4.35,world-96a59abd27c5f85866ffe3a57509219fb8fc631f617b5573ade1e43cc7bf8737,main,0.0,0.1799329500645399,,physical_collision
0,structured_combined,0.1749643825565483,350,0,0.0,0.015291467258440597,0.01576980813406408,0.0,0.15603511082924598,0.44035769656433593,6.165007751900703,0.0,23,DR,,0,14.0,world-96a59abd27c5f85866ffe3a57509219fb8fc631f617b5573ade1e43cc7bf8737,main,1.0,0.5773109225556254,,duration_complete
0,structured_combined,0.1774698323898623,350,0,0.0,0.017373079249103154,0.019753060047514738,0.0,0.15952765269760266,1.0084040714095213,14.117656999733299,0.019905633714848332,23,A,,0,14.0,world-96a59abd27c5f85866ffe3a57509219fb8fc631f617b5573ade1e43cc7bf8737,main,1.0,0.5659050308167934,,duration_complete
1,structured_combined,-0.0036588049144778575,110,1,0.33636363636363636,0.01984750043854795,0.04771624030545354,0.0,-0.01794867241406773,0.5504766015589915,2.4220970468595624,0.0,23,OPT,,0,4.3999999999999995,world-96a59abd27c5f85866ffe3a57509219fb8fc631f617b5573ade1e43cc7bf8737,main,0.0,0.1921390499919653,,physical_collision
1,structured_combined,-0.0009696633602663055,111,0,0.0,0.015431730999602928,0.016102093970403075,0.0,-0.019798257989236796,0.4465184803436852,1.9736116831190884,0.0,37,F2,,0,4.42,world-96a59abd27c5f85866ffe3a57509219fb8fc631f617b5573ade1e43cc7bf8737,main,0.0,0.19164260709658265,,physical_collision
0,structured_combined,0.17360914944714217,350,0,0.0,0.015329804275450961,0.01591914484743029,0.0,0.15626926334702856,0.44212150507207426,6.18970107100904,0.0,37,DR,,0,14.0,world-96a59abd27c5f85866ffe3a57509219fb8fc631f617b5573ade1e43cc7bf8737,main,1.0,0.5808378513902426,,duration_complete
0,structured_combined,0.18221080162825268,350,0,0.0,0.017148195901619537,0.019619731488637628,0.0,0.162425041363973,0.9966847689356655,13.953586765099317,0.01976131768897176,37,A,,0,14.0,world-96a59abd27c5f85866ffe3a57509219fb8fc631f617b5573ade1e43cc7bf8737,main,1.0,0.5489036133512855,,duration_complete
1,structured_combined,-0.0036334983701626837,109,1,0.3302752293577982,0.020444154196820403,0.04892889335751532,0.0,-0.019866640604012116,0.5683754740989414,2.472433312330395,0.0,37,OPT,,0,4.35,world-96a59abd27c5f85866ffe3a57509219fb8fc631f617b5573ade1e43cc7bf8737,main,0.0,0.18995021050795913,,physical_collision
0,structured_combined,0.19205517792125607,350,0,0.0,0.015352410409333451,0.0159538660896942,0.0,0.16574251692655007,0.44201604350070867,6.1882246090099216,0.0,11,F2,,0,14.0,world-7170f3c185ac3221bd6b75714a308f953ae7d0fee8fe72a9b362f1f824c7e517,main,1.0,0.576152725610882,,duration_complete
0,structured_combined,0.233562794877334,350,0,0.0,0.015360784607806375,0.015842581214383245,0.0,0.20722568609465908,0.44169285401169744,6.183699956163764,0.0,11,DR,,0,14.0,world-7170f3c185ac3221bd6b75714a308f953ae7d0fee8fe72a9b362f1f824c7e517,main,1.0,0.5742142600938678,,duration_complete
0,structured_combined,0.21719057058520888,350,0,0.0,0.017035055494468127,0.01955239863600582,0.0,0.18872357346773505,0.9816365614200809,13.742911859881133,0.01933567679886307,11,A,,0,14.0,world-7170f3c185ac3221bd6b75714a308f953ae7d0fee8fe72a9b362f1f824c7e517,main,1.0,0.5505893253721297,,duration_complete
0,structured_combined,0.1724388460900715,350,1,0.22857142857142856,0.015956159583958133,0.04484137848485261,0.0,0.14400251423471455,0.4525977509162788,6.336368512827903,0.0,11,OPT,,0,14.0,world-7170f3c185ac3221bd6b75714a308f953ae7d0fee8fe72a9b362f1f824c7e517,main,1.0,0.5938720321282744,,duration_complete
0,structured_combined,0.18941067360704977,350,0,0.0,0.015454487011634878,0.01598544204607606,0.0,0.1638016035485742,0.4458621767283018,6.242070474196225,0.0,23,F2,,0,14.0,world-7170f3c185ac3221bd6b75714a308f953ae7d0fee8fe72a9b362f1f824c7e517,main,1.0,0.595772604458034,,duration_complete
0,structured_combined,0.23565646551632585,350,0,0.0,0.015360657880082727,0.015832957159727813,0.0,0.2094928039155326,0.4416663572192192,6.183329001069069,0.0,23,DR,,0,14.0,world-7170f3c185ac3221bd6b75714a308f953ae7d0fee8fe72a9b362f1f824c7e517,main,1.0,0.5686210496351123,,duration_complete
0,structured_combined,0.21367121948204013,350,0,0.0,0.01733005679611649,0.019731182022951543,0.0,0.18526773442531963,0.999275608221069,13.989858515094966,0.01967516199286495,23,A,,0,14.0,world-7170f3c185ac3221bd6b75714a308f953ae7d0fee8fe72a9b362f1f824c7e517,main,1.0,0.5576188014820218,,duration_complete
0,structured_combined,0.1751274555502847,350,1,0.08857142857142856,0.01078313653224281,0.043301362660713494,0.0,0.15067845715400785,0.3199908454968993,4.47987183695659,0.0,23,OPT,,0,14.0,world-7170f3c185ac3221bd6b75714a308f953ae7d0fee8fe72a9b362f1f824c7e517,main,1.0,0.5497911022976041,,duration_complete
0,structured_combined,0.1892324118216051,350,0,0.0,0.0153015507238784,0.015841809404082596,0.0,0.16366309083311015,0.4389520531320678,6.14532874384895,0.0,37,F2,,0,14.0,world-7170f3c185ac3221bd6b75714a308f953ae7d0fee8fe72a9b362f1f824c7e517,main,1.0,0.5689061423763633,,duration_complete
0,structured_combined,0.23232152004593443,350,0,0.0,0.01531554214789399,0.016047383984550835,0.0,0.2056810521541238,0.44077498402579557,6.170849776361138,0.0,37,DR,,0,14.0,world-7170f3c185ac3221bd6b75714a308f953ae7d0fee8fe72a9b362f1f824c7e517,main,1.0,0.5732252285815775,,duration_complete
0,structured_combined,0.21596476038343293,350,0,0.0,0.01730942055316908,0.019731668918393553,0.0,0.1874754857810883,1.0019387301456715,14.027142222039402,0.019889294261644992,37,A,,0,14.0,world-7170f3c185ac3221bd6b75714a308f953ae7d0fee8fe72a9b362f1f824c7e517,main,1.0,0.5453040241263807,,duration_complete
0,structured_combined,0.17319401367166426,350,1,0.12571428571428572,0.011551740784198046,0.04376653488725424,0.0,0.15002202391458042,0.3354363726518516,4.696109217125922,0.0,37,OPT,,0,14.0,world-7170f3c185ac3221bd6b75714a308f953ae7d0fee8fe72a9b362f1f824c7e517,main,1.0,0.5200967802666128,,duration_complete
0,navigation_nominal,0.24857082615352968,600,0,0.0,0.015376507038405787,0.01607221148442477,0.0,0.22142567106308306,0.44232104941814515,10.615705186035484,0.0,11,F2,,0,24.0,world-4116bfefacef7c21fb55ec0d64cc65d3d176e3af54b9d2519febb5a7cd4dcff5,main,1.0,1.004241026006639,,duration_complete
0,navigation_nominal,0.21630636317576765,600,0,0.0,0.015236265468411147,0.01572269049938768,0.0,0.1908409357754823,0.4379772186318102,10.511453247163445,0.0,11,DR,,0,24.0,world-4116bfefacef7c21fb55ec0d64cc65d3d176e3af54b9d2519febb5a7cd4dcff5,main,1.0,0.9915520073845983,,duration_complete
0,navigation_nominal,0.2309393535674087,600,0,0.0,0.017053508539684115,0.01929249952081591,0.0,0.20316108630805882,0.9898475947168967,23.75634227320552,0.0195766801891538,11,A,,0,24.0,world-4116bfefacef7c21fb55ec0d64cc65d3d176e3af54b9d2519febb5a7cd4dcff5,main,1.0,0.9336716425605118,,duration_complete
0,navigation_nominal,0.1867180505353142,600,0,0.0,0.007384105212986469,0.009190736920572817,0.0,0.1670028596806624,0.23475681916655353,5.634163659997284,0.0,11,OPT,,0,24.0,world-4116bfefacef7c21fb55ec0d64cc65d3d176e3af54b9d2519febb5a7cd4dcff5,main,1.0,0.9529965510591865,,duration_complete
0,navigation_nominal,0.218147809889563,600,0,0.0,0.01534186460232983,0.01605407018214464,0.0,0.19170613393751887,0.44100588880246505,10.584141331259161,0.0,23,F2,,0,24.0,world-4116bfefacef7c21fb55ec0d64cc65d3d176e3af54b9d2519febb5a7cd4dcff5,main,1.0,1.0012981384061277,,duration_complete
0,navigation_nominal,0.22999868902438772,600,0,0.0,0.015124585344456137,0.015634669666178522,0.0,0.20318533181189855,0.4332532320016374,10.398077568039298,0.0,23,DR,,0,24.0,world-4116bfefacef7c21fb55ec0d64cc65d3d176e3af54b9d2519febb5a7cd4dcff5,main,1.0,0.9615487228147686,,duration_complete
0,navigation_nominal,0.2284495923723049,600,0,0.0,0.017284139647769432,0.019986269925720987,0.0,0.20063020299877563,0.9979089219511176,23.949814126826823,0.01966055459110066,23,A,,0,24.0,world-4116bfefacef7c21fb55ec0d64cc65d3d176e3af54b9d2519febb5a7cd4dcff5,main,1.0,0.9628488793969154,,duration_complete
0,navigation_nominal,0.1867180505353142,600,0,0.0,0.007219283280428499,0.009415602288208902,0.0,0.1670028596806624,0.2296920317069938,5.512608760967851,0.0,23,OPT,,0,24.0,world-4116bfefacef7c21fb55ec0d64cc65d3d176e3af54b9d2519febb5a7cd4dcff5,main,1.0,0.9431339153088629,,duration_complete
0,navigation_nominal,0.25360193502193995,600,0,0.0,0.01541890697553754,0.016051462036557492,0.0,0.22612372249093024,0.44444473916276667,10.6666737399064,0.0,37,F2,,0,24.0,world-4116bfefacef7c21fb55ec0d64cc65d3d176e3af54b9d2519febb5a7cd4dcff5,main,1.0,1.0269008222967386,,duration_complete
0,navigation_nominal,0.2555411080372228,600,0,0.0,0.014971437587713202,0.015424604318104685,0.0,0.22809032282544925,0.4302776327434306,10.326663185842335,0.0,37,DR,,0,24.0,world-4116bfefacef7c21fb55ec0d64cc65d3d176e3af54b9d2519febb5a7cd4dcff5,main,1.0,0.9713350795209408,,duration_complete
0,navigation_nominal,0.2204251765014875,600,0,0.0,0.017199855134822428,0.019475402892567217,0.0,0.19399619125270914,0.9954997772195687,23.89199465326965,0.019749733929056674,37,A,,0,24.0,world-4116bfefacef7c21fb55ec0d64cc65d3d176e3af54b9d2519febb5a7cd4dcff5,main,1.0,0.9416392603889108,,duration_complete
0,navigation_nominal,0.1867180505353142,600,0,0.0,0.0074174733188313744,0.009017320233397184,0.0,0.1670028596806624,0.2341326938670439,5.619184652809054,0.0,37,OPT,,0,24.0,world-4116bfefacef7c21fb55ec0d64cc65d3d176e3af54b9d2519febb5a7cd4dcff5,main,1.0,0.9268619767390192,,duration_complete
0,navigation_nominal,0.17327062572704552,600,0,0.0,0.0152829533124653,0.015724921808578072,0.0,0.16282799632087036,0.4392154714053807,10.541171313729137,0.0,11,F2,,0,24.0,world-d0719b94b1550dc7bd68dbf4c95f1e2ca0c5bed0cb7cbf06ee89ddb045cd5df7,main,1.0,0.9967633704654872,,duration_complete
0,navigation_nominal,0.16867888138171735,600,0,0.0,0.015244794622218857,0.01575444235932082,0.0,0.15726765538952586,0.43790633239162463,10.509751977398992,0.0,11,DR,,0,24.0,world-d0719b94b1550dc7bd68dbf4c95f1e2ca0c5bed0cb7cbf06ee89ddb045cd5df7,main,1.0,0.9807612928561866,,duration_complete
0,navigation_nominal,0.17580096164446976,600,0,0.0,0.017062717657536267,0.019445656891912223,0.0,0.16502607038312073,0.9976359777889835,23.943263466935605,0.019765598540349552,11,A,,0,24.0,world-d0719b94b1550dc7bd68dbf4c95f1e2ca0c5bed0cb7cbf06ee89ddb045cd5df7,main,1.0,0.9880780787207186,,duration_complete
0,navigation_nominal,0.1312326291089506,600,1,0.07,0.009622580360155553,0.04165409561246633,0.0,0.11919675701706463,0.2890661076720183,6.937586584128439,0.0,11,OPT,,0,24.0,world-d0719b94b1550dc7bd68dbf4c95f1e2ca0c5bed0cb7cbf06ee89ddb045cd5df7,main,1.0,0.9216042263433337,,duration_complete
0,navigation_nominal,0.16656090648306787,600,0,0.0,0.01536771773826331,0.015902440366335212,0.0,0.15751999758895047,0.443204544542823,10.636909069027752,0.0,23,F2,,0,24.0,world-d0719b94b1550dc7bd68dbf4c95f1e2ca0c5bed0cb7cbf06ee89ddb045cd5df7,main,1.0,1.0176172628998756,,duration_complete
0,navigation_nominal,0.1674612629050325,600,0,0.0,0.015242922105050336,0.015765741234645247,0.0,0.1585677210081709,0.43909581292731065,10.538299510255456,0.0,23,DR,,0,24.0,world-d0719b94b1550dc7bd68dbf4c95f1e2ca0c5bed0cb7cbf06ee89ddb045cd5df7,main,1.0,0.9963363301940262,,duration_complete
0,navigation_nominal,0.17597321718769238,600,0,0.0,0.0168862642836757,0.019026467017829417,0.0,0.1634671645535673,0.9857529434957542,23.6580706438981,0.019657103495361903,23,A,,0,24.0,world-d0719b94b1550dc7bd68dbf4c95f1e2ca0c5bed0cb7cbf06ee89ddb045cd5df7,main,1.0,0.9517293935641646,,duration_complete
0,navigation_nominal,0.16858825625472618,600,1,0.14666666666666667,0.013017994861584156,0.04580614226870239,0.0,0.14996451709499642,0.3758993341277043,9.021584019064903,0.0,23,OPT,,0,24.0,world-d0719b94b1550dc7bd68dbf4c95f1e2ca0c5bed0cb7cbf06ee89ddb045cd5df7,main,1.0,0.964427228551358,,duration_complete
0,navigation_nominal,0.1704510468616206,600,0,0.0,0.015251712730775276,0.015759700001217423,0.0,0.15940668729396984,0.4393336195886756,10.544006870128214,0.0,37,F2,,0,24.0,world-d0719b94b1550dc7bd68dbf4c95f1e2ca0c5bed0cb7cbf06ee89ddb045cd5df7,main,1.0,0.9954340890981257,,duration_complete
0,navigation_nominal,0.17020165183917985,600,0,0.0,0.01521369982821246,0.01578062977641821,0.0,0.15568160820592167,0.43649332366961363,10.475839768070728,0.0,37,DR,,0,24.0,world-d0719b94b1550dc7bd68dbf4c95f1e2ca0c5bed0cb7cbf06ee89ddb045cd5df7,main,1.0,0.9711803630925715,,duration_complete
0,navigation_nominal,0.16897380311317248,600,0,0.0,0.0173706454760395,0.02004298586398363,0.0,0.15808047882010529,1.0091647454731476,24.219953891355544,0.019932270606514067,37,A,,0,24.0,world-d0719b94b1550dc7bd68dbf4c95f1e2ca0c5bed0cb7cbf06ee89ddb045cd5df7,main,1.0,0.988570892252028,,duration_complete
0,navigation_nominal,0.1363440224162933,600,1,0.06833333333333333,0.009798382671239475,0.04325260990299283,0.0,0.12482884312006377,0.29419228743063286,7.060614898335189,0.0,37,OPT,,0,24.0,world-d0719b94b1550dc7bd68dbf4c95f1e2ca0c5bed0cb7cbf06ee89ddb045cd5df7,main,1.0,0.935664779972285,,duration_complete
0,navigation_nominal,0.176376798039503,600,0,0.0,0.01511467905404667,0.015631685755215584,0.0,0.1574377416144576,0.43356419837800786,10.405540761072189,0.0,11,F2,,0,24.0,world-278a0e50a1131cc1fe5214a1f3f1d5a787431a25b88db517ef6b2bc3b06f9072,main,1.0,0.961911013815552,,duration_complete
0,navigation_nominal,0.1772439188536788,600,0,0.0,0.0153478438515837,0.015849194838665426,0.0,0.1591110340383092,0.4413641704983699,10.592740091960877,0.0,11,DR,,0,24.0,world-278a0e50a1131cc1fe5214a1f3f1d5a787431a25b88db517ef6b2bc3b06f9072,main,1.0,1.0100035429932177,,duration_complete
0,navigation_nominal,0.17678058064736507,600,0,0.0,0.017355334685804944,0.019879605225287377,0.0,0.15745713857987645,1.0055542673411157,24.13330241618678,0.019850040210100513,11,A,,0,24.0,world-278a0e50a1131cc1fe5214a1f3f1d5a787431a25b88db517ef6b2bc3b06f9072,main,1.0,0.9655761173926294,,duration_complete
0,navigation_nominal,0.17423472579805255,600,1,0.06,0.009682896288577467,0.04226299813017248,0.0,0.14997704454099195,0.29267942016789067,7.0243060840293765,0.0,11,OPT,,0,24.0,world-278a0e50a1131cc1fe5214a1f3f1d5a787431a25b88db517ef6b2bc3b06f9072,main,1.0,0.9641008051112294,,duration_complete
0,navigation_nominal,0.1770844340496535,600,0,0.0,0.015296844973539312,0.015781251341104505,0.0,0.1571895077772423,0.44103862791477394,10.584927069954574,0.0,23,F2,,0,24.0,world-278a0e50a1131cc1fe5214a1f3f1d5a787431a25b88db517ef6b2bc3b06f9072,main,1.0,1.0048527317121625,,duration_complete
1,navigation_nominal,-0.0006425137229172992,468,0,0.0,0.015457162215637092,0.01619705152697861,0.0,0.1554247772867147,0.4435601219146409,8.294574279803783,0.0,23,DR,,1,18.699999999999996,world-278a0e50a1131cc1fe5214a1f3f1d5a787431a25b88db517ef6b2bc3b06f9072,main,0.0,0.7802148936316371,,physical_collision
0,navigation_nominal,0.17771033407279505,600,0,0.0,0.017234886401953798,0.02021361372899264,0.0,0.15825355249673814,1.0018926719203591,24.04542412608862,0.019855424131577214,23,A,,0,24.0,world-278a0e50a1131cc1fe5214a1f3f1d5a787431a25b88db517ef6b2bc3b06f9072,main,1.0,0.979705810546875,,duration_complete
0,navigation_nominal,0.16474412896435933,600,1,0.11166666666666666,0.011505456297503163,0.0429958478314802,0.0,0.14999194849084363,0.33775093441363424,8.106022425927222,0.0,23,OPT,,0,24.0,world-278a0e50a1131cc1fe5214a1f3f1d5a787431a25b88db517ef6b2bc3b06f9072,main,1.0,0.9649748881347477,,duration_complete
0,navigation_nominal,0.17713151377132727,600,0,0.0,0.015252856644025693,0.015861564222723244,0.0,0.1584845172084495,0.43781461694743484,10.507550806738436,0.0,37,F2,,0,24.0,world-278a0e50a1131cc1fe5214a1f3f1d5a787431a25b88db517ef6b2bc3b06f9072,main,1.0,0.9782694028690457,,duration_complete
0,navigation_nominal,0.1757693665062092,600,0,0.0,0.015170083610185733,0.015696590789593755,0.0,0.15773682955841453,0.43545742583228275,10.450978219974786,0.0,37,DR,,0,24.0,world-278a0e50a1131cc1fe5214a1f3f1d5a787431a25b88db517ef6b2bc3b06f9072,main,1.0,0.9629077455028892,,duration_complete
0,navigation_nominal,0.17666167471748756,600,0,0.0,0.017330477566768726,0.019760425202548504,0.0,0.15734370317987215,1.0067695030399288,24.16246807295829,0.01988912818254903,37,A,,0,24.0,world-278a0e50a1131cc1fe5214a1f3f1d5a787431a25b88db517ef6b2bc3b06f9072,main,1.0,0.9731138818897307,,duration_complete
0,navigation_nominal,0.17249475653231713,600,1,0.16,0.013193442513390134,0.044641111698001626,0.0,0.14998029870382926,0.38094389888768393,9.142653573304415,0.0,37,OPT,,0,24.0,world-278a0e50a1131cc1fe5214a1f3f1d5a787431a25b88db517ef6b2bc3b06f9072,main,1.0,0.971100075636059,,duration_complete
1,navigation_nominal,-0.0010088113832413946,329,0,0.0,0.01550686750900691,0.016801496315747493,0.0,-0.01969666475083573,0.4481092625332675,5.8903962559998035,0.0,11,F2,,0,13.145000000000005,world-5ebab72d2b29349b7335f2ee4adea5ab0c5559aad75efc515b1d1e1faa8692fc,main,0.0,0.5703689767979085,,physical_collision
0,navigation_nominal,0.1814352690359397,600,0,0.0,0.015111111967513958,0.015714381984435023,0.0,0.16158561961095438,0.43435045583949733,10.424410940147936,0.0,11,DR,,0,24.0,world-5ebab72d2b29349b7335f2ee4adea5ab0c5559aad75efc515b1d1e1faa8692fc,main,1.0,0.9703492531552911,,duration_complete
0,navigation_nominal,0.1780360368096932,600,0,0.0,0.017381726702830443,0.019869743450544774,0.0,0.1592991060840312,1.0032600189248722,24.07824045419693,0.019806122969991218,11,A,,0,24.0,world-5ebab72d2b29349b7335f2ee4adea5ab0c5559aad75efc515b1d1e1faa8692fc,main,1.0,0.955074776429683,,duration_complete
0,navigation_nominal,0.035856588864184316,600,1,0.09,0.010961724352867653,0.04397722450084984,0.0,0.012929771798787739,0.32668725804736215,7.840494193136692,0.0,11,OPT,,0,24.0,world-5ebab72d2b29349b7335f2ee4adea5ab0c5559aad75efc515b1d1e1faa8692fc,main,1.0,0.9988808729685843,,duration_complete
1,navigation_nominal,-0.0006741656836439356,325,0,0.0,0.015317155662924051,0.01644938802346587,0.0,-0.018484033177908612,0.44066554442294686,5.724245422054082,0.0,23,F2,,0,12.990000000000006,world-5ebab72d2b29349b7335f2ee4adea5ab0c5559aad75efc515b1d1e1faa8692fc,main,0.0,0.5334636154584587,,physical_collision
1,navigation_nominal,-0.0033050958902835336,327,0,0.0,0.0152325207703613,0.01659369030967355,0.0,-0.01582280134390626,0.4366955180270001,5.705426943022758,0.0,23,DR,,0,13.065000000000005,world-5ebab72d2b29349b7335f2ee4adea5ab0c5559aad75efc515b1d1e1faa8692fc,main,0.0,0.5256978212855756,,physical_collision
0,navigation_nominal,0.1791478593004187,600,0,0.0,0.01728483814978972,0.02001952107530087,0.0,0.16135031916877374,1.0025858017033897,24.062059240881354,0.019891635674672822,23,A,,0,24.0,world-5ebab72d2b29349b7335f2ee4adea5ab0c5559aad75efc515b1d1e1faa8692fc,main,1.0,0.940568258985877,,duration_complete
0,navigation_nominal,0.10853632190991308,600,1,0.14,0.012236727561491231,0.04500277645420283,0.0,0.08455267500007202,0.3559379171735297,8.542510012164712,0.0,23,OPT,,0,24.0,world-5ebab72d2b29349b7335f2ee4adea5ab0c5559aad75efc515b1d1e1faa8692fc,main,1.0,0.9405957334674895,,duration_complete
0,navigation_nominal,0.17929459431549943,600,0,0.0,0.015262673874385655,0.01588703740853816,0.0,0.15893530852957893,0.43961252508840215,10.550700602121651,0.0,37,F2,,0,24.0,world-5ebab72d2b29349b7335f2ee4adea5ab0c5559aad75efc515b1d1e1faa8692fc,main,1.0,0.9920142884366214,,duration_complete
0,navigation_nominal,0.1769731314538253,600,0,0.0,0.019259232692420483,0.02158670681528747,0.0,0.15836365137208264,0.5414382782764733,12.994518678635359,0.0,37,DR,,1,24.0,world-5ebab72d2b29349b7335f2ee4adea5ab0c5559aad75efc515b1d1e1faa8692fc,main,0.0,1.0622955788858235,,duration_complete
1,navigation_nominal,-0.0011828131880675722,329,0,0.0,0.017171940010459952,0.019942041020840406,0.0,-0.010293408314232392,0.9962779947489269,13.101055630948395,0.01966342698544898,37,A,,0,13.150000000000006,world-5ebab72d2b29349b7335f2ee4adea5ab0c5559aad75efc515b1d1e1faa8692fc,main,0.0,0.522669231519103,,physical_collision
0,navigation_nominal,0.16142766455468105,600,1,0.15166666666666667,0.013021581897046417,0.04480961826629936,0.0,0.13664849396510492,0.3799288942633818,9.118293462321162,0.0,37,OPT,,0,24.0,world-5ebab72d2b29349b7335f2ee4adea5ab0c5559aad75efc515b1d1e1faa8692fc,main,1.0,1.034692115150392,,duration_complete
1,navigation_effectiveness,-0.000899014304500992,436,0,0.0,0.015443124318145079,0.01608162315096706,0.0,0.15527607483903333,0.4444629994351786,7.740323135163635,0.0,11,F2,,1,17.415,world-485299c4a0da5b7977aeb143aa55147152a56107078d3711526431206780a2c7,main,0.0,0.7201251271180809,,physical_collision
0,navigation_effectiveness,0.17441335325680896,600,0,0.0,0.015352313010177265,0.015970670874230562,0.0,0.15611058390766033,0.44220847461838275,10.613003390841186,0.0,11,DR,,0,24.0,world-485299c4a0da5b7977aeb143aa55147152a56107078d3711526431206780a2c7,main,1.0,1.0124255591072142,,duration_complete
0,navigation_effectiveness,0.17231071892073793,600,0,0.0,0.01740998255787417,0.02001341145951301,0.0,0.15575843082033797,1.0082197852510337,24.19727484602481,0.01981818781311934,11,A,,0,24.0,world-485299c4a0da5b7977aeb143aa55147152a56107078d3711526431206780a2c7,main,1.0,0.984440696425736,,duration_complete
0,navigation_effectiveness,0.16778091122965408,600,1,0.10333333333333333,0.011099671715249618,0.043426281888969236,0.0,0.1500195732828486,0.3269713192130439,7.847311661113054,0.0,11,OPT,,0,24.0,world-485299c4a0da5b7977aeb143aa55147152a56107078d3711526431206780a2c7,main,1.0,0.9373710234649479,,duration_complete
0,navigation_effectiveness,0.1740547358519492,600,0,0.0,0.015212327965224783,0.01565406578592956,0.0,0.15565017733371816,0.43650851332737756,10.476204319857061,0.0,23,F2,,0,24.0,world-485299c4a0da5b7977aeb143aa55147152a56107078d3711526431206780a2c7,main,1.0,0.9724137387238443,,duration_complete
1,navigation_effectiveness,-0.0008538093910734705,411,0,0.0,0.015304273871337846,0.015893111238256097,0.0,0.1557646383040457,0.4404924029006529,7.228480331599712,0.0,23,DR,,1,16.409999999999997,world-485299c4a0da5b7977aeb143aa55147152a56107078d3711526431206780a2c7,main,0.0,0.6683170134201646,,physical_collision
0,navigation_effectiveness,0.17346846841936503,600,0,0.0,0.017226775095332415,0.0197041088482365,0.0,0.1563602164209005,0.9974862220891131,23.939669330138713,0.01974562771851197,23,A,,0,24.0,world-485299c4a0da5b7977aeb143aa55147152a56107078d3711526431206780a2c7,main,1.0,0.9631861476227641,,duration_complete
1,navigation_effectiveness,-0.0005173539769202393,64,1,0.5625,0.029858291782147717,0.05516715918201953,0.0,-0.012995331714779932,0.8063961357316553,2.0563101461157203,0.0,23,OPT,,0,2.5499999999999994,world-485299c4a0da5b7977aeb143aa55147152a56107078d3711526431206780a2c7,main,0.0,0.11682524345815182,,physical_collision
0,navigation_effectiveness,0.14730060918114746,600,0,0.0,0.015169241024026026,0.015794881107285618,0.0,0.126369168888402,0.434847719501704,10.436345268040895,0.0,37,F2,,0,24.0,world-485299c4a0da5b7977aeb143aa55147152a56107078d3711526431206780a2c7,main,1.0,0.9612940801307559,,duration_complete
0,navigation_effectiveness,0.17408648651526895,600,0,0.0,0.014879251512077947,0.01533597339875996,0.0,0.15606435748851424,0.42717284767422825,10.252148344181478,0.0,37,DR,,0,24.0,world-485299c4a0da5b7977aeb143aa55147152a56107078d3711526431206780a2c7,main,1.0,0.9549327776767313,,duration_complete
0,navigation_effectiveness,0.17297438108191626,600,0,0.0,0.018560527910012753,0.02348051310982555,0.0,0.15610204917494247,1.0180655407408874,24.433572977781296,0.01940108402709787,37,A,,1,24.0,world-485299c4a0da5b7977aeb143aa55147152a56107078d3711526431206780a2c7,main,0.0,0.9463813146576285,,duration_complete
1,navigation_effectiveness,-0.001931563183639322,67,1,0.582089552238806,0.029834125496780696,0.05397971728816628,0.0,-0.016632286314740983,0.8170615864076101,2.1611278960481286,0.0,37,OPT,,0,2.645,world-485299c4a0da5b7977aeb143aa55147152a56107078d3711526431206780a2c7,main,0.0,0.12327063176780939,,physical_collision
0,navigation_effectiveness,0.18257276712126427,600,0,0.0,0.01524714623655503,0.01579245086759329,0.0,0.15387754284495478,0.4375398854220596,10.500957250129431,0.0,11,F2,,0,24.0,world-87ac430b1577fa28d3691b99f56082431b838ec923a32206ba27999fde6a0a88,main,1.0,0.9834882784634829,,duration_complete
1,navigation_effectiveness,-0.006442626692545284,340,0,0.0,0.015275725856532946,0.0158637021901086,0.0,-0.027501216193554317,0.43888345277118546,5.962231705896556,0.0,11,DR,,0,13.585000000000004,world-87ac430b1577fa28d3691b99f56082431b838ec923a32206ba27999fde6a0a88,main,0.0,0.5557549982331693,,physical_collision
0,navigation_effectiveness,0.16780944538605463,600,0,0.0,0.01889722153233985,0.02341051446273923,0.0,0.14939573912724952,1.0332287772519824,24.79749065404758,0.019605824277581025,11,A,,1,24.0,world-87ac430b1577fa28d3691b99f56082431b838ec923a32206ba27999fde6a0a88,main,0.0,0.9575732024386525,,duration_complete
0,navigation_effectiveness,0.18285730894400212,600,1,0.12666666666666668,0.011916471061607202,0.04331471719779074,0.0,0.14980642899668326,0.34834231674904004,8.360215601976961,0.0,11,OPT,,0,24.0,world-87ac430b1577fa28d3691b99f56082431b838ec923a32206ba27999fde6a0a88,main,1.0,0.9588230471126735,,duration_complete
1,navigation_effectiveness,-0.0004916941285286892,336,0,0.0,0.015443470100373296,0.016075222403742373,0.0,-0.027241890924896976,0.4448218891439466,5.967285642866045,0.0,23,F2,,0,13.415000000000003,world-87ac430b1577fa28d3691b99f56082431b838ec923a32206ba27999fde6a0a88,main,0.0,0.5690146619454026,,physical_collision
0,navigation_effectiveness,0.17589323154857422,600,0,0.0,0.015402073042156796,0.016125744581222533,0.0,0.1559709741427466,0.4431806149465653,10.636334758717567,0.0,23,DR,,0,24.0,world-87ac430b1577fa28d3691b99f56082431b838ec923a32206ba27999fde6a0a88,main,1.0,1.0158460140228271,,duration_complete
1,navigation_effectiveness,-0.0011231159766669106,94,0,0.0,0.017822915782280107,0.022645611502230167,0.0,0.15514096436487243,1.0202812956033471,3.831156264990568,0.01999932912951137,23,A,,1,3.7549999999999994,world-87ac430b1577fa28d3691b99f56082431b838ec923a32206ba27999fde6a0a88,main,0.0,0.1563307079486549,,physical_collision
1,navigation_effectiveness,-0.0004828694867198507,58,1,0.6551724137931034,0.03331162048311069,0.055718183633871377,0.0,-0.035582799376951225,0.9131704445061244,2.118555431254208,0.0,23,OPT,,0,2.3199999999999994,world-87ac430b1577fa28d3691b99f56082431b838ec923a32206ba27999fde6a0a88,main,0.0,0.1435737330466509,,physical_collision
0,navigation_effectiveness,0.042908422291029175,600,0,0.0,0.02010457340783129,0.021734880586154758,0.0,0.15516648467043379,0.5631518879672512,13.51564531121403,0.0,37,F2,,1,24.0,world-87ac430b1577fa28d3691b99f56082431b838ec923a32206ba27999fde6a0a88,main,0.0,1.0807825797237456,,duration_complete
0,navigation_effectiveness,0.17649040933881918,600,0,0.0,0.01522426915432637,0.015871202992275357,0.0,0.15734246836068685,0.437376470634869,10.497035295236856,0.0,37,DR,,0,24.0,world-87ac430b1577fa28d3691b99f56082431b838ec923a32206ba27999fde6a0a88,main,1.0,0.9886377193033695,,duration_complete
1,navigation_effectiveness,-0.0005812545876702355,100,0,0.0,0.017615124033764005,0.02340524902101606,0.0,0.15486114193055642,1.0131402446521929,4.042429576162249,0.019889903212897478,37,A,,1,3.9899999999999993,world-87ac430b1577fa28d3691b99f56082431b838ec923a32206ba27999fde6a0a88,main,0.0,0.16575786657631397,,physical_collision
0,navigation_effectiveness,0.1513751909252766,600,1,0.245,0.01665942579973489,0.04577653238084165,0.0,0.12809600801699306,0.46974744137454155,11.273938592988998,0.0,37,OPT,,0,24.0,world-87ac430b1577fa28d3691b99f56082431b838ec923a32206ba27999fde6a0a88,main,1.0,0.9919741377234459,,duration_complete
0,navigation_effectiveness,0.16677533532284844,600,0,0.0,0.015434754290618002,0.016037400788627563,0.0,0.156475358140348,0.44389340102983016,10.653441624715924,0.0,11,F2,,0,24.0,world-189cfc2597194dbe056f648f43e73d05002a952416a0e4e12ac72ca63411b443,main,1.0,1.0144019983708858,,duration_complete
0,navigation_effectiveness,0.17163952316464823,600,0,0.0,0.015225326695169012,0.015777110564522447,0.0,0.15615650090183034,0.43825849128188565,10.518203790765256,0.0,11,DR,,0,24.0,world-189cfc2597194dbe056f648f43e73d05002a952416a0e4e12ac72ca63411b443,main,1.0,0.9875833448022604,,duration_complete
0,navigation_effectiveness,0.16230642708501225,600,0,0.0,0.017424500763881953,0.019764846796169876,0.0,0.15343324045671136,1.01252317482916,24.300556195899844,0.020049186765681952,11,A,,0,24.0,world-189cfc2597194dbe056f648f43e73d05002a952416a0e4e12ac72ca63411b443,main,1.0,0.9634968349710107,,duration_complete
0,navigation_effectiveness,0.1701901109893493,600,1,0.13166666666666665,0.012546055656081686,0.04590030424296855,0.0,0.15034657491558637,0.3662461055015835,8.789906532038003,0.0,11,OPT,,0,24.0,world-189cfc2597194dbe056f648f43e73d05002a952416a0e4e12ac72ca63411b443,main,1.0,1.0207884493283927,,duration_complete
0,navigation_effectiveness,0.16247841460335366,600,0,0.0,0.015339075976517052,0.01589240087196231,0.0,0.15636701027357075,0.44087097933515906,10.580903504043818,0.0,23,F2,,0,24.0,world-189cfc2597194dbe056f648f43e73d05002a952416a0e4e12ac72ca63411b443,main,1.0,1.0094603835605085,,duration_complete
0,navigation_effectiveness,0.17303987275394447,600,0,0.0,0.015230448607665797,0.015716806659474968,0.0,0.1558045472819386,0.4374095808986264,10.497829941567034,0.0,23,DR,,0,24.0,world-189cfc2597194dbe056f648f43e73d05002a952416a0e4e12ac72ca63411b443,main,1.0,0.987529608886689,,duration_complete
0,navigation_effectiveness,0.16032485862674703,600,0,0.0,0.017361391267428795,0.020003879792056974,0.0,0.15713027243949543,1.0096857481597301,24.232457955833524,0.020026867110282183,23,A,,0,24.0,world-189cfc2597194dbe056f648f43e73d05002a952416a0e4e12ac72ca63411b443,main,1.0,0.97740079741925,,duration_complete
0,navigation_effectiveness,0.1427748987994137,600,1,0.16,0.01370740621816367,0.0460311965085566,0.0,0.11938039148662685,0.39621913925899815,9.509259342215955,0.0,23,OPT,,0,24.0,world-189cfc2597194dbe056f648f43e73d05002a952416a0e4e12ac72ca63411b443,main,1.0,1.0371747124008834,,duration_complete
0,navigation_effectiveness,0.16792360981661528,600,0,0.0,0.015389724762644618,0.016014383663423358,0.0,0.1550256261314285,0.4434167276291798,10.642001463100314,0.0,37,F2,,0,24.0,world-189cfc2597194dbe056f648f43e73d05002a952416a0e4e12ac72ca63411b443,main,1.0,1.0131576447747648,,duration_complete
0,navigation_effectiveness,0.17265514547614047,600,0,0.0,0.01515823619828249,0.015665447479113935,0.0,0.1559114883564613,0.43549161082288873,10.451798659749329,0.0,37,DR,,0,24.0,world-189cfc2597194dbe056f648f43e73d05002a952416a0e4e12ac72ca63411b443,main,1.0,0.97149637946859,,duration_complete
0,navigation_effectiveness,0.1755664843054197,600,0,0.0,0.01716206251255547,0.0197731630410999,0.0,0.15656895513861158,0.993593696213793,23.846248709131032,0.019646953615980844,37,A,,0,24.0,world-189cfc2597194dbe056f648f43e73d05002a952416a0e4e12ac72ca63411b443,main,1.0,0.9582761866040528,,duration_complete
0,navigation_effectiveness,0.170620488652259,600,1,0.11833333333333333,0.011616064920866241,0.04456899357028305,0.0,0.15004170272111653,0.3397306443269675,8.15353546384722,0.0,37,OPT,,0,24.0,world-189cfc2597194dbe056f648f43e73d05002a952416a0e4e12ac72ca63411b443,main,1.0,0.9363965536467731,,duration_complete
0,navigation_effectiveness,0.17241968101097135,600,0,0.0,0.015308727818386008,0.015887591452337802,0.0,0.15691071524614292,0.4404085645025286,10.569805548060685,0.0,11,F2,,0,24.0,world-041a9fe26b48f27ef7dff8bee2944d36d4752363c9829ff0cde140c40cc3c8b3,main,1.0,0.9891415475867689,,duration_complete
0,navigation_effectiveness,0.055234302922184716,600,0,0.0,0.015336070724297315,0.01591462108772248,0.0,0.022205330707445355,0.4411942255489218,10.588661413174123,0.0,11,DR,,0,24.0,world-041a9fe26b48f27ef7dff8bee2944d36d4752363c9829ff0cde140c40cc3c8b3,main,1.0,0.998964068479836,,duration_complete
0,navigation_effectiveness,0.16904958023150643,600,0,0.0,0.016663990082064022,0.018733543157577512,0.0,0.15756367289890766,0.9797636178166916,23.5143268276006,0.01972054295319443,11,A,,0,24.0,world-041a9fe26b48f27ef7dff8bee2944d36d4752363c9829ff0cde140c40cc3c8b3,main,1.0,0.9344980386085808,,duration_complete
0,navigation_effectiveness,0.08496320513457493,600,1,0.17166666666666666,0.013562495459336788,0.04467079173773527,0.0,0.07129477203117414,0.39132608275394887,9.391825986094773,0.0,11,OPT,,0,24.0,world-041a9fe26b48f27ef7dff8bee2944d36d4752363c9829ff0cde140c40cc3c8b3,main,1.0,0.9799054516479373,,duration_complete
0,navigation_effectiveness,0.16818558934390654,600,0,0.0,0.015261278414012243,0.015779355610720813,0.0,0.15750464901807232,0.43895459128543735,10.534910190850496,0.0,23,F2,,0,24.0,world-041a9fe26b48f27ef7dff8bee2944d36d4752363c9829ff0cde140c40cc3c8b3,main,1.0,0.979636540170759,,duration_complete
0,navigation_effectiveness,0.05837209513305131,600,0,0.0,0.015280837353008489,0.015801652544178067,0.0,0.02645960216999672,0.4385824730270542,10.525979352649301,0.0,23,DR,,0,24.0,world-041a9fe26b48f27ef7dff8bee2944d36d4752363c9829ff0cde140c40cc3c8b3,main,1.0,0.9941126885823905,,duration_complete
0,navigation_effectiveness,0.17429078968926265,600,0,0.0,0.016984911990972858,0.019627843820489942,0.0,0.15721818155122486,0.9831295486267967,23.59510916704312,0.019471449450744936,23,A,,0,24.0,world-041a9fe26b48f27ef7dff8bee2944d36d4752363c9829ff0cde140c40cc3c8b3,main,1.0,0.9465674818493426,,duration_complete
0,navigation_effectiveness,0.08598197988855133,600,1,0.135,0.012316944359336049,0.045064717228524384,0.0,0.07237313858412382,0.35792671555342775,8.590241173282266,0.0,23,OPT,,0,24.0,world-041a9fe26b48f27ef7dff8bee2944d36d4752363c9829ff0cde140c40cc3c8b3,main,1.0,0.9510732246562839,,duration_complete
0,navigation_effectiveness,0.169581667428379,600,0,0.0,0.015132783116617551,0.015610288106836378,0.0,0.15755364848966197,0.4343413190411714,10.424191656988114,0.0,37,F2,,0,24.0,world-041a9fe26b48f27ef7dff8bee2944d36d4752363c9829ff0cde140c40cc3c8b3,main,1.0,0.9484446253627539,,duration_complete
0,navigation_effectiveness,0.17562438997696442,600,0,0.0,0.015203327795801063,0.01574124861508608,0.0,0.15656442712364776,0.4367150532004113,10.481161276809871,0.0,37,DR,,0,24.0,world-041a9fe26b48f27ef7dff8bee2944d36d4752363c9829ff0cde140c40cc3c8b3,main,1.0,0.9790874095633626,,duration_complete
0,navigation_effectiveness,0.17578325049381036,600,0,0.0,0.017313762947451322,0.019907065387815236,0.0,0.1448752509592245,1.0033145563211292,24.0795493517071,0.019802214403947194,37,A,,0,24.0,world-041a9fe26b48f27ef7dff8bee2944d36d4752363c9829ff0cde140c40cc3c8b3,main,1.0,0.9771916358731687,,duration_complete
0,navigation_effectiveness,0.08565775047555806,600,1,0.15,0.013345053455947588,0.04610261460766195,0.0,0.07201984525442014,0.3869621484191157,9.287091562058777,0.0,37,OPT,,0,24.0,world-041a9fe26b48f27ef7dff8bee2944d36d4752363c9829ff0cde140c40cc3c8b3,main,1.0,1.0330134970135987,,duration_complete
0,navigation_lag,0.15153772254198902,600,0,0.0,0.015348126848693936,0.016123400069773197,0.0,0.13376723362097592,0.44226792770981166,10.61443026503548,0.0,11,F2,,0,24.0,world-5acb504a1fec5038dc919a4ed8498f0742213f350bf980eaba8d4aa342007b96,main,1.0,1.009337168186903,,duration_complete
0,navigation_lag,0.08089390785568178,600,0,0.0,0.015330422701469311,0.01587896286509931,0.0,0.054407035178492734,0.4403836448327638,10.569207475986332,0.0,11,DR,,0,24.0,world-5acb504a1fec5038dc919a4ed8498f0742213f350bf980eaba8d4aa342007b96,main,1.0,0.9956405726261437,,duration_complete
0,navigation_lag,0.03312550343824316,600,0,0.0,0.01794073508741955,0.02091698506847024,0.0,0.006847445599785361,1.0486044644688566,25.16650714725256,0.020676336338898788,11,A,,0,24.0,world-5acb504a1fec5038dc919a4ed8498f0742213f350bf980eaba8d4aa342007b96,main,1.0,1.0368332457728684,,duration_complete
0,navigation_lag,0.167281964404256,600,1,0.16166666666666665,0.01328116335052376,0.04431182481348514,0.0,0.14995326553868926,0.38363122433656827,9.207149384077638,0.0,11,OPT,,0,24.0,world-5acb504a1fec5038dc919a4ed8498f0742213f350bf980eaba8d4aa342007b96,main,1.0,0.966275115031749,,duration_complete
0,navigation_lag,0.15221351739951178,600,0,0.0,0.015279355401483674,0.01590229673311114,0.0,0.13507665991564105,0.44001163844950497,10.56027932278812,0.0,23,F2,,0,24.0,world-5acb504a1fec5038dc919a4ed8498f0742213f350bf980eaba8d4aa342007b96,main,1.0,0.9994104946963489,,duration_complete
0,navigation_lag,0.17645452873370956,600,0,0.0,0.015281505526509136,0.01575011156965047,0.0,0.15669229306699917,0.43932656150233623,10.54383747605607,0.0,23,DR,,0,24.0,world-5acb504a1fec5038dc919a4ed8498f0742213f350bf980eaba8d4aa342007b96,main,1.0,0.9811491658911109,,duration_complete
0,navigation_lag,0.030593992532819168,600,0,0.0,0.01737455781859656,0.019901287346147,0.0,0.004276218668383479,1.0078999003744684,24.189597608987242,0.019884325630652407,23,A,,0,24.0,world-5acb504a1fec5038dc919a4ed8498f0742213f350bf980eaba8d4aa342007b96,main,1.0,0.9721851125359535,,duration_complete
1,navigation_lag,-0.0011868402856639972,250,1,0.332,0.020515094017609953,0.05032244753092527,0.0,-0.019280642867582513,0.5669897203690082,5.66706225508824,0.0,23,OPT,,0,9.995000000000006,world-5acb504a1fec5038dc919a4ed8498f0742213f350bf980eaba8d4aa342007b96,main,0.0,0.4331016750074923,,physical_collision
1,navigation_lag,-0.0003408037194046963,354,0,0.0,0.015219294447662299,0.01586708736140281,0.0,-0.02396085582657682,0.4367898972402458,6.184944944921881,0.0,37,F2,,0,14.16,world-5acb504a1fec5038dc919a4ed8498f0742213f350bf980eaba8d4aa342007b96,main,0.0,0.5803842530585825,,physical_collision
0,navigation_lag,0.1368747714952631,600,0,0.0,0.015131744811466584,0.015777709218673407,0.0,0.12004764883827229,0.43555362507080037,10.45328700169921,0.0,37,DR,,0,24.0,world-5acb504a1fec5038dc919a4ed8498f0742213f350bf980eaba8d4aa342007b96,main,1.0,1.0096843126229942,,duration_complete
0,navigation_lag,0.018196766647194617,600,0,0.0,0.017277757875466097,0.01973454894032329,0.0,0.0008417071782473374,1.001382089375208,24.033170145004988,0.019826692251178127,37,A,,0,24.0,world-5acb504a1fec5038dc919a4ed8498f0742213f350bf980eaba8d4aa342007b96,main,1.0,0.9519207859411836,,duration_complete
0,navigation_lag,0.17344556421739193,600,1,0.11166666666666666,0.011550393536842118,0.04381964290514588,0.0,0.15011606497162255,0.34058688615914434,8.174085267819464,0.0,37,OPT,,0,24.0,world-5acb504a1fec5038dc919a4ed8498f0742213f350bf980eaba8d4aa342007b96,main,1.0,0.9748011357150972,,duration_complete
0,navigation_lag,0.19088090969775728,600,0,0.0,0.015229212637835493,0.015721950540319083,0.0,0.15485208355049615,0.4374606082565151,10.499054598156363,0.0,11,F2,,0,24.0,world-76857b0194e59eb5c50032503d02dfbb824ec85f6f103f045d94562a8587c64e,main,1.0,0.9894905700348318,,duration_complete
0,navigation_lag,0.18210273318599757,600,0,0.0,0.015250810952857137,0.01576228265184909,0.0,0.159717888478169,0.4377897726177859,10.506954542826861,0.0,11,DR,,0,24.0,world-76857b0194e59eb5c50032503d02dfbb824ec85f6f103f045d94562a8587c64e,main,1.0,0.9825139595195651,,duration_complete
0,navigation_lag,0.05341231845807264,600,0,0.0,0.017317328919501353,0.02000482475850731,0.0,0.023554801494462284,1.0044337921620656,24.106411011889577,0.019856095058688274,11,A,,0,24.0,world-76857b0194e59eb5c50032503d02dfbb824ec85f6f103f045d94562a8587c64e,main,1.0,0.9862550180405378,,duration_complete
0,navigation_lag,0.17590187703969962,600,1,0.11333333333333333,0.01131331458222121,0.04410125534050166,0.0,0.15000533108191455,0.3309234333379815,7.942162400111556,0.0,11,OPT,,0,24.0,world-76857b0194e59eb5c50032503d02dfbb824ec85f6f103f045d94562a8587c64e,main,1.0,0.9044190915301442,,duration_complete
0,navigation_lag,0.18691883743035853,600,0,0.0,0.015356241529031346,0.015860876278020443,0.0,0.15499917103809444,0.4415661777796534,10.597588266711682,0.0,23,F2,,0,24.0,world-76857b0194e59eb5c50032503d02dfbb824ec85f6f103f045d94562a8587c64e,main,1.0,1.00830686558038,,duration_complete
1,navigation_lag,-0.0005654967420426065,257,0,0.0,0.015241657963551668,0.015711311250925064,0.0,-0.02362862141831492,0.439460876490376,4.508868592791259,0.0,23,DR,,0,10.260000000000003,world-76857b0194e59eb5c50032503d02dfbb824ec85f6f103f045d94562a8587c64e,main,0.0,0.420066078659147,,physical_collision
1,navigation_lag,-0.001488328873637525,377,0,0.0,0.017249119841056412,0.019750607758760454,0.0,-0.02264551238671001,1.0135262536162732,15.258637748192996,0.020110373563115888,23,A,,0,15.055000000000003,world-76857b0194e59eb5c50032503d02dfbb824ec85f6f103f045d94562a8587c64e,main,0.0,0.614861679263413,,physical_collision
0,navigation_lag,0.17708328025238262,600,1,0.1,0.010974231497384608,0.04260216895490885,0.0,0.14999931875192501,0.32463562603030977,7.791255024727434,0.0,23,OPT,,0,24.0,world-76857b0194e59eb5c50032503d02dfbb824ec85f6f103f045d94562a8587c64e,main,1.0,0.9558535474352539,,duration_complete
0,navigation_lag,0.19263888505959983,600,0,0.0,0.015301169968831043,0.015776912868022918,0.0,0.15482427197101742,0.4398052964631158,10.555327115114778,0.0,37,F2,,0,24.0,world-76857b0194e59eb5c50032503d02dfbb824ec85f6f103f045d94562a8587c64e,main,1.0,0.9994424073956907,,duration_complete
1,navigation_lag,-0.0002831975915633945,259,0,0.0,0.015384994594660735,0.015873626805841923,0.0,-0.021096613126324836,0.4435049681870346,4.594711470417678,0.0,37,DR,,0,10.36,world-76857b0194e59eb5c50032503d02dfbb824ec85f6f103f045d94562a8587c64e,main,0.0,0.43877410190179944,,physical_collision
0,navigation_lag,0.1466087407210187,600,0,0.0,0.01768281956979384,0.0202561994548887,0.0,0.11017527512242815,1.0333036477095447,24.799287545029074,0.02047110771217073,37,A,,0,24.0,world-76857b0194e59eb5c50032503d02dfbb824ec85f6f103f045d94562a8587c64e,main,1.0,0.9961617686785758,,duration_complete
0,navigation_lag,0.17722583045997878,600,1,0.105,0.011093650221203764,0.04330949282739311,0.0,0.14999855083865649,0.3246446794170576,7.791472306009382,0.0,37,OPT,,0,24.0,world-76857b0194e59eb5c50032503d02dfbb824ec85f6f103f045d94562a8587c64e,main,1.0,0.909668565262109,,duration_complete
0,navigation_lag,0.1800260598620733,600,0,0.0,0.015325655166525393,0.015897882729768754,0.0,0.1571690048996559,0.44210426542364684,10.610502370167524,0.0,11,F2,,0,24.0,world-ba870bb0a321d4f4fcadebed0f0f6a948fd664728012c591d330f14dd3482525,main,1.0,1.020175553392619,,duration_complete
0,navigation_lag,0.177092936641877,600,0,0.0,0.01531077954918146,0.01584409740753472,0.0,0.1566557199513589,0.4400777908352514,10.561866980046034,0.0,11,DR,,0,24.0,world-ba870bb0a321d4f4fcadebed0f0f6a948fd664728012c591d330f14dd3482525,main,1.0,1.0035126945003867,,duration_complete
0,navigation_lag,0.17796476495552366,600,0,0.0,0.016908587741975983,0.018822235777042805,0.0,0.15682870752981687,0.9774761003403304,23.45942640816793,0.019315500027344872,11,A,,0,24.0,world-ba870bb0a321d4f4fcadebed0f0f6a948fd664728012c591d330f14dd3482525,main,1.0,0.9381028362549841,,duration_complete
0,navigation_lag,0.16902952688789805,600,1,0.05,0.009256884771554421,0.013017932069486532,0.0,0.1500298833169423,0.28163188067264855,6.759165136143565,0.0,11,OPT,,0,24.0,world-ba870bb0a321d4f4fcadebed0f0f6a948fd664728012c591d330f14dd3482525,main,1.0,0.9703603684902191,,duration_complete
0,navigation_lag,0.17643487348650413,600,0,0.0,0.015360683611749361,0.01588050783611834,0.0,0.15661973780851368,0.44212777687547106,10.611066645011306,0.0,23,F2,,0,24.0,world-ba870bb0a321d4f4fcadebed0f0f6a948fd664728012c591d330f14dd3482525,main,1.0,1.0107196103781462,,duration_complete
0,navigation_lag,0.17681534264198145,600,0,0.0,0.015238825514291723,0.015742895659059286,0.0,0.15665375715235047,0.43821500913084793,10.51716021914035,0.0,23,DR,,0,24.0,world-ba870bb0a321d4f4fcadebed0f0f6a948fd664728012c591d330f14dd3482525,main,1.0,0.9880422386340797,,duration_complete
1,navigation_lag,-0.013606343287885724,379,0,0.0,0.017006513839562996,0.01939635509625076,0.0,0.15737317502547365,0.970017223845296,14.686060769017786,0.019073055713071357,23,A,,1,15.140000000000004,world-ba870bb0a321d4f4fcadebed0f0f6a948fd664728012c591d330f14dd3482525,main,0.0,0.5748135079629719,,physical_collision
0,navigation_lag,0.1695069224329176,600,1,0.08166666666666667,0.010222177195828408,0.042416150541976075,0.0,0.1504631052771269,0.30489571233435225,7.317497096024454,0.0,23,OPT,,0,24.0,world-ba870bb0a321d4f4fcadebed0f0f6a948fd664728012c591d330f14dd3482525,main,1.0,0.9334263284690678,,duration_complete
0,navigation_lag,0.17657011280256732,600,0,0.0,0.015313461327459664,0.015841664117760956,0.0,0.1562871458480804,0.44019723479868844,10.564733635168523,0.0,37,F2,,0,24.0,world-ba870bb0a321d4f4fcadebed0f0f6a948fd664728012c591d330f14dd3482525,main,1.0,1.0015890998765826,,duration_complete
0,navigation_lag,0.1797320499847893,600,0,0.0,0.015360493138432503,0.015939414571039378,0.0,0.15749320390507404,0.4417883837983633,10.60292121116072,0.0,37,DR,,0,24.0,world-ba870bb0a321d4f4fcadebed0f0f6a948fd664728012c591d330f14dd3482525,main,1.0,1.0019335695542395,,duration_complete
0,navigation_lag,0.17515344748379227,600,0,0.0,0.01679588354503115,0.019077675021253526,0.0,0.1562216439152893,0.9752100806217641,23.405041934922338,0.0194015196726347,37,A,,0,24.0,world-ba870bb0a321d4f4fcadebed0f0f6a948fd664728012c591d330f14dd3482525,main,1.0,0.928505779709667,,duration_complete
1,navigation_lag,-0.004353721033087725,142,1,0.2605633802816901,0.017676000653857916,0.05085778988432139,0.0,-0.021401095645916253,0.49808752557524644,2.816684957128018,0.0,37,OPT,,0,5.654999999999999,world-ba870bb0a321d4f4fcadebed0f0f6a948fd664728012c591d330f14dd3482525,main,0.0,0.24055801704525948,,physical_collision
0,navigation_lag,0.15120319301982393,600,0,0.0,0.015332188870913038,0.015996109321713445,0.0,0.12722164405221684,0.4410034991257514,10.584083979018033,0.0,11,F2,,0,24.0,world-80695588036dcbd56d4acc8f8d4cb1bb2c9820e51ceef91c653add024e3ad211,main,1.0,1.0018218797631562,,duration_complete
0,navigation_lag,0.13688352996896938,600,0,0.0,0.015157487605853627,0.015598176419734953,0.0,0.11299626843950819,0.4358174523028235,10.459618855267763,0.0,11,DR,,0,24.0,world-80695588036dcbd56d4acc8f8d4cb1bb2c9820e51ceef91c653add024e3ad211,main,1.0,0.967243233229965,,duration_complete
0,navigation_lag,0.18270068613839271,600,0,0.0,0.016872799291741104,0.019275406841188666,0.0,0.15549519887423452,0.9777885031653568,23.466924075968564,0.01932465404892961,11,A,,0,24.0,world-80695588036dcbd56d4acc8f8d4cb1bb2c9820e51ceef91c653add024e3ad211,main,1.0,0.9381212331354618,,duration_complete
0,navigation_lag,0.1768607191341734,600,1,0.10666666666666667,0.011267909122786175,0.04415431590750814,0.0,0.14800213273077625,0.3336862167149472,8.008469201158732,0.0,11,OPT,,0,24.0,world-80695588036dcbd56d4acc8f8d4cb1bb2c9820e51ceef91c653add024e3ad211,main,1.0,0.9882755572907627,,duration_complete
0,navigation_lag,0.14788409204582537,600,0,0.0,0.015207711602561175,0.015743835968896745,0.0,0.12391086683044397,0.4375676780473441,10.501624273136258,0.0,23,F2,,0,24.0,world-80695588036dcbd56d4acc8f8d4cb1bb2c9820e51ceef91c653add024e3ad211,main,1.0,0.9836019454523921,,duration_complete
0,navigation_lag,0.14295200168607125,600,0,0.0,0.015240787058137356,0.01577909041661769,0.0,0.11917966987527999,0.4381746531580575,10.51619167579338,0.0,23,DR,,0,24.0,world-80695588036dcbd56d4acc8f8d4cb1bb2c9820e51ceef91c653add024e3ad211,main,1.0,0.9942277297377586,,duration_complete
0,navigation_lag,0.18335919224445213,600,0,0.0,0.016949351282479864,0.019375838735140857,0.0,0.1562739619941425,0.9819048145436682,23.565715549048036,0.019489585106105854,23,A,,0,24.0,world-80695588036dcbd56d4acc8f8d4cb1bb2c9820e51ceef91c653add024e3ad211,main,1.0,0.9328143270686269,,duration_complete
0,navigation_lag,0.17285451309562203,600,1,0.10333333333333333,0.01114272189171364,0.04326262294780462,0.0,0.15067663757336083,0.3290842268421936,7.898021444212645,0.0,23,OPT,,0,24.0,world-80695588036dcbd56d4acc8f8d4cb1bb2c9820e51ceef91c653add024e3ad211,main,1.0,0.9566746037453413,,duration_complete
0,navigation_lag,0.1438660559834385,600,0,0.0,0.015244029075062523,0.015741801052354277,0.0,0.11988173235124604,0.4378071350317138,10.507371240761131,0.0,37,F2,,0,24.0,world-80695588036dcbd56d4acc8f8d4cb1bb2c9820e51ceef91c653add024e3ad211,main,1.0,0.9913958059623837,,duration_complete
0,navigation_lag,0.13454761586461383,600,0,0.0,0.015225693063500027,0.015745062101632356,0.0,0.11060960937005873,0.4378853147888246,10.50924755493179,0.0,37,DR,,0,24.0,world-80695588036dcbd56d4acc8f8d4cb1bb2c9820e51ceef91c653add024e3ad211,main,1.0,0.9895061985589564,,duration_complete
0,navigation_lag,0.18404654815182311,600,0,0.0,0.01721042955449472,0.019574023410677908,0.0,0.15619947661669256,1.000655426333348,24.01573023200035,0.01986625325710823,37,A,,0,24.0,world-80695588036dcbd56d4acc8f8d4cb1bb2c9820e51ceef91c653add024e3ad211,main,1.0,0.9590589073486626,,duration_complete
0,navigation_lag,0.17328282492166291,600,1,0.09333333333333334,0.011000858730015656,0.043186401901766654,0.0,0.1499524599797554,0.32743295109442744,7.858390826266259,0.0,37,OPT,,0,24.0,world-80695588036dcbd56d4acc8f8d4cb1bb2c9820e51ceef91c653add024e3ad211,main,1.0,1.0039949882775545,,duration_complete
0,navigation_combined,0.17383822340836322,600,0,0.0,0.015238002833599846,0.015747685404494404,0.0,0.15578456846592967,0.4385124317098719,10.524298361036927,0.0,11,F2,,0,24.0,world-13dfb55236c6449fce633029caeac82ab3f547c6000b5db294b09d5883ce70c8,main,1.0,0.9871369670145214,,duration_complete
0,navigation_combined,0.1707567329746174,600,0,0.0,0.01527244878001511,0.015769609552808105,0.0,0.15784366619619794,0.43892801797483116,10.534272431395948,0.0,11,DR,,0,24.0,world-13dfb55236c6449fce633029caeac82ab3f547c6000b5db294b09d5883ce70c8,main,1.0,0.9936911310069263,,duration_complete
0,navigation_combined,0.1663288817990127,600,0,0.0,0.017340337809485695,0.019858328998088835,0.0,0.1563991783397068,1.005385303714623,24.129247289150953,0.0199738345357279,11,A,,0,24.0,world-13dfb55236c6449fce633029caeac82ab3f547c6000b5db294b09d5883ce70c8,main,1.0,0.9577535199932754,,duration_complete
1,navigation_combined,-0.005963766085001915,353,1,0.3059490084985836,0.019344837776788908,0.04733009170740843,0.0,-0.0354886515052174,0.5413178902980301,7.624462484847754,0.0,11,OPT,,0,14.085,world-13dfb55236c6449fce633029caeac82ab3f547c6000b5db294b09d5883ce70c8,main,0.0,0.632602974306792,,physical_collision
0,navigation_combined,0.17363642688074288,600,0,0.0,0.015380836052354425,0.01595124409068376,0.0,0.15698831751894957,0.4419265991697709,10.606238380074501,0.0,23,F2,,0,24.0,world-13dfb55236c6449fce633029caeac82ab3f547c6000b5db294b09d5883ce70c8,main,1.0,1.0124696302227676,,duration_complete
1,navigation_combined,-0.0016705481847172723,420,0,0.0,0.015407109128621718,0.016053400794044135,0.0,0.15703363486187683,0.4422610567087552,7.423351836856455,0.0,23,DR,,1,16.784999999999997,world-13dfb55236c6449fce633029caeac82ab3f547c6000b5db294b09d5883ce70c8,main,0.0,0.6970126740634441,,physical_collision
1,navigation_combined,-0.004482830717346799,325,0,0.0,0.01759952938900544,0.020186966564506293,0.0,-0.028523688077086627,1.0222832548217238,13.274348063860089,0.020042539122872627,23,A,,0,12.985000000000005,world-13dfb55236c6449fce633029caeac82ab3f547c6000b5db294b09d5883ce70c8,main,0.0,0.541462813038379,,physical_collision
0,navigation_combined,0.17399007900792485,600,1,0.10833333333333334,0.011109606055542827,0.0427806525491178,0.0,0.1437245042235666,0.3270525300952916,7.849260722286999,0.0,23,OPT,,0,24.0,world-13dfb55236c6449fce633029caeac82ab3f547c6000b5db294b09d5883ce70c8,main,1.0,0.934047688730061,,duration_complete
1,navigation_combined,-0.002622041519569078,329,0,0.0,0.015408524163463649,0.01614890256896615,0.0,-0.028932214836426627,0.44472948814596247,5.843745474237949,0.0,37,F2,,0,13.140000000000004,world-13dfb55236c6449fce633029caeac82ab3f547c6000b5db294b09d5883ce70c8,main,0.0,0.5606927825137973,,physical_collision
1,navigation_combined,-0.00032283290316119454,323,0,0.0,0.015139999421711308,0.015664235362783073,0.0,-0.025699382783323198,0.43706888071298833,5.646929938811809,0.0,37,DR,,0,12.92,world-13dfb55236c6449fce633029caeac82ab3f547c6000b5db294b09d5883ce70c8,main,0.0,0.5412487396970391,,physical_collision
1,navigation_combined,-0.0005382307871953981,324,0,0.0,0.017353953322234713,0.019842789135873316,0.0,-0.0240411737131482,1.0109253576416894,13.081374127883464,0.02001746434913833,37,A,,0,12.940000000000003,world-13dfb55236c6449fce633029caeac82ab3f547c6000b5db294b09d5883ce70c8,main,0.0,0.5248796390369534,,physical_collision
1,navigation_combined,-0.0007787728018842694,326,1,0.24846625766871167,0.01683419967710149,0.04659586411435157,0.0,-0.038924850997765346,0.47827581620899,6.222368368878961,0.0,37,OPT,,0,13.010000000000002,world-13dfb55236c6449fce633029caeac82ab3f547c6000b5db294b09d5883ce70c8,main,0.0,0.5669463132508099,,physical_collision
0,navigation_combined,0.10284826313008907,600,0,0.0,0.015291067070017258,0.01582737665157765,0.0,0.07015326811500006,0.43967252121850225,10.552140509244055,0.0,11,F2,,0,24.0,world-673bc5c21bf87d5037f6dd47260d46dd573b6f64641ec2c886e1c047f265557a,main,1.0,0.9853262538090348,,duration_complete
0,navigation_combined,0.18461381419873327,600,0,0.0,0.015248107588073859,0.01571571230888367,0.0,0.15694711146392876,0.438033209706191,10.512797032948583,0.0,11,DR,,0,24.0,world-673bc5c21bf87d5037f6dd47260d46dd573b6f64641ec2c886e1c047f265557a,main,1.0,0.9868626450188458,,duration_complete
0,navigation_combined,0.09605579759312097,600,0,0.0,0.016960777745116503,0.018117959937080742,0.0,0.06311755472972364,0.9741891562395418,23.380539749749005,0.019292604185951252,11,A,,0,24.0,world-673bc5c21bf87d5037f6dd47260d46dd573b6f64641ec2c886e1c047f265557a,main,1.0,0.9240974681451917,,duration_complete
0,navigation_combined,0.1402051847156265,600,1,0.08166666666666667,0.010934598979074507,0.045377646526321765,0.0,0.1109716310772903,0.3255390777485445,7.812937865965068,0.0,11,OPT,,0,24.0,world-673bc5c21bf87d5037f6dd47260d46dd573b6f64641ec2c886e1c047f265557a,main,1.0,0.992230448871851,,duration_complete
0,navigation_combined,0.10266322195351342,600,0,0.0,0.015335635660060992,0.01589009987656027,0.0,0.0699466243716575,0.44016437855316326,10.563945085275918,0.0,23,F2,,0,24.0,world-673bc5c21bf87d5037f6dd47260d46dd573b6f64641ec2c886e1c047f265557a,main,1.0,0.9939031167887151,,duration_complete
0,navigation_combined,0.19156129286361281,600,0,0.0,0.015240450972535957,0.01577990271616727,0.0,0.16407739428040352,0.4386154020903632,10.526769650168717,0.0,23,DR,,0,24.0,world-673bc5c21bf87d5037f6dd47260d46dd573b6f64641ec2c886e1c047f265557a,main,1.0,0.9823620668612421,,duration_complete
0,navigation_combined,0.11462502423939372,600,0,0.0,0.01721386395782853,0.019788117799907922,0.0,0.08055802644986637,0.9981560658779927,23.955745581071824,0.01976222755542646,23,A,,0,24.0,world-673bc5c21bf87d5037f6dd47260d46dd573b6f64641ec2c886e1c047f265557a,main,1.0,0.9517194274812937,,duration_complete
0,navigation_combined,0.16199452453526206,600,1,0.12166666666666667,0.011866786065511406,0.044779922557063395,0.0,0.12301904164210403,0.3493321819114499,8.383972365874797,0.0,23,OPT,,0,24.0,world-673bc5c21bf87d5037f6dd47260d46dd573b6f64641ec2c886e1c047f265557a,main,1.0,0.997716355137527,,duration_complete
0,navigation_combined,0.10254837036093913,600,0,0.0,0.015324087608605623,0.0159246887313202,0.0,0.06983507942303518,0.44124068700087565,10.589776488021016,0.0,37,F2,,0,24.0,world-673bc5c21bf87d5037f6dd47260d46dd573b6f64641ec2c886e1c047f265557a,main,1.0,0.9985885368660092,,duration_complete
0,navigation_combined,0.18999985123418298,600,0,0.0,0.015349585463603337,0.01595343379303813,0.0,0.1622508533067864,0.4414522857017194,10.594854856841266,0.0,37,DR,,0,24.0,world-673bc5c21bf87d5037f6dd47260d46dd573b6f64641ec2c886e1c047f265557a,main,1.0,1.0007377653382719,,duration_complete
0,navigation_combined,0.09682058374453284,600,0,0.0,0.017517188109923153,0.019952895934693515,0.0,0.06390330397052207,1.0194105521271315,24.465853251051158,0.02016066199168563,37,A,,0,24.0,world-673bc5c21bf87d5037f6dd47260d46dd573b6f64641ec2c886e1c047f265557a,main,1.0,0.9856217331252992,,duration_complete
0,navigation_combined,0.06409592588217446,600,1,0.07,0.010051411730237304,0.04311382761225104,0.0,0.02493757101942734,0.30178916283572715,7.242939908057451,0.0,37,OPT,,0,24.0,world-673bc5c21bf87d5037f6dd47260d46dd573b6f64641ec2c886e1c047f265557a,main,1.0,0.9546894687227905,,duration_complete
0,navigation_combined,0.1894844313860799,600,0,0.0,0.01532258424287041,0.015849135350435972,0.0,0.17063063695804712,0.43984500867857906,10.556280208285898,0.0,11,F2,,0,24.0,world-6f8b4fe13d9c03047d740e265b174fa097132f7007d9be8b466f6045383b8096,main,1.0,0.9977471632882953,,duration_complete
0,navigation_combined,0.17724914810346534,600,0,0.0,0.015363026694394648,0.01600748668424785,0.0,0.15797136056323466,0.4418579226282115,10.604590143077075,0.0,11,DR,,0,24.0,world-6f8b4fe13d9c03047d740e265b174fa097132f7007d9be8b466f6045383b8096,main,1.0,1.011648855637759,,duration_complete
1,navigation_combined,-0.002282208662878575,286,0,0.0,0.017418559643902355,0.020046850782819092,0.0,-0.026741388827856108,1.0073915110087819,11.514484970830381,0.01973176030507246,11,A,,0,11.430000000000005,world-6f8b4fe13d9c03047d740e265b174fa097132f7007d9be8b466f6045383b8096,main,0.0,0.45806644251570106,,physical_collision
0,navigation_combined,0.0945127444075631,600,1,0.13,0.012200691860634834,0.044760293490253386,0.0,0.0790074619994151,0.35736331415440264,8.576719539705664,0.0,11,OPT,,0,24.0,world-6f8b4fe13d9c03047d740e265b174fa097132f7007d9be8b466f6045383b8096,main,1.0,0.9825613792054355,,duration_complete
0,navigation_combined,0.07986759782608463,600,0,0.0,0.01539599036797881,0.016092651267535982,0.0,0.04014480352745884,0.442944448790513,10.630666770972311,0.0,23,F2,,0,24.0,world-6f8b4fe13d9c03047d740e265b174fa097132f7007d9be8b466f6045383b8096,main,1.0,1.0132026467472315,,duration_complete
0,navigation_combined,0.17640601535529846,600,0,0.0,0.015325930836455276,0.015892210719175636,0.0,0.15760616950582104,0.441151244546442,10.587629869114608,0.0,23,DR,,0,24.0,world-6f8b4fe13d9c03047d740e265b174fa097132f7007d9be8b466f6045383b8096,main,1.0,1.0110774459317327,,duration_complete
0,navigation_combined,0.1776167347670887,600,0,0.0,0.017208431934316953,0.01963450137991458,0.0,0.15757675538718793,1.0009499810403213,24.02279954496771,0.019876206022066373,23,A,,0,24.0,world-6f8b4fe13d9c03047d740e265b174fa097132f7007d9be8b466f6045383b8096,main,1.0,0.970434810500592,,duration_complete
0,navigation_combined,0.16829040342301044,600,1,0.11,0.011666742330417037,0.04476399002596734,0.0,0.14886099039765888,0.3443068251363002,8.263363803271204,0.0,23,OPT,,0,24.0,world-6f8b4fe13d9c03047d740e265b174fa097132f7007d9be8b466f6045383b8096,main,1.0,0.9969338555820286,,duration_complete
0,navigation_combined,0.025009989641788823,600,0,0.0,0.015324997666757554,0.015868719154968857,0.0,-0.014622911824586549,0.4404373176706334,10.570495624095201,0.0,37,F2,,0,24.0,world-6f8b4fe13d9c03047d740e265b174fa097132f7007d9be8b466f6045383b8096,main,1.0,0.9938486884348094,,duration_complete
0,navigation_combined,0.17563524282740478,600,0,0.0,0.015325024453923107,0.015912142721936105,0.0,0.15665445262819208,0.44025789300212637,10.566189432051033,0.0,37,DR,,0,24.0,world-6f8b4fe13d9c03047d740e265b174fa097132f7007d9be8b466f6045383b8096,main,1.0,0.9870200897566974,,duration_complete
0,navigation_combined,0.1762921310477349,600,0,0.0,0.017115266492279867,0.0193229922093451,0.0,0.15676553943707403,1.000557878636755,24.01338908728212,0.019987514164919656,37,A,,0,24.0,world-6f8b4fe13d9c03047d740e265b174fa097132f7007d9be8b466f6045383b8096,main,1.0,0.9453036501072347,,duration_complete
0,navigation_combined,0.002506076619583862,600,1,0.13833333333333334,0.012363945966741691,0.045003741583786894,0.0,-0.014674009500670505,0.3576345706630188,8.58322969591245,0.0,37,OPT,,0,24.0,world-6f8b4fe13d9c03047d740e265b174fa097132f7007d9be8b466f6045383b8096,main,1.0,0.926840843167156,,duration_complete
0,navigation_combined,0.17143918298705246,600,0,0.0,0.01533371695317328,0.015990888141095637,0.0,0.15694636375887822,0.4410003194546637,10.58400766691193,0.0,11,F2,,0,24.0,world-b0cc9b52f0d3137a712e3d4aff9b846bc516b3ce44f664168a18ea599d49fc58,main,1.0,1.0047680670395494,,duration_complete
0,navigation_combined,0.19651868683432885,600,0,0.0,0.015089324455087384,0.015521032130345702,0.0,0.15965862924156551,0.43383624653021496,10.412069916725159,0.0,11,DR,,0,24.0,world-b0cc9b52f0d3137a712e3d4aff9b846bc516b3ce44f664168a18ea599d49fc58,main,1.0,0.9706480894237757,,duration_complete
0,navigation_combined,0.22684191412898527,600,0,0.0,0.017440822783391922,0.01993046768475324,0.0,0.189982446511942,1.0095997159175265,24.230393182020634,0.019915347845914463,11,A,,0,24.0,world-b0cc9b52f0d3137a712e3d4aff9b846bc516b3ce44f664168a18ea599d49fc58,main,1.0,0.9740157388150692,,duration_complete
0,navigation_combined,0.19698953568183364,600,1,0.0016666666666666668,0.007396769123928001,0.009005698584951457,0.0,0.1599982498237932,0.23359263455495238,5.606223229318857,0.0,11,OPT,,0,24.0,world-b0cc9b52f0d3137a712e3d4aff9b846bc516b3ce44f664168a18ea599d49fc58,main,1.0,0.931582136079669,,duration_complete
0,navigation_combined,0.23919817853011627,600,0,0.0,0.015381703246384859,0.015905421669594945,0.0,0.2024038760716295,0.44379588100127876,10.65110114403069,0.0,23,F2,,0,24.0,world-b0cc9b52f0d3137a712e3d4aff9b846bc516b3ce44f664168a18ea599d49fc58,main,1.0,1.0240890495479107,,duration_complete
0,navigation_combined,0.1960099453467708,600,0,0.0,0.015207299506291747,0.015605712146498262,0.0,0.1591234738981129,0.4365231324530517,10.476555178873241,0.0,23,DR,,0,24.0,world-b0cc9b52f0d3137a712e3d4aff9b846bc516b3ce44f664168a18ea599d49fc58,main,1.0,0.983844474889338,,duration_complete
0,navigation_combined,0.22684477678399456,600,0,0.0,0.01710204432796066,0.01948421460110694,0.0,0.18998527690684078,0.9931517415485965,23.835641797166318,0.01970663346350193,23,A,,0,24.0,world-b0cc9b52f0d3137a712e3d4aff9b846bc516b3ce44f664168a18ea599d49fc58,main,1.0,0.9535611676983535,,duration_complete
0,navigation_combined,0.19698953568183364,600,1,0.0016666666666666668,0.007304047768314679,0.00933343917131424,0.0,0.1599982498237932,0.23224805371137336,5.573953289072961,0.0,23,OPT,,0,24.0,world-b0cc9b52f0d3137a712e3d4aff9b846bc516b3ce44f664168a18ea599d49fc58,main,1.0,0.9457882796414196,,duration_complete
0,navigation_combined,0.2391917308755271,600,0,0.0,0.015222245821884523,0.01567362151108682,0.0,0.20239742413428188,0.4380914828701255,10.514195588883013,0.0,37,F2,,0,24.0,world-b0cc9b52f0d3137a712e3d4aff9b846bc516b3ce44f664168a18ea599d49fc58,main,1.0,0.9956001550890505,,duration_complete
0,navigation_combined,0.17503713986093236,600,0,0.0,0.01527711725483338,0.01587563024368137,0.0,0.15646351500476247,0.4410421546199359,10.585011710878462,0.0,37,DR,,0,24.0,world-b0cc9b52f0d3137a712e3d4aff9b846bc516b3ce44f664168a18ea599d49fc58,main,1.0,1.0190256405621767,,duration_complete
0,navigation_combined,0.21387517708835596,600,0,0.0,0.017308635756683847,0.019613182917237282,0.0,0.1769356443531557,1.0032778335735202,24.078668005764484,0.019878755741907905,37,A,,0,24.0,world-b0cc9b52f0d3137a712e3d4aff9b846bc516b3ce44f664168a18ea599d49fc58,main,1.0,0.9603993068449199,,duration_complete
0,navigation_combined,0.19698953568183364,600,1,0.0016666666666666668,0.007211994860166063,0.008652605442330237,0.0,0.1599982498237932,0.2268261513672769,5.443827632814646,0.0,37,OPT,,0,24.0,world-b0cc9b52f0d3137a712e3d4aff9b846bc516b3ce44f664168a18ea599d49fc58,main,1.0,0.8967451979406178,,duration_complete
0.08333333333333333,navigation_combined,,,,,,,,,0.441030047021995,,,,F2,12,,,,,,,balanced_cell_mean,
0.16666666666666666,navigation_effectiveness,,,,,,,,,0.450268206468402,,,,F2,12,,,,,,,balanced_cell_mean,
0.08333333333333333,navigation_lag,,,,,,,,,0.43989242793345523,,,,F2,12,,,,,,,balanced_cell_mean,
0.16666666666666666,navigation_nominal,,,,,,,,,0.44086084068375747,,,,F2,12,,,,,,,balanced_cell_mean,
0.5,structured_combined,,,,,,,,,0.4453207401970281,,,,F2,12,,,,,,,balanced_cell_mean,
0.0,structured_effectiveness,,,,,,,,,0.4410436527382228,,,,F2,12,,,,,,,balanced_cell_mean,
0.0,structured_lag,,,,,,,,,0.44385923460746807,,,,F2,12,,,,,,,balanced_cell_mean,
0.25,structured_nominal,,,,,,,,,0.4400962440243649,,,,F2,12,,,,,,,balanced_cell_mean,
0.16666666666666666,navigation_combined,,,,,,,,,0.43925228722290255,,,,DR,12,,,,,,,balanced_cell_mean,
0.16666666666666666,navigation_effectiveness,,,,,,,,,0.4380804748604727,,,,DR,12,,,,,,,balanced_cell_mean,
0.16666666666666666,navigation_lag,,,,,,,,,0.4389981710596054,,,,DR,12,,,,,,,balanced_cell_mean,
0.16666666666666666,navigation_nominal,,,,,,,,,0.4456557935628076,,,,DR,12,,,,,,,balanced_cell_mean,
0.16666666666666666,structured_combined,,,,,,,,,0.44126019333768723,,,,DR,12,,,,,,,balanced_cell_mean,
0.25,structured_effectiveness,,,,,,,,,0.4460076652082787,,,,DR,12,,,,,,,balanced_cell_mean,
0.08333333333333333,structured_lag,,,,,,,,,0.4431248091417996,,,,DR,12,,,,,,,balanced_cell_mean,
0.16666666666666666,structured_nominal,,,,,,,,,0.4415968814132585,,,,DR,12,,,,,,,balanced_cell_mean,
0.25,navigation_combined,,,,,,,,,1.0037731960123502,,,,A,12,,,,,,,balanced_cell_mean,
0.16666666666666666,navigation_effectiveness,,,,,,,,,1.0060360172963214,,,,A,12,,,,,,,balanced_cell_mean,
0.16666666666666666,navigation_lag,,,,,,,,,0.9993501913796816,,,,A,12,,,,,,,balanced_cell_mean,
0.08333333333333333,navigation_nominal,,,,,,,,,0.999345851527005,,,,A,12,,,,,,,balanced_cell_mean,
0.08333333333333333,structured_combined,,,,,,,,,0.9943321682679067,,,,A,12,,,,,,,balanced_cell_mean,
0.4166666666666667,structured_effectiveness,,,,,,,,,1.0174306901626373,,,,A,12,,,,,,,balanced_cell_mean,
0.0,structured_lag,,,,,,,,,0.9990863989916675,,,,A,12,,,,,,,balanced_cell_mean,
0.25,structured_nominal,,,,,,,,,0.9936783310823589,,,,A,12,,,,,,,balanced_cell_mean,
0.16666666666666666,navigation_combined,,,,,,,,,0.3396065173904465,,,,OPT,12,,,,,,,balanced_cell_mean,
0.25,navigation_effectiveness,,,,,,,,,0.493341673316338,,,,OPT,12,,,,,,,balanced_cell_mean,
0.16666666666666666,navigation_lag,,,,,,,,,0.36218584024032374,,,,OPT,12,,,,,,,balanced_cell_mean,
0.0,navigation_nominal,,,,,,,,,0.3109722997437024,,,,OPT,12,,,,,,,balanced_cell_mean,
0.4166666666666667,structured_combined,,,,,,,,,0.47652478008106436,,,,OPT,12,,,,,,,balanced_cell_mean,
0.75,structured_effectiveness,,,,,,,,,0.5452706773822539,,,,OPT,12,,,,,,,balanced_cell_mean,
1.0,structured_lag,,,,,,,,,0.5479327547004124,,,,OPT,12,,,,,,,balanced_cell_mean,
0.25,structured_nominal,,,,,,,,,0.42150503102376063,,,,OPT,12,,,,,,,balanced_cell_mean,
