fixed: 0/476 controls; 0 waypoints reached
fixed: 100/476 controls; 0 waypoints reached
fixed: 200/476 controls; 0 waypoints reached
fixed: 300/476 controls; 0 waypoints reached
fixed: 400/476 controls; 0 waypoints reached
adaptive: 0/476 controls; 0 waypoints reached
adaptive: 100/476 controls; 0 waypoints reached
adaptive: 200/476 controls; 0 waypoints reached
adaptive: 300/476 controls; 0 waypoints reached
adaptive: 400/476 controls; 0 waypoints reached
{
  "directory": "artifacts/da_plcbf/hover-explanation-20260905/compensated-control-v1",
  "methods": {
    "fixed": {
      "waypoints_completed": 0,
      "waypoints_total": 8,
      "termination": "timeout",
      "termination_time_seconds": 19.04,
      "arrival_times_seconds": [],
      "physical_collision": false,
      "minimum_physical_clearance_m": 2.58437082808683,
      "minimum_inflated_clearance_m": 2.43437082808683,
      "active_controls": 476,
      "degraded_controls": 0,
      "accepted_qp_controls": 476,
      "executed_positive_policy_dual_controls": 0,
      "emergency_controls": 0,
      "finite_updates": 0,
      "controller_service": {
        "count": 476,
        "median_seconds": 0.0113043769961223,
        "p95_seconds": 0.012008316873107105,
        "maximum_seconds": 0.013256619917228818
      },
      "learner_service": {
        "count": 0,
        "median_seconds": null,
        "p95_seconds": null,
        "maximum_seconds": null
      },
      "warmup": {
        "learner_call_seconds": [],
        "initial_measured_update_seconds": 0.001,
        "initial_reserved_update_seconds": 0.00125,
        "event_model_preconstruction": true
      },
      "service_exceeds_nominal_period_count": 0,
      "nominal_blocked_fraction": 0.0,
      "separate_nominal_encounter_episodes": 0,
      "encounters": [
        {
          "time": 0.0,
          "minimum_predicted_clearance_m": 2.5227322578430176,
          "closest_time_to_contact_seconds": null,
          "threatening_obstacle_count": 0,
          "close_approach_obstacle_count": 0,
          "peak_simultaneous_threats": 0,
          "nominal_blocked": false
        },
        {
          "time": 0.04,
          "minimum_predicted_clearance_m": 2.5227322578430176,
          "closest_time_to_contact_seconds": null,
          "threatening_obstacle_count": 0,
          "close_approach_obstacle_count": 0,
          "peak_simultaneous_threats": 0,
          "nominal_blocked": false
        },
        {
          "time": 0.08,
          "minimum_predicted_clearance_m": 2.5227322578430176,
          "closest_time_to_contact_seconds": null,
          "threatening_obstacle_count": 0,
          "close_approach_obstacle_count": 0,
          "peak_simultaneous_threats": 0,
          "nominal_blocked": false
        },
        {
          "time": 0.12,
          "minimum_predicted_clearance_m": 2.5227322578430176,
          "closest_time_to_contact_seconds": null,
          "threatening_obstacle_count": 0,
          "close_approach_obstacle_count": 0,
          "peak_simultaneous_threats": 0,
          "nominal_blocked": false
        },
        {
          "time": 0.16,
          "minimum_predicted_clearance_m": 2.5227322578430176,
          "closest_time_to_contact_seconds": null,
          "threatening_obstacle_count": 0,
          "close_approach_obstacle_count": 0,
          "peak_simultaneous_threats": 0,
          "nominal_blocked": false
        },
        {
          "time": 0.2,
          "minimum_predicted_clearance_m": 2.5227322578430176,
          "closest_time_to_contact_seconds": null,
          "threatening_obstacle_count": 0,
          "close_approach_obstacle_count": 0,
          "peak_simultaneous_threats": 0,
          "nominal_blocked": false
        },
        {
          "time": 0.24,
          "minimum_predicted_clearance_m": 2.5227322578430176,
          "closest_time_to_contact_seconds": null,
          "threatening_obstacle_count": 0,
          "close_approach_obstacle_count": 0,
          "peak_simultaneous_threats": 0,
          "nominal_blocked": false
        },
        {
          "time": 0.28,
          "minimum_predicted_clearance_m": 2.5227322578430176,
          "closest_time_to_contact_seconds": null,
          "threatening_obstacle_count": 0,
          "close_approach_obstacle_count": 0,
          "peak_simultaneous_threats": 0,
          "nominal_blocked": false
        },
        {
          "time": 0.32,
          "minimum_predicted_clearance_m": 2.5227322578430176,
          "closest_time_to_contact_seconds": null,
          "threatening_obstacle_count": 0,
          "close_approach_obstacle_count": 0,
          "peak_simultaneous_threats": 0,
          "nominal_blocked": false
        },
        {
          "time": 0.36,
          "minimum_predicted_clearance_m": 2.5227322578430176,
          "closest_time_to_contact_seconds": null,
          "threatening_obstacle_count": 0,
          "close_approach_obstacle_count": 0,
          "peak_simultaneous_threats": 0,
          "nominal_blocked": false
        },
        {
          "time": 0.4,
          "minimum_predicted_clearance_m": 2.5227322578430176,
          "closest_time_to_contact_seconds": null,
          "threatening_obstacle_count": 0,
          "close_approach_obstacle_count": 0,
          "peak_simultaneous_threats": 0,
          "nominal_blocked": false
        },
        {
          "time": 0.44,
          "minimum_predicted_clearance_m": 2.5227322578430176,
          "closest_time_to_contact_seconds": null,
          "threatening_obstacle_count": 0,
          "close_approach_obstacle_count": 0,
          "peak_simultaneous_threats": 0,
          "nominal_blocked": false
        },
        {
          "time": 0.48,
          "minimum_predicted_clearance_m": 2.5227322578430176,
          "closest_time_to_contact_seconds": null,
          "threatening_obstacle_count": 0,
          "close_approach_obstacle_count": 0,
          "peak_simultaneous_threats": 0,
          "nominal_blocked": false
        },
        {
          "time": 0.52,
          "minimum_predicted_clearance_m": 2.5227322578430176,
          "closest_time_to_contact_seconds": null,
          "threatening_obstacle_count": 0,
          "close_approach_obstacle_count": 0,
          "peak_simultaneous_threats": 0,
          "nominal_blocked": false
        },
        {
          "time": 0.56,
          "minimum_predicted_clearance_m": 2.5227322578430176,
          "closest_time_to_contact_seconds": null,
          "threatening_obstacle_count": 0,
          "close_approach_obstacle_count": 0,
          "peak_simultaneous_threats": 0,
          "nominal_blocked": false
        },
        {
          "time": 0.6,
          "minimum_predicted_clearance_m": 2.5227322578430176,
          "closest_time_to_contact_seconds": null,
          "threatening_obstacle_count": 0,
          "close_approach_obstacle_count": 0,
          "peak_simultaneous_threats": 0,
          "nominal_blocked": false
        },
        {
          "time": 0.64,
          "minimum_predicted_clearance_m": 2.5227322578430176,
          "closest_time_to_contact_seconds": null,
          "threatening_obstacle_count": 0,
          "close_approach_obstacle_count": 0,
          "peak_simultaneous_threats": 0,
          "nominal_blocked": false
        },
        {
          "time": 0.68,
          "minimum_predicted_clearance_m": 2.5227322578430176,
          "closest_time_to_contact_seconds": null,
          "threatening_obstacle_count": 0,
          "close_approach_obstacle_count": 0,
          "peak_simultaneous_threats": 0,
          "nominal_blocked": false
        },
        {
          "time": 0.72,
          "minimum_predicted_clearance_m": 2.5228567123413086,
          "closest_time_to_contact_seconds": null,
          "threatening_obstacle_count": 0,
          "close_approach_obstacle_count": 0,
          "peak_simultaneous_threats": 0,
          "nominal_blocked": false
        },
        {
          "time": 0.76,
          "minimum_predicted_clearance_m": 2.523404598236084,
          "closest_time_to_contact_seconds": null,
          "threatening_obstacle_count": 0,
          "close_approach_obstacle_count": 0,
          "peak_simultaneous_threats": 0,
          "nominal_blocked": false
        },
        {
          "time": 0.8,
          "minimum_predicted_clearance_m": 2.5244035720825195,
          "closest_time_to_contact_seconds": null,
          "threatening_obstacle_count": 0,
          "close_approach_obstacle_count": 0,
          "peak_simultaneous_threats": 0,
          "nominal_blocked": false
        },
        {
          "time": 0.84,
          "minimum_predicted_clearance_m": 2.525867462158203,
          "closest_time_to_contact_seconds": null,
          "threatening_obstacle_count": 0,
          "close_approach_obstacle_count": 0,
          "peak_simultaneous_threats": 0,
          "nominal_blocked": false
        },
        {
          "time": 0.88,
          "minimum_predicted_clearance_m": 2.527806282043457,
          "closest_time_to_contact_seconds": null,
          "threatening_obstacle_count": 0,
          "close_approach_obstacle_count": 0,
          "peak_simultaneous_threats": 0,
          "nominal_blocked": false
        },
        {
          "time": 0.92,
          "minimum_predicted_clearance_m": 2.5302281379699707,
          "closest_time_to_contact_seconds": null,
          "threatening_obstacle_count": 0,
          "close_approach_obstacle_count": 0,
          "peak_simultaneous_threats": 0,
          "nominal_blocked": false
        },
        {
          "time": 0.96,
          "minimum_predicted_clearance_m": 2.533139228820801,
          "closest_time_to_contact_seconds": null,
          "threatening_obstacle_count": 0,
          "close_approach_obstacle_count": 0,
          "peak_simultaneous_threats": 0,
          "nominal_blocked": false
        },
        {
          "time": 1.0,
          "minimum_predicted_clearance_m": 2.536540985107422,
          "closest_time_to_contact_seconds": null,
          "threatening_obstacle_count": 0,
          "close_approach_obstacle_count": 0,
          "peak_simultaneous_threats": 0,
          "nominal_blocked": false
        },
        {
          "time": 1.04,
          "minimum_predicted_clearance_m": 2.540432929992676,
          "closest_time_to_contact_seconds": null,
          "threatening_obstacle_count": 0,
          "close_approach_obstacle_count": 0,
          "peak_simultaneous_threats": 0,
          "nominal_blocked": false
        },
        {
          "time": 1.08,
          "minimum_predicted_clearance_m": 2.5448131561279297,
          "closest_time_to_contact_seconds": null,
          "threatening_obstacle_count": 0,
          "close_approach_obstacle_count": 0,
          "peak_simultaneous_threats": 0,
          "nominal_blocked": false
        },
        {
          "time": 1.12,
          "minimum_predicted_clearance_m": 2.5496740341186523,
          "closest_time_to_contact_seconds": null,
          "threatening_obstacle_count": 0,
          "close_approach_obstacle_count": 0,
          "peak_simultaneous_threats": 0,
          "nominal_blocked": false
        },
        {
          "time": 1.16,
          "minimum_predicted_clearance_m": 2.5550074577331543,
          "closest_time_to_contact_seconds": null,
          "threatening_obstacle_count": 0,
          "close_approach_obstacle_count": 0,
          "peak_simultaneous_threats": 0,
          "nominal_blocked": false
        },
        {
          "time": 1.2,
          "minimum_predicted_clearance_m": 2.5508687496185303,
          "closest_time_to_contact_seconds": null,
          "threatening_obstacle_count": 0,
          "close_approach_obstacle_count": 0,
          "peak_simultaneous_threats": 0,
          "nominal_blocked": false
        },
        {
          "time": 1.24,
          "minimum_predicted_clearance_m": 2.5441079139709473,
          "closest_time_to_contact_seconds": null,
          "threatening_obstacle_count": 0,
          "close_approach_obstacle_count": 0,
          "peak_simultaneous_threats": 0,
          "nominal_blocked": false
        },
        {
          "time": 1.28,
          "minimum_predicted_clearance_m": 2.537715435028076,
          "closest_time_to_contact_seconds": null,
          "threatening_obstacle_count": 0,
          "close_approach_obstacle_count": 0,
          "peak_simultaneous_threats": 0,
          "nominal_blocked": false
        },
        {
          "time": 1.32,
          "minimum_predicted_clearance_m": 2.531696081161499,
          "closest_time_to_contact_seconds": null,
          "threatening_obstacle_count": 0,
          "close_approach_obstacle_count": 0,
          "peak_simultaneous_threats": 0,
          "nominal_blocked": false
        },
        {
          "time": 1.36,
          "minimum_predicted_clearance_m": 2.5260510444641113,
          "closest_time_to_contact_seconds": null,
          "threatening_obstacle_count": 0,
          "close_approach_obstacle_count": 0,
          "peak_simultaneous_threats": 0,
          "nominal_blocked": false
        },
        {
          "time": 1.4000000000000001,
          "minimum_predicted_clearance_m": 2.5207793712615967,
          "closest_time_to_contact_seconds": null,
          "threatening_obstacle_count": 0,
          "close_approach_obstacle_count": 0,
          "peak_simultaneous_threats": 0,
          "nominal_blocked": false
        },
        {
          "time": 1.44,
          "minimum_predicted_clearance_m": 2.5158772468566895,
          "closest_time_to_contact_seconds": null,
          "threatening_obstacle_count": 0,
          "close_approach_obstacle_count": 0,
          "peak_simultaneous_threats": 0,
          "nominal_blocked": false
        },
        {
          "time": 1.48,
          "minimum_predicted_clearance_m": 2.511338472366333,
          "closest_time_to_contact_seconds": null,
          "threatening_obstacle_count": 0,
          "close_approach_obstacle_count": 0,
          "peak_simultaneous_threats": 0,
          "nominal_blocked": false
        },
        {
          "time": 1.52,
          "minimum_predicted_clearance_m": 2.507154941558838,
          "closest_time_to_contact_seconds": null,
          "threatening_obstacle_count": 0,
          "close_approach_obstacle_count": 0,
          "peak_simultaneous_threats": 0,
          "nominal_blocked": false
        },
        {
          "time": 1.56,
          "minimum_predicted_clearance_m": 2.503316640853882,
          "closest_time_to_contact_seconds": null,
          "threatening_obstacle_count": 0,
          "close_approach_obstacle_count": 0,
          "peak_simultaneous_threats": 0,
          "nominal_blocked": false
        },
        {
          "time": 1.6,
          "minimum_predicted_clearance_m": 2.4998114109039307,
          "closest_time_to_contact_seconds": null,
          "threatening_obstacle_count": 0,
          "close_approach_obstacle_count": 0,
          "peak_simultaneous_threats": 0,
          "nominal_blocked": false
        },
        {
          "time": 1.6400000000000001,
          "minimum_predicted_clearance_m": 2.496626138687134,
          "closest_time_to_contact_seconds": null,
          "threatening_obstacle_count": 0,
          "close_approach_obstacle_count": 0,
          "peak_simultaneous_threats": 0,
          "nominal_blocked": false
        },
        {
          "time": 1.68,
          "minimum_predicted_clearance_m": 2.493745803833008,
          "closest_time_to_contact_seconds": null,
          "threatening_obstacle_count": 0,
          "close_approach_obstacle_count": 0,
          "peak_simultaneous_threats": 0,
          "nominal_blocked": false
        },
        {
          "time": 1.72,
          "minimum_predicted_clearance_m": 2.491154670715332,
          "closest_time_to_contact_seconds": null,
          "threatening_obstacle_count": 0,
          "close_approach_obstacle_count": 0,
          "peak_simultaneous_threats": 0,
          "nominal_blocked": false
        },
        {
          "time": 1.76,
          "minimum_predicted_clearance_m": 2.4888365268707275,
          "closest_time_to_contact_seconds": null,
          "threatening_obstacle_count": 0,
          "close_approach_obstacle_count": 0,
          "peak_simultaneous_threats": 0,
          "nominal_blocked": false
        },
        {
          "time": 1.8,
          "minimum_predicted_clearance_m": 2.486774206161499,
          "closest_time_to_contact_seconds": null,
          "threatening_obstacle_count": 0,
          "close_approach_obstacle_count": 0,
          "peak_simultaneous_threats": 0,
          "nominal_blocked": false
        },
        {
          "time": 1.84,
          "minimum_predicted_clearance_m": 2.484950304031372,
          "closest_time_to_contact_seconds": null,
          "threatening_obstacle_count": 0,
          "close_approach_obstacle_count": 0,
          "peak_simultaneous_threats": 0,
          "nominal_blocked": false
        },
        {
          "time": 1.8800000000000001,
          "minimum_predicted_clearance_m": 2.4833478927612305,
          "closest_time_to_contact_seconds": null,
          "threatening_obstacle_count": 0,
          "close_approach_obstacle_count": 0,
          "peak_simultaneous_threats": 0,
          "nominal_blocked": false
        },
        {
          "time": 1.92,
          "minimum_predicted_clearance_m": 2.4819495677948,
          "closest_time_to_contact_seconds": null,
          "threatening_obstacle_count": 0,
          "close_approach_obstacle_count": 0,
          "peak_simultaneous_threats": 0,
          "nominal_blocked": false
        },
        {
          "time": 1.96,
          "minimum_predicted_clearance_m": 2.4807395935058594,
          "closest_time_to_contact_seconds": null,
          "threatening_obstacle_count": 0,
          "close_approach_obstacle_count": 0,
          "peak_simultaneous_threats": 0,
          "nominal_blocked": false
        },
        {
          "time": 2.0,
          "minimum_predicted_clearance_m": 2.4797017574310303,
          "closest_time_to_contact_seconds": null,
          "threatening_obstacle_count": 0,
          "close_approach_obstacle_count": 0,
          "peak_simultaneous_threats": 0,
          "nominal_blocked": false
        },
        {
          "time": 2.04,
          "minimum_predicted_clearance_m": 2.478821277618408,
          "closest_time_to_contact_seconds": null,
          "threatening_obstacle_count": 0,
          "close_approach_obstacle_count": 0,
          "peak_simultaneous_threats": 0,
          "nominal_blocked": false
        },
        {
          "time": 2.08,
          "minimum_predicted_clearance_m": 2.4780850410461426,
          "closest_time_to_contact_seconds": null,
          "threatening_obstacle_count": 0,
          "close_approach_obstacle_count": 0,
          "peak_simultaneous_threats": 0,
          "nominal_blocked": false
        },
        {
          "time": 2.12,
          "minimum_predicted_clearance_m": 2.477480173110962,
          "closest_time_to_contact_seconds": null,
          "threatening_obstacle_count": 0,
          "close_approach_obstacle_count": 0,
          "peak_simultaneous_threats": 0,
          "nominal_blocked": false
        },
        {
          "time": 2.16,
          "minimum_predicted_clearance_m": 2.476996660232544,
          "closest_time_to_contact_seconds": null,
          "threatening_obstacle_count": 0,
          "close_approach_obstacle_count": 0,
          "peak_simultaneous_threats": 0,
          "nominal_blocked": false
        },
        {
          "time": 2.2,
          "minimum_predicted_clearance_m": 2.4766249656677246,
          "closest_time_to_contact_seconds": null,
          "threatening_obstacle_count": 0,
          "close_approach_obstacle_count": 0,
          "peak_simultaneous_threats": 0,
          "nominal_blocked": false
        },
        {
          "time": 2.24,
          "minimum_predicted_clearance_m": 2.476357936859131,
          "closest_time_to_contact_seconds": null,
          "threatening_obstacle_count": 0,
          "close_approach_obstacle_count": 0,
          "peak_simultaneous_threats": 0,
          "nominal_blocked": false
        },
        {
          "time": 2.2800000000000002,
          "minimum_predicted_clearance_m": 2.4761898517608643,
          "closest_time_to_contact_seconds": null,
          "threatening_obstacle_count": 0,
          "close_approach_obstacle_count": 0,
          "peak_simultaneous_threats": 0,
          "nominal_blocked": false
        },
        {
          "time": 2.32,
          "minimum_predicted_clearance_m": 2.4761176109313965,
          "closest_time_to_contact_seconds": null,
          "threatening_obstacle_count": 0,
          "close_approach_obstacle_count": 0,
          "peak_simultaneous_threats": 0,
          "nominal_blocked": false
        },
        {
          "time": 2.36,
          "minimum_predicted_clearance_m": 2.476116895675659,
          "closest_time_to_contact_seconds": null,
          "threatening_obstacle_count": 0,
          "close_approach_obstacle_count": 0,
          "peak_simultaneous_threats": 0,
          "nominal_blocked": false
        },
        {
          "time": 2.4,
          "minimum_predicted_clearance_m": 2.476116895675659,
          "closest_time_to_contact_seconds": null,
          "threatening_obstacle_count": 0,
          "close_approach_obstacle_count": 0,
          "peak_simultaneous_threats": 0,
          "nominal_blocked": false
        },
        {
          "time": 2.44,
          "minimum_predicted_clearance_m": 2.476116895675659,
          "closest_time_to_contact_seconds": null,
          "threatening_obstacle_count": 0,
          "close_approach_obstacle_count": 0,
          "peak_simultaneous_threats": 0,
          "nominal_blocked": false
        },
        {
          "time": 2.48,
          "minimum_predicted_clearance_m": 2.476116895675659,
          "closest_time_to_contact_seconds": null,
          "threatening_obstacle_count": 0,
          "close_approach_obstacle_count": 0,
          "peak_simultaneous_threats": 0,
          "nominal_blocked": false
        },
        {
          "time": 2.52,
          "minimum_predicted_clearance_m": 2.476116895675659,
          "closest_time_to_contact_seconds": null,
          "threatening_obstacle_count": 0,
          "close_approach_obstacle_count": 0,
          "peak_simultaneous_threats": 0,
          "nominal_blocked": false
        },
        {
          "time": 2.56,
          "minimum_predicted_clearance_m": 2.476116895675659,
          "closest_time_to_contact_seconds": null,
          "threatening_obstacle_count": 0,
          "close_approach_obstacle_count": 0,
          "peak_simultaneous_threats": 0,
          "nominal_blocked": false
        },
        {
          "time": 2.6,
          "minimum_predicted_clearance_m": 2.476116895675659,
          "closest_time_to_contact_seconds": null,
          "threatening_obstacle_count": 0,
          "close_approach_obstacle_count": 0,
          "peak_simultaneous_threats": 0,
          "nominal_blocked": false
        },
        {
          "time": 2.64,
          "minimum_predicted_clearance_m": 2.476116895675659,
          "closest_time_to_contact_seconds": null,
          "threatening_obstacle_count": 0,
          "close_approach_obstacle_count": 0,
          "peak_simultaneous_threats": 0,
          "nominal_blocked": false
        },
        {
          "time": 2.68,
          "minimum_predicted_clearance_m": 2.476116895675659,
          "closest_time_to_contact_seconds": null,
          "threatening_obstacle_count": 0,
          "close_approach_obstacle_count": 0,
          "peak_simultaneous_threats": 0,
          "nominal_blocked": false
        },
        {
          "time": 2.72,
          "minimum_predicted_clearance_m": 2.476116895675659,
          "closest_time_to_contact_seconds": null,
          "threatening_obstacle_count": 0,
          "close_approach_obstacle_count": 0,
          "peak_simultaneous_threats": 0,
          "nominal_blocked": false
        },
        {
          "time": 2.7600000000000002,
          "minimum_predicted_clearance_m": 2.476116895675659,
          "closest_time_to_contact_seconds": null,
          "threatening_obstacle_count": 0,
          "close_approach_obstacle_count": 0,
          "peak_simultaneous_threats": 0,
          "nominal_blocked": false
        },
        {
          "time": 2.8000000000000003,
          "minimum_predicted_clearance_m": 2.476116895675659,
          "closest_time_to_contact_seconds": null,
          "threatening_obstacle_count": 0,
          "close_approach_obstacle_count": 0,
          "peak_simultaneous_threats": 0,
          "nominal_blocked": false
        },
        {
          "time": 2.84,
          "minimum_predicted_clearance_m": 2.476116895675659,
          "closest_time_to_contact_seconds": null,
          "threatening_obstacle_count": 0,
          "close_approach_obstacle_count": 0,
          "peak_simultaneous_threats": 0,
          "nominal_blocked": false
        },
        {
          "time": 2.88,
          "minimum_predicted_clearance_m": 2.476116895675659,
          "closest_time_to_contact_seconds": null,
          "threatening_obstacle_count": 0,
          "close_approach_obstacle_count": 0,
          "peak_simultaneous_threats": 0,
          "nominal_blocked": false
        },
        {
          "time": 2.92,
          "minimum_predicted_clearance_m": 2.476116895675659,
          "closest_time_to_contact_seconds": null,
          "threatening_obstacle_count": 0,
          "close_approach_obstacle_count": 0,
          "peak_simultaneous_threats": 0,
          "nominal_blocked": false
        },
        {
          "time": 2.96,
          "minimum_predicted_clearance_m": 2.476116895675659,
          "closest_time_to_contact_seconds": null,
          "threatening_obstacle_count": 0,
          "close_approach_obstacle_count": 0,
          "peak_simultaneous_threats": 0,
          "nominal_blocked": false
        },
        {
          "time": 3.0,
          "minimum_predicted_clearance_m": 2.434370756149292,
          "closest_time_to_contact_seconds": null,
          "threatening_obstacle_count": 0,
          "close_approach_obstacle_count": 0,
          "peak_simultaneous_threats": 0,
          "nominal_blocked": false
        },
        {
          "time": 3.04,
          "minimum_predicted_clearance_m": 2.434370756149292,
          "closest_time_to_contact_seconds": null,
          "threatening_obstacle_count": 0,
          "close_approach_obstacle_count": 0,
          "peak_simultaneous_threats": 0,
          "nominal_blocked": false
        },
        {
          "time": 3.08,
          "minimum_predicted_clearance_m": 2.434370756149292,
          "closest_time_to_contact_seconds": null,
          "threatening_obstacle_count": 0,
          "close_approach_obstacle_count": 0,
          "peak_simultaneous_threats": 0,
          "nominal_blocked": false
        },
        {
          "time": 3.12,
          "minimum_predicted_clearance_m": 2.434370756149292,
          "closest_time_to_contact_seconds": null,
          "threatening_obstacle_count": 0,
          "close_approach_obstacle_count": 0,
          "peak_simultaneous_threats": 0,
          "nominal_blocked": false
        },
        {
          "time": 3.16,
          "minimum_predicted_clearance_m": 2.434370756149292,
          "closest_time_to_contact_seconds": null,
          "threatening_obstacle_count": 0,
          "close_approach_obstacle_count": 0,
          "peak_simultaneous_threats": 0,
          "nominal_blocked": false
        },
        {
          "time": 3.2,
          "minimum_predicted_clearance_m": 2.434370756149292,
          "closest_time_to_contact_seconds": null,
          "threatening_obstacle_count": 0,
          "close_approach_obstacle_count": 0,
          "peak_simultaneous_threats": 0,
          "nominal_blocked": false
        },
        {
          "time": 3.24,
          "minimum_predicted_clearance_m": 2.434370756149292,
          "closest_time_to_contact_seconds": null,
          "threatening_obstacle_count": 0,
          "close_approach_obstacle_count": 0,
          "peak_simultaneous_threats": 0,
          "nominal_blocked": false
        },
        {
          "time": 3.2800000000000002,
          "minimum_predicted_clearance_m": 2.434370756149292,
          "closest_time_to_contact_seconds": null,
          "threatening_obstacle_count": 0,
          "close_approach_obstacle_count": 0,
          "peak_simultaneous_threats": 0,
          "nominal_blocked": false
        },
        {
          "time": 3.3200000000000003,
          "minimum_predicted_clearance_m": 2.434370756149292,
          "closest_time_to_contact_seconds": null,
          "threatening_obstacle_count": 0,
          "close_approach_obstacle_count": 0,
          "peak_simultaneous_threats": 0,
          "nominal_blocked": false
        },
        {
          "time": 3.36,
          "minimum_predicted_clearance_m": 2.434370756149292,
          "closest_time_to_contact_seconds": null,
          "threatening_obstacle_count": 0,
          "close_approach_obstacle_count": 0,
          "peak_simultaneous_threats": 0,
          "nominal_blocked": false
        },
        {
          "time": 3.4,
          "minimum_predicted_clearance_m": 2.434370756149292,
          "closest_time_to_contact_seconds": null,
          "threatening_obstacle_count": 0,
          "close_approach_obstacle_count": 0,
          "peak_simultaneous_threats": 0,
          "nominal_blocked": false
        },
        {
          "time": 3.44,
          "minimum_predicted_clearance_m": 2.434370756149292,
          "closest_time_to_contact_seconds": null,
          "threatening_obstacle_count": 0,
          "close_approach_obstacle_count": 0,
          "peak_simultaneous_threats": 0,
          "nominal_blocked": false
        },
        {
          "time": 3.48,
          "minimum_predicted_clearance_m": 2.434370756149292,
          "closest_time_to_contact_seconds": null,
          "threatening_obstacle_count": 0,
          "close_approach_obstacle_count": 0,
          "peak_simultaneous_threats": 0,
          "nominal_blocked": false
        },
        {
          "time": 3.52,
          "minimum_predicted_clearance_m": 2.434370756149292,
          "closest_time_to_contact_seconds": null,
          "threatening_obstacle_count": 0,
          "close_approach_obstacle_count": 0,
          "peak_simultaneous_threats": 0,
          "nominal_blocked": false
        },
        {
          "time": 3.56,
          "minimum_predicted_clearance_m": 2.434370756149292,
          "closest_time_to_contact_seconds": null,
          "threatening_obstacle_count": 0,
          "close_approach_obstacle_count": 0,
          "peak_simultaneous_threats": 0,
          "nominal_blocked": false
        },
        {
          "time": 3.6,
          "minimum_predicted_clearance_m": 2.434370756149292,
          "closest_time_to_contact_seconds": null,
          "threatening_obstacle_count": 0,
          "close_approach_obstacle_count": 0,
          "peak_simultaneous_threats": 0,
          "nominal_blocked": false
        },
        {
          "time": 3.64,
          "minimum_predicted_clearance_m": 2.434370756149292,
          "closest_time_to_contact_seconds": null,
          "threatening_obstacle_count": 0,
          "close_approach_obstacle_count": 0,
          "peak_simultaneous_threats": 0,
          "nominal_blocked": false
        },
        {
          "time": 3.68,
          "minimum_predicted_clearance_m": 2.434370756149292,
          "closest_time_to_contact_seconds": null,
          "threatening_obstacle_count": 0,
          "close_approach_obstacle_count": 0,
          "peak_simultaneous_threats": 0,
          "nominal_blocked": false
        },
        {
          "time": 3.72,
          "minimum_predicted_clearance_m": 2.434370756149292,
          "closest_time_to_contact_seconds": null,
          "threatening_obstacle_count": 0,
          "close_approach_obstacle_count": 0,
          "peak_simultaneous_threats": 0,
          "nominal_blocked": false
        },
        {
          "time": 3.7600000000000002,
          "minimum_predicted_clearance_m": 2.4344632625579834,
          "closest_time_to_contact_seconds": null,
          "threatening_obstacle_count": 0,
          "close_approach_obstacle_count": 0,
          "peak_simultaneous_threats": 0,
          "nominal_blocked": false
        },
        {
          "time": 3.8000000000000003,
          "minimum_predicted_clearance_m": 2.4350106716156006,
          "closest_time_to_contact_seconds": null,
          "threatening_obstacle_count": 0,
          "close_approach_obstacle_count": 0,
          "peak_simultaneous_threats": 0,
          "nominal_blocked": false
        },
        {
          "time": 3.84,
          "minimum_predicted_clearance_m": 2.436033248901367,
          "closest_time_to_contact_seconds": null,
          "threatening_obstacle_count": 0,
          "close_approach_obstacle_count": 0,
          "peak_simultaneous_threats": 0,
          "nominal_blocked": false
        },
        {
          "time": 3.88,
          "minimum_predicted_clearance_m": 2.437518835067749,
          "closest_time_to_contact_seconds": null,
          "threatening_obstacle_count": 0,
          "close_approach_obstacle_count": 0,
          "peak_simultaneous_threats": 0,
          "nominal_blocked": false
        },
        {
          "time": 3.92,
          "minimum_predicted_clearance_m": 2.439453125,
          "closest_time_to_contact_seconds": null,
          "threatening_obstacle_count": 0,
          "close_approach_obstacle_count": 0,
          "peak_simultaneous_threats": 0,
          "nominal_blocked": false
        },
        {
          "time": 3.96,
          "minimum_predicted_clearance_m": 2.4418201446533203,
          "closest_time_to_contact_seconds": null,
          "threatening_obstacle_count": 0,
          "close_approach_obstacle_count": 0,
          "peak_simultaneous_threats": 0,
          "nominal_blocked": false
        },
        {
          "time": 4.0,
          "minimum_predicted_clearance_m": 2.444603204727173,
          "closest_time_to_contact_seconds": null,
          "threatening_obstacle_count": 0,
          "close_approach_obstacle_count": 0,
          "peak_simultaneous_threats": 0,
          "nominal_blocked": false
        },
        {
          "time": 4.04,
          "minimum_predicted_clearance_m": 2.4477851390838623,
          "closest_time_to_contact_seconds": null,
          "threatening_obstacle_count": 0,
          "close_approach_obstacle_count": 0,
          "peak_simultaneous_threats": 0,
          "nominal_blocked": false
        },
        {
          "time": 4.08,
          "minimum_predicted_clearance_m": 2.4513492584228516,
          "closest_time_to_contact_seconds": null,
          "threatening_obstacle_count": 0,
          "close_approach_obstacle_count": 0,
          "peak_simultaneous_threats": 0,
          "nominal_blocked": false
        },
        {
          "time": 4.12,
          "minimum_predicted_clearance_m": 2.4552786350250244,
          "closest_time_to_contact_seconds": null,
          "threatening_obstacle_count": 0,
          "close_approach_obstacle_count": 0,
          "peak_simultaneous_threats": 0,
          "nominal_blocked": false
        },
        {
          "time": 4.16,
          "minimum_predicted_clearance_m": 2.4595587253570557,
          "closest_time_to_contact_seconds": null,
          "threatening_obstacle_count": 0,
          "close_approach_obstacle_count": 0,
          "peak_simultaneous_threats": 0,
          "nominal_blocked": false
        },
        {
          "time": 4.2,
          "minimum_predicted_clearance_m": 2.464174509048462,
          "closest_time_to_contact_seconds": null,
          "threatening_obstacle_count": 0,
          "close_approach_obstacle_count": 0,
          "peak_simultaneous_threats": 0,
          "nominal_blocked": false
        },
        {
          "time": 4.24,
          "minimum_predicted_clearance_m": 2.469113349914551,
          "closest_time_to_contact_seconds": null,
          "threatening_obstacle_count": 0,
          "close_approach_obstacle_count": 0,
          "peak_simultaneous_threats": 0,
          "nominal_blocked": false
        },
        {
          "time": 4.28,
          "minimum_predicted_clearance_m": 2.4743638038635254,
          "closest_time_to_contact_seconds": null,
          "threatening_obstacle_count": 0,
          "close_approach_obstacle_count": 0,
          "peak_simultaneous_threats": 0,
          "nominal_blocked": false
        },
        {
          "time": 4.32,
          "minimum_predicted_clearance_m": 2.4799153804779053,
          "closest_time_to_contact_seconds": null,
          "threatening_obstacle_count": 0,
          "close_approach_obstacle_count": 0,
          "peak_simultaneous_threats": 0,
          "nominal_blocked": false
        },
        {
          "time": 4.36,
          "minimum_predicted_clearance_m": 2.4857594966888428,
          "closest_time_to_contact_seconds": null,
          "threatening_obstacle_count": 0,
          "close_approach_obstacle_count": 0,
          "peak_simultaneous_threats": 0,
          "nominal_blocked": false
        },
        {
          "time": 4.4,
          "minimum_predicted_clearance_m": 2.491888999938965,
          "closest_time_to_contact_seconds": null,
          "threatening_obstacle_count": 0,
          "close_approach_obstacle_count": 0,
          "peak_simultaneous_threats": 0,
          "nominal_blocked": false
        },
        {
          "time": 4.44,
          "minimum_predicted_clearance_m": 2.498297691345215,
          "closest_time_to_contact_seconds": null,
          "threatening_obstacle_count": 0,
          "close_approach_obstacle_count": 0,
          "peak_simultaneous_threats": 0,
          "nominal_blocked": false
        },
        {
          "time": 4.48,
          "minimum_predicted_clearance_m": 2.5049803256988525,
          "closest_time_to_contact_seconds": null,
          "threatening_obstacle_count": 0,
          "close_approach_obstacle_count": 0,
          "peak_simultaneous_threats": 0,
          "nominal_blocked": false
        },
        {
          "time": 4.5200000000000005,
          "minimum_predicted_clearance_m": 2.511932134628296,
          "closest_time_to_contact_seconds": null,
          "threatening_obstacle_count": 0,
          "close_approach_obstacle_count": 0,
          "peak_simultaneous_threats": 0,
          "nominal_blocked": false
        },
        {
          "time": 4.5600000000000005,
          "minimum_predicted_clearance_m": 2.515394687652588,
          "closest_time_to_contact_seconds": null,
          "threatening_obstacle_count": 0,
          "close_approach_obstacle_count": 0,
          "peak_simultaneous_threats": 0,
          "nominal_blocked": false
        },
        {
          "time": 4.6000000000000005,
          "minimum_predicted_clearance_m": 2.515394687652588,
          "closest_time_to_contact_seconds": null,
          "threatening_obstacle_count": 0,
          "close_approach_obstacle_count": 0,
          "peak_simultaneous_threats": 0,
          "nominal_blocked": false
        },
        {
          "time": 4.64,
          "minimum_predicted_clearance_m": 2.515394687652588,
          "closest_time_to_contact_seconds": null,
          "threatening_obstacle_count": 0,
          "close_approach_obstacle_count": 0,
          "peak_simultaneous_threats": 0,
          "nominal_blocked": false
        },
        {
          "time": 4.68,
          "minimum_predicted_clearance_m": 2.515394687652588,
          "closest_time_to_contact_seconds": null,
          "threatening_obstacle_count": 0,
          "close_approach_obstacle_count": 0,
          "peak_simultaneous_threats": 0,
          "nominal_blocked": false
        },
        {
          "time": 4.72,
          "minimum_predicted_clearance_m": 2.515394687652588,
          "closest_time_to_contact_seconds": null,
          "threatening_obstacle_count": 0,
          "close_approach_obstacle_count": 0,
          "peak_simultaneous_threats": 0,
          "nominal_blocked": false
        },
        {
          "time": 4.76,
          "minimum_predicted_clearance_m": 2.515394687652588,
          "closest_time_to_contact_seconds": null,
          "threatening_obstacle_count": 0,
          "close_approach_obstacle_count": 0,
          "peak_simultaneous_threats": 0,
          "nominal_blocked": false
        },
        {
          "time": 4.8,
          "minimum_predicted_clearance_m": 2.515394687652588,
          "closest_time_to_contact_seconds": null,
          "threatening_obstacle_count": 0,
          "close_approach_obstacle_count": 0,
          "peak_simultaneous_threats": 0,
          "nominal_blocked": false
        },
        {
          "time": 4.84,
          "minimum_predicted_clearance_m": 2.515397548675537,
          "closest_time_to_contact_seconds": null,
          "threatening_obstacle_count": 0,
          "close_approach_obstacle_count": 0,
          "peak_simultaneous_threats": 0,
          "nominal_blocked": false
        },
        {
          "time": 4.88,
          "minimum_predicted_clearance_m": 2.5156002044677734,
          "closest_time_to_contact_seconds": null,
          "threatening_obstacle_count": 0,
          "close_approach_obstacle_count": 0,
          "peak_simultaneous_threats": 0,
          "nominal_blocked": false
        },
        {
          "time": 4.92,
          "minimum_predicted_clearance_m": 2.516146183013916,
          "closest_time_to_contact_seconds": null,
          "threatening_obstacle_count": 0,
          "close_approach_obstacle_count": 0,
          "peak_simultaneous_threats": 0,
          "nominal_blocked": false
        },
        {
          "time": 4.96,
          "minimum_predicted_clearance_m": 2.51702880859375,
          "closest_time_to_contact_seconds": null,
          "threatening_obstacle_count": 0,
          "close_approach_obstacle_count": 0,
          "peak_simultaneous_threats": 0,
          "nominal_blocked": false
        },
        {
          "time": 5.0,
          "minimum_predicted_clearance_m": 2.518238067626953,
          "closest_time_to_contact_seconds": null,
          "threatening_obstacle_count": 0,
          "close_approach_obstacle_count": 0,
          "peak_simultaneous_threats": 0,
          "nominal_blocked": false
        },
        {
          "time": 5.04,
          "minimum_predicted_clearance_m": 2.5197620391845703,
          "closest_time_to_contact_seconds": null,
          "threatening_obstacle_count": 0,
          "close_approach_obstacle_count": 0,
          "peak_simultaneous_threats": 0,
          "nominal_blocked": false
        },
        {
          "time": 5.08,
          "minimum_predicted_clearance_m": 2.5215845108032227,
          "closest_time_to_contact_seconds": null,
          "threatening_obstacle_count": 0,
          "close_approach_obstacle_count": 0,
          "peak_simultaneous_threats": 0,
          "nominal_blocked": false
        },
        {
          "time": 5.12,
          "minimum_predicted_clearance_m": 2.523688793182373,
          "closest_time_to_contact_seconds": null,
          "threatening_obstacle_count": 0,
          "close_approach_obstacle_count": 0,
          "peak_simultaneous_threats": 0,
          "nominal_blocked": false
        },
        {
          "time": 5.16,
          "minimum_predicted_clearance_m": 2.5260534286499023,
          "closest_time_to_contact_seconds": null,
          "threatening_obstacle_count": 0,
          "close_approach_obstacle_count": 0,
          "peak_simultaneous_threats": 0,
          "nominal_blocked": false
        },
        {
          "time": 5.2,
          "minimum_predicted_clearance_m": 2.528655529022217,
          "closest_time_to_contact_seconds": null,
          "threatening_obstacle_count": 0,
          "close_approach_obstacle_count": 0,
          "peak_simultaneous_threats": 0,
          "nominal_blocked": false
        },
        {
          "time": 5.24,
          "minimum_predicted_clearance_m": 2.5314717292785645,
          "closest_time_to_contact_seconds": null,
          "threatening_obstacle_count": 0,
          "close_approach_obstacle_count": 0,
          "peak_simultaneous_threats": 0,
          "nominal_blocked": false
        },
        {
          "time": 5.28,
          "minimum_predicted_clearance_m": 2.5344738960266113,
          "closest_time_to_contact_seconds": null,
          "threatening_obstacle_count": 0,
          "close_approach_obstacle_count": 0,
          "peak_simultaneous_threats": 0,
          "nominal_blocked": false
        },
        {
          "time": 5.32,
          "minimum_predicted_clearance_m": 2.5376343727111816,
          "closest_time_to_contact_seconds": null,
          "threatening_obstacle_count": 0,
          "close_approach_obstacle_count": 0,
          "peak_simultaneous_threats": 0,
          "nominal_blocked": false
        },
        {
          "time": 5.36,
          "minimum_predicted_clearance_m": 2.5409250259399414,
          "closest_time_to_contact_seconds": null,
          "threatening_obstacle_count": 0,
          "close_approach_obstacle_count": 0,
          "peak_simultaneous_threats": 0,
          "nominal_blocked": false
        },
        {
          "time": 5.4,
          "minimum_predicted_clearance_m": 2.5443153381347656,
          "closest_time_to_contact_seconds": null,
          "threatening_obstacle_count": 0,
          "close_approach_obstacle_count": 0,
          "peak_simultaneous_threats": 0,
          "nominal_blocked": false
        },
        {
          "time": 5.44,
          "minimum_predicted_clearance_m": 2.5477747917175293,
          "closest_time_to_contact_seconds": null,
          "threatening_obstacle_count": 0,
          "close_approach_obstacle_count": 0,
          "peak_simultaneous_threats": 0,
          "nominal_blocked": false
        },
        {
          "time": 5.48,
          "minimum_predicted_clearance_m": 2.5512733459472656,
          "closest_time_to_contact_seconds": null,
          "threatening_obstacle_count": 0,
          "close_approach_obstacle_count": 0,
          "peak_simultaneous_threats": 0,
          "nominal_blocked": false
        },
        {
          "time": 5.5200000000000005,
          "minimum_predicted_clearance_m": 2.554780960083008,
          "closest_time_to_contact_seconds": null,
          "threatening_obstacle_count": 0,
          "close_approach_obstacle_count": 0,
          "peak_simultaneous_threats": 0,
          "nominal_blocked": false
        },
        {
          "time": 5.5600000000000005,
          "minimum_predicted_clearance_m": 2.5582666397094727,
          "closest_time_to_contact_seconds": null,
          "threatening_obstacle_count": 0,
          "close_approach_obstacle_count": 0,
          "peak_simultaneous_threats": 0,
          "nominal_blocked": false
        },
        {
          "time": 5.6000000000000005,
          "minimum_predicted_clearance_m": 2.561413288116455,
          "closest_time_to_contact_seconds": null,
          "threatening_obstacle_count": 0,
          "close_approach_obstacle_count": 0,
          "peak_simultaneous_threats": 0,
          "nominal_blocked": false
        },
        {
          "time": 5.64,
          "minimum_predicted_clearance_m": 2.5580921173095703,
          "closest_time_to_contact_seconds": null,
          "threatening_obstacle_count": 0,
          "close_approach_obstacle_count": 0,
          "peak_simultaneous_threats": 0,
          "nominal_blocked": false
        },
        {
          "time": 5.68,
          "minimum_predicted_clearance_m": 2.5547428131103516,
          "closest_time_to_contact_seconds": null,
          "threatening_obstacle_count": 0,
          "close_approach_obstacle_count": 0,
          "peak_simultaneous_threats": 0,
          "nominal_blocked": false
        },
        {
          "time": 5.72,
          "minimum_predicted_clearance_m": 2.5513949394226074,
          "closest_time_to_contact_seconds": null,
          "threatening_obstacle_count": 0,
          "close_approach_obstacle_count": 0,
          "peak_simultaneous_threats": 0,
          "nominal_blocked": false
        },
        {
          "time": 5.76,
          "minimum_predicted_clearance_m": 2.548079490661621,
          "closest_time_to_contact_seconds": null,
          "threatening_obstacle_count": 0,
          "close_approach_obstacle_count": 0,
          "peak_simultaneous_threats": 0,
          "nominal_blocked": false
        },
        {
          "time": 5.8,
          "minimum_predicted_clearance_m": 2.544827938079834,
          "closest_time_to_contact_seconds": null,
          "threatening_obstacle_count": 0,
          "close_approach_obstacle_count": 0,
          "peak_simultaneous_threats": 0,
          "nominal_blocked": false
        },
        {
          "time": 5.84,
          "minimum_predicted_clearance_m": 2.5416722297668457,
          "closest_time_to_contact_seconds": null,
          "threatening_obstacle_count": 0,
          "close_approach_obstacle_count": 0,
          "peak_simultaneous_threats": 0,
          "nominal_blocked": false
        },
        {
          "time": 5.88,
          "minimum_predicted_clearance_m": 2.5386433601379395,
          "closest_time_to_contact_seconds": null,
          "threatening_obstacle_count": 0,
          "close_approach_obstacle_count": 0,
          "peak_simultaneous_threats": 0,
          "nominal_blocked": false
        },
        {
          "time": 5.92,
          "minimum_predicted_clearance_m": 2.535773754119873,
          "closest_time_to_contact_seconds": null,
          "threatening_obstacle_count": 0,
          "close_approach_obstacle_count": 0,
          "peak_simultaneous_threats": 0,
          "nominal_blocked": false
        },
        {
          "time": 5.96,
          "minimum_predicted_clearance_m": 2.533094882965088,
          "closest_time_to_contact_seconds": null,
          "threatening_obstacle_count": 0,
          "close_approach_obstacle_count": 0,
          "peak_simultaneous_threats": 0,
          "nominal_blocked": false
        },
        {
          "time": 6.0,
          "minimum_predicted_clearance_m": 2.530637264251709,
          "closest_time_to_contact_seconds": null,
          "threatening_obstacle_count": 0,
          "close_approach_obstacle_count": 0,
          "peak_simultaneous_threats": 0,
          "nominal_blocked": false
        },
        {
          "time": 6.04,
          "minimum_predicted_clearance_m": 2.5284318923950195,
          "closest_time_to_contact_seconds": null,
          "threatening_obstacle_count": 0,
          "close_approach_obstacle_count": 0,
          "peak_simultaneous_threats": 0,
          "nominal_blocked": false
        },
        {
          "time": 6.08,
          "minimum_predicted_clearance_m": 2.52650785446167,
          "closest_time_to_contact_seconds": null,
          "threatening_obstacle_count": 0,
          "close_approach_obstacle_count": 0,
          "peak_simultaneous_threats": 0,
          "nominal_blocked": false
        },
        {
          "time": 6.12,
          "minimum_predicted_clearance_m": 2.5248923301696777,
          "closest_time_to_contact_seconds": null,
          "threatening_obstacle_count": 0,
          "close_approach_obstacle_count": 0,
          "peak_simultaneous_threats": 0,
          "nominal_blocked": false
        },
        {
          "time": 6.16,
          "minimum_predicted_clearance_m": 2.5236129760742188,
          "closest_time_to_contact_seconds": null,
          "threatening_obstacle_count": 0,
          "close_approach_obstacle_count": 0,
          "peak_simultaneous_threats": 0,
          "nominal_blocked": false
        },
        {
          "time": 6.2,
          "minimum_predicted_clearance_m": 2.522695541381836,
          "closest_time_to_contact_seconds": null,
          "threatening_obstacle_count": 0,
          "close_approach_obstacle_count": 0,
          "peak_simultaneous_threats": 0,
          "nominal_blocked": false
        },
        {
          "time": 6.24,
          "minimum_predicted_clearance_m": 2.522162914276123,
          "closest_time_to_contact_seconds": null,
          "threatening_obstacle_count": 0,
          "close_approach_obstacle_count": 0,
          "peak_simultaneous_threats": 0,
          "nominal_blocked": false
        },
        {
          "time": 6.28,
          "minimum_predicted_clearance_m": 2.5220279693603516,
          "closest_time_to_contact_seconds": null,
          "threatening_obstacle_count": 0,
          "close_approach_obstacle_count": 0,
          "peak_simultaneous_threats": 0,
          "nominal_blocked": false
        },
        {
          "time": 6.32,
          "minimum_predicted_clearance_m": 2.5220279693603516,
          "closest_time_to_contact_seconds": null,
          "threatening_obstacle_count": 0,
          "close_approach_obstacle_count": 0,
          "peak_simultaneous_threats": 0,
          "nominal_blocked": false
        },
        {
          "time": 6.36,
          "minimum_predicted_clearance_m": 2.5220279693603516,
          "closest_time_to_contact_seconds": null,
          "threatening_obstacle_count": 0,
          "close_approach_obstacle_count": 0,
          "peak_simultaneous_threats": 0,
          "nominal_blocked": false
        },
        {
          "time": 6.4,
          "minimum_predicted_clearance_m": 2.5220279693603516,
          "closest_time_to_contact_seconds": null,
          "threatening_obstacle_count": 0,
          "close_approach_obstacle_count": 0,
          "peak_simultaneous_threats": 0,
          "nominal_blocked": false
        },
        {
          "time": 6.44,
          "minimum_predicted_clearance_m": 2.5220279693603516,
          "closest_time_to_contact_seconds": null,
          "threatening_obstacle_count": 0,
          "close_approach_obstacle_count": 0,
          "peak_simultaneous_threats": 0,
          "nominal_blocked": false
        },
        {
          "time": 6.48,
          "minimum_predicted_clearance_m": 2.5220279693603516,
          "closest_time_to_contact_seconds": null,
          "threatening_obstacle_count": 0,
          "close_approach_obstacle_count": 0,
          "peak_simultaneous_threats": 0,
          "nominal_blocked": false
        },
        {
          "time": 6.5200000000000005,
          "minimum_predicted_clearance_m": 2.5220279693603516,
          "closest_time_to_contact_seconds": null,
          "threatening_obstacle_count": 0,
          "close_approach_obstacle_count": 0,
          "peak_simultaneous_threats": 0,
          "nominal_blocked": false
        },
        {
          "time": 6.5600000000000005,
          "minimum_predicted_clearance_m": 2.5220279693603516,
          "closest_time_to_contact_seconds": null,
          "threatening_obstacle_count": 0,
          "close_approach_obstacle_count": 0,
          "peak_simultaneous_threats": 0,
          "nominal_blocked": false
        },
        {
          "time": 6.6000000000000005,
          "minimum_predicted_clearance_m": 2.5220279693603516,
          "closest_time_to_contact_seconds": null,
          "threatening_obstacle_count": 0,
          "close_approach_obstacle_count": 0,
          "peak_simultaneous_threats": 0,
          "nominal_blocked": false
        },
        {
          "time": 6.640000000000001,
          "minimum_predicted_clearance_m": 2.5220279693603516,
          "closest_time_to_contact_seconds": null,
          "threatening_obstacle_count": 0,
          "close_approach_obstacle_count": 0,
          "peak_simultaneous_threats": 0,
          "nominal_blocked": false
        },
        {
          "time": 6.68,
          "minimum_predicted_clearance_m": 2.5192010402679443,
          "closest_time_to_contact_seconds": null,
          "threatening_obstacle_count": 0,
          "close_approach_obstacle_count": 0,
          "peak_simultaneous_threats": 0,
          "nominal_blocked": false
        },
        {
          "time": 6.72,
          "minimum_predicted_clearance_m": 2.5143890380859375,
          "closest_time_to_contact_seconds": null,
          "threatening_obstacle_count": 0,
          "close_approach_obstacle_count": 0,
          "peak_simultaneous_threats": 0,
          "nominal_blocked": false
        },
        {
          "time": 6.76,
          "minimum_predicted_clearance_m": 2.5099387168884277,
          "closest_time_to_contact_seconds": null,
          "threatening_obstacle_count": 0,
          "close_approach_obstacle_count": 0,
          "peak_simultaneous_threats": 0,
          "nominal_blocked": false
        },
        {
          "time": 6.8,
          "minimum_predicted_clearance_m": 2.505841016769409,
          "closest_time_to_contact_seconds": null,
          "threatening_obstacle_count": 0,
          "close_approach_obstacle_count": 0,
          "peak_simultaneous_threats": 0,
          "nominal_blocked": false
        },
        {
          "time": 6.84,
          "minimum_predicted_clearance_m": 2.5020861625671387,
          "closest_time_to_contact_seconds": null,
          "threatening_obstacle_count": 0,
          "close_approach_obstacle_count": 0,
          "peak_simultaneous_threats": 0,
          "nominal_blocked": false
        },
        {
          "time": 6.88,
          "minimum_predicted_clearance_m": 2.4986612796783447,
          "closest_time_to_contact_seconds": null,
          "threatening_obstacle_count": 0,
          "close_approach_obstacle_count": 0,
          "peak_simultaneous_threats": 0,
          "nominal_blocked": false
        },
        {
          "time": 6.92,
          "minimum_predicted_clearance_m": 2.4955527782440186,
          "closest_time_to_contact_seconds": null,
          "threatening_obstacle_count": 0,
          "close_approach_obstacle_count": 0,
          "peak_simultaneous_threats": 0,
          "nominal_blocked": false
        },
        {
          "time": 6.96,
          "minimum_predicted_clearance_m": 2.4927453994750977,
          "closest_time_to_contact_seconds": null,
          "threatening_obstacle_count": 0,
          "close_approach_obstacle_count": 0,
          "peak_simultaneous_threats": 0,
          "nominal_blocked": false
        },
        {
          "time": 7.0,
          "minimum_predicted_clearance_m": 2.4902238845825195,
          "closest_time_to_contact_seconds": null,
          "threatening_obstacle_count": 0,
          "close_approach_obstacle_count": 0,
          "peak_simultaneous_threats": 0,
          "nominal_blocked": false
        },
        {
          "time": 7.04,
          "minimum_predicted_clearance_m": 2.487971305847168,
          "closest_time_to_contact_seconds": null,
          "threatening_obstacle_count": 0,
          "close_approach_obstacle_count": 0,
          "peak_simultaneous_threats": 0,
          "nominal_blocked": false
        },
        {
          "time": 7.08,
          "minimum_predicted_clearance_m": 2.4859707355499268,
          "closest_time_to_contact_seconds": null,
          "threatening_obstacle_count": 0,
          "close_approach_obstacle_count": 0,
          "peak_simultaneous_threats": 0,
          "nominal_blocked": false
        },
        {
          "time": 7.12,
          "minimum_predicted_clearance_m": 2.4842045307159424,
          "closest_time_to_contact_seconds": null,
          "threatening_obstacle_count": 0,
          "close_approach_obstacle_count": 0,
          "peak_simultaneous_threats": 0,
          "nominal_blocked": false
        },
        {
          "time": 7.16,
          "minimum_predicted_clearance_m": 2.4826557636260986,
          "closest_time_to_contact_seconds": null,
          "threatening_obstacle_count": 0,
          "close_approach_obstacle_count": 0,
          "peak_simultaneous_threats": 0,
          "nominal_blocked": false
        },
        {
          "time": 7.2,
          "minimum_predicted_clearance_m": 2.4813077449798584,
          "closest_time_to_contact_seconds": null,
          "threatening_obstacle_count": 0,
          "close_approach_obstacle_count": 0,
          "peak_simultaneous_threats": 0,
          "nominal_blocked": false
        },
        {
          "time": 7.24,
          "minimum_predicted_clearance_m": 2.4801437854766846,
          "closest_time_to_contact_seconds": null,
          "threatening_obstacle_count": 0,
          "close_approach_obstacle_count": 0,
          "peak_simultaneous_threats": 0,
          "nominal_blocked": false
        },
        {
          "time": 7.28,
          "minimum_predicted_clearance_m": 2.4791486263275146,
          "closest_time_to_contact_seconds": null,
          "threatening_obstacle_count": 0,
          "close_approach_obstacle_count": 0,
          "peak_simultaneous_threats": 0,
          "nominal_blocked": false
        },
        {
          "time": 7.32,
          "minimum_predicted_clearance_m": 2.4783079624176025,
          "closest_time_to_contact_seconds": null,
          "threatening_obstacle_count": 0,
          "close_approach_obstacle_count": 0,
          "peak_simultaneous_threats": 0,
          "nominal_blocked": false
        },
        {
          "time": 7.36,
          "minimum_predicted_clearance_m": 2.4776079654693604,
          "closest_time_to_contact_seconds": null,
          "threatening_obstacle_count": 0,
          "close_approach_obstacle_count": 0,
          "peak_simultaneous_threats": 0,
          "nominal_blocked": false
        },
        {
          "time": 7.4,
          "minimum_predicted_clearance_m": 2.477036714553833,
          "closest_time_to_contact_seconds": null,
          "threatening_obstacle_count": 0,
          "close_approach_obstacle_count": 0,
          "peak_simultaneous_threats": 0,
          "nominal_blocked": false
        },
        {
          "time": 7.44,
          "minimum_predicted_clearance_m": 2.4765849113464355,
          "closest_time_to_contact_seconds": null,
          "threatening_obstacle_count": 0,
          "close_approach_obstacle_count": 0,
          "peak_simultaneous_threats": 0,
          "nominal_blocked": false
        },
        {
          "time": 7.48,
          "minimum_predicted_clearance_m": 2.4762425422668457,
          "closest_time_to_contact_seconds": null,
          "threatening_obstacle_count": 0,
          "close_approach_obstacle_count": 0,
          "peak_simultaneous_threats": 0,
          "nominal_blocked": false
        },
        {
          "time": 7.5200000000000005,
          "minimum_predicted_clearance_m": 2.4760031700134277,
          "closest_time_to_contact_seconds": null,
          "threatening_obstacle_count": 0,
          "close_approach_obstacle_count": 0,
          "peak_simultaneous_threats": 0,
          "nominal_blocked": false
        },
        {
          "time": 7.5600000000000005,
          "minimum_predicted_clearance_m": 2.4758620262145996,
          "closest_time_to_contact_seconds": null,
          "threatening_obstacle_count": 0,
          "close_approach_obstacle_count": 0,
          "peak_simultaneous_threats": 0,
          "nominal_blocked": false
        },
        {
          "time": 7.6000000000000005,
          "minimum_predicted_clearance_m": 2.475815773010254,
          "closest_time_to_contact_seconds": null,
          "threatening_obstacle_count": 0,
          "close_approach_obstacle_count": 0,
          "peak_simultaneous_threats": 0,
          "nominal_blocked": false
        },
        {
          "time": 7.640000000000001,
          "minimum_predicted_clearance_m": 2.475815773010254,
          "closest_time_to_contact_seconds": null,
          "threatening_obstacle_count": 0,
          "close_approach_obstacle_count": 0,
          "peak_simultaneous_threats": 0,
          "nominal_blocked": false
        },
        {
          "time": 7.68,
          "minimum_predicted_clearance_m": 2.475815773010254,
          "closest_time_to_contact_seconds": null,
          "threatening_obstacle_count": 0,
          "close_approach_obstacle_count": 0,
          "peak_simultaneous_threats": 0,
          "nominal_blocked": false
        },
        {
          "time": 7.72,
          "minimum_predicted_clearance_m": 2.475815773010254,
          "closest_time_to_contact_seconds": null,
          "threatening_obstacle_count": 0,
          "close_approach_obstacle_count": 0,
          "peak_simultaneous_threats": 0,
          "nominal_blocked": false
        },
        {
          "time": 7.76,
          "minimum_predicted_clearance_m": 2.475815773010254,
          "closest_time_to_contact_seconds": null,
          "threatening_obstacle_count": 0,
          "close_approach_obstacle_count": 0,
          "peak_simultaneous_threats": 0,
          "nominal_blocked": false
        },
        {
          "time": 7.8,
          "minimum_predicted_clearance_m": 2.475815773010254,
          "closest_time_to_contact_seconds": null,
          "threatening_obstacle_count": 0,
          "close_approach_obstacle_count": 0,
          "peak_simultaneous_threats": 0,
          "nominal_blocked": false
        },
        {
          "time": 7.84,
          "minimum_predicted_clearance_m": 2.475815773010254,
          "closest_time_to_contact_seconds": null,
          "threatening_obstacle_count": 0,
          "close_approach_obstacle_count": 0,
          "peak_simultaneous_threats": 0,
          "nominal_blocked": false
        },
        {
          "time": 7.88,
          "minimum_predicted_clearance_m": 2.475815773010254,
          "closest_time_to_contact_seconds": null,
          "threatening_obstacle_count": 0,
          "close_approach_obstacle_count": 0,
          "peak_simultaneous_threats": 0,
          "nominal_blocked": false
        },
        {
          "time": 7.92,
          "minimum_predicted_clearance_m": 2.475815773010254,
          "closest_time_to_contact_seconds": null,
          "threatening_obstacle_count": 0,
          "close_approach_obstacle_count": 0,
          "peak_simultaneous_threats": 0,
          "nominal_blocked": false
        },
        {
          "time": 7.96,
          "minimum_predicted_clearance_m": 2.475815773010254,
          "closest_time_to_contact_seconds": null,
          "threatening_obstacle_count": 0,
          "close_approach_obstacle_count": 0,
          "peak_simultaneous_threats": 0,
          "nominal_blocked": false
        },
        {
          "time": 8.0,
          "minimum_predicted_clearance_m": 2.475815773010254,
          "closest_time_to_contact_seconds": null,
          "threatening_obstacle_count": 0,
          "close_approach_obstacle_count": 0,
          "peak_simultaneous_threats": 0,
          "nominal_blocked": false
        },
        {
          "time": 8.040000000000001,
          "minimum_predicted_clearance_m": 2.475815773010254,
          "closest_time_to_contact_seconds": null,
          "threatening_obstacle_count": 0,
          "close_approach_obstacle_count": 0,
          "peak_simultaneous_threats": 0,
          "nominal_blocked": false
        },
        {
          "time": 8.08,
          "minimum_predicted_clearance_m": 2.475815773010254,
          "closest_time_to_contact_seconds": null,
          "threatening_obstacle_count": 0,
          "close_approach_obstacle_count": 0,
          "peak_simultaneous_threats": 0,
          "nominal_blocked": false
        },
        {
          "time": 8.120000000000001,
          "minimum_predicted_clearance_m": 2.475815773010254,
          "closest_time_to_contact_seconds": null,
          "threatening_obstacle_count": 0,
          "close_approach_obstacle_count": 0,
          "peak_simultaneous_threats": 0,
          "nominal_blocked": false
        },
        {
          "time": 8.16,
          "minimum_predicted_clearance_m": 2.475815773010254,
          "closest_time_to_contact_seconds": null,
          "threatening_obstacle_count": 0,
          "close_approach_obstacle_count": 0,
          "peak_simultaneous_threats": 0,
          "nominal_blocked": false
        },
        {
          "time": 8.2,
          "minimum_predicted_clearance_m": 2.475815773010254,
          "closest_time_to_contact_seconds": null,
          "threatening_obstacle_count": 0,
          "close_approach_obstacle_count": 0,
          "peak_simultaneous_threats": 0,
          "nominal_blocked": false
        },
        {
          "time": 8.24,
          "minimum_predicted_clearance_m": 2.475815773010254,
          "closest_time_to_contact_seconds": null,
          "threatening_obstacle_count": 0,
          "close_approach_obstacle_count": 0,
          "peak_simultaneous_threats": 0,
          "nominal_blocked": false
        },
        {
          "time": 8.28,
          "minimum_predicted_clearance_m": 2.475815773010254,
          "closest_time_to_contact_seconds": null,
          "threatening_obstacle_count": 0,
          "close_approach_obstacle_count": 0,
          "peak_simultaneous_threats": 0,
          "nominal_blocked": false
        },
        {
          "time": 8.32,
          "minimum_predicted_clearance_m": 2.475815773010254,
          "closest_time_to_contact_seconds": null,
          "threatening_obstacle_count": 0,
          "close_approach_obstacle_count": 0,
          "peak_simultaneous_threats": 0,
          "nominal_blocked": false
        },
        {
          "time": 8.36,
          "minimum_predicted_clearance_m": 2.475815773010254,
          "closest_time_to_contact_seconds": null,
          "threatening_obstacle_count": 0,
          "close_approach_obstacle_count": 0,
          "peak_simultaneous_threats": 0,
          "nominal_blocked": false
        },
        {
          "time": 8.4,
          "minimum_predicted_clearance_m": 2.475815773010254,
          "closest_time_to_contact_seconds": null,
          "threatening_obstacle_count": 0,
          "close_approach_obstacle_count": 0,
          "peak_simultaneous_threats": 0,
          "nominal_blocked": false
        },
        {
          "time": 8.44,
          "minimum_predicted_clearance_m": 2.475815773010254,
          "closest_time_to_contact_seconds": null,
          "threatening_obstacle_count": 0,
          "close_approach_obstacle_count": 0,
          "peak_simultaneous_threats": 0,
          "nominal_blocked": false
        },
        {
          "time": 8.48,
          "minimum_predicted_clearance_m": 2.475815773010254,
          "closest_time_to_contact_seconds": null,
          "threatening_obstacle_count": 0,
          "close_approach_obstacle_count": 0,
          "peak_simultaneous_threats": 0,
          "nominal_blocked": false
        },
        {
          "time": 8.52,
          "minimum_predicted_clearance_m": 2.475815773010254,
          "closest_time_to_contact_seconds": null,
          "threatening_obstacle_count": 0,
          "close_approach_obstacle_count": 0,
          "peak_simultaneous_threats": 0,
          "nominal_blocked": false
        },
        {
          "time": 8.56,
          "minimum_predicted_clearance_m": 2.475815773010254,
          "closest_time_to_contact_seconds": null,
          "threatening_obstacle_count": 0,
          "close_approach_obstacle_count": 0,
          "peak_simultaneous_threats": 0,
          "nominal_blocked": false
        },
        {
          "time": 8.6,
          "minimum_predicted_clearance_m": 2.475815773010254,
          "closest_time_to_contact_seconds": null,
          "threatening_obstacle_count": 0,
          "close_approach_obstacle_count": 0,
          "peak_simultaneous_threats": 0,
          "nominal_blocked": false
        },
        {
          "time": 8.64,
          "minimum_predicted_clearance_m": 2.475815773010254,
          "closest_time_to_contact_seconds": null,
          "threatening_obstacle_count": 0,
          "close_approach_obstacle_count": 0,
          "peak_simultaneous_threats": 0,
          "nominal_blocked": false
        },
        {
          "time": 8.68,
          "minimum_predicted_clearance_m": 2.475815773010254,
          "closest_time_to_contact_seconds": null,
          "threatening_obstacle_count": 0,
          "close_approach_obstacle_count": 0,
          "peak_simultaneous_threats": 0,
          "nominal_blocked": false
        },
        {
          "time": 8.72,
          "minimum_predicted_clearance_m": 2.475815773010254,
          "closest_time_to_contact_seconds": null,
          "threatening_obstacle_count": 0,
          "close_approach_obstacle_count": 0,
          "peak_simultaneous_threats": 0,
          "nominal_blocked": false
        },
        {
          "time": 8.76,
          "minimum_predicted_clearance_m": 2.475815773010254,
          "closest_time_to_contact_seconds": null,
          "threatening_obstacle_count": 0,
          "close_approach_obstacle_count": 0,
          "peak_simultaneous_threats": 0,
          "nominal_blocked": false
        },
        {
          "time": 8.8,
          "minimum_predicted_clearance_m": 2.475815773010254,
          "closest_time_to_contact_seconds": null,
          "threatening_obstacle_count": 0,
          "close_approach_obstacle_count": 0,
          "peak_simultaneous_threats": 0,
          "nominal_blocked": false
        },
        {
          "time": 8.84,
          "minimum_predicted_clearance_m": 2.475862979888916,
          "closest_time_to_contact_seconds": null,
          "threatening_obstacle_count": 0,
          "close_approach_obstacle_count": 0,
          "peak_simultaneous_threats": 0,
          "nominal_blocked": false
        },
        {
          "time": 8.88,
          "minimum_predicted_clearance_m": 2.4760048389434814,
          "closest_time_to_contact_seconds": null,
          "threatening_obstacle_count": 0,
          "close_approach_obstacle_count": 0,
          "peak_simultaneous_threats": 0,
          "nominal_blocked": false
        },
        {
          "time": 8.92,
          "minimum_predicted_clearance_m": 2.4762444496154785,
          "closest_time_to_contact_seconds": null,
          "threatening_obstacle_count": 0,
          "close_approach_obstacle_count": 0,
          "peak_simultaneous_threats": 0,
          "nominal_blocked": false
        },
        {
          "time": 8.96,
          "minimum_predicted_clearance_m": 2.476586103439331,
          "closest_time_to_contact_seconds": null,
          "threatening_obstacle_count": 0,
          "close_approach_obstacle_count": 0,
          "peak_simultaneous_threats": 0,
          "nominal_blocked": false
        },
        {
          "time": 9.0,
          "minimum_predicted_clearance_m": 2.477036952972412,
          "closest_time_to_contact_seconds": null,
          "threatening_obstacle_count": 0,
          "close_approach_obstacle_count": 0,
          "peak_simultaneous_threats": 0,
          "nominal_blocked": false
        },
        {
          "time": 9.040000000000001,
          "minimum_predicted_clearance_m": 2.477604866027832,
          "closest_time_to_contact_seconds": null,
          "threatening_obstacle_count": 0,
          "close_approach_obstacle_count": 0,
          "peak_simultaneous_threats": 0,
          "nominal_blocked": false
        },
        {
          "time": 9.08,
          "minimum_predicted_clearance_m": 2.4783010482788086,
          "closest_time_to_contact_seconds": null,
          "threatening_obstacle_count": 0,
          "close_approach_obstacle_count": 0,
          "peak_simultaneous_threats": 0,
          "nominal_blocked": false
        },
        {
          "time": 9.120000000000001,
          "minimum_predicted_clearance_m": 2.4791364669799805,
          "closest_time_to_contact_seconds": null,
          "threatening_obstacle_count": 0,
          "close_approach_obstacle_count": 0,
          "peak_simultaneous_threats": 0,
          "nominal_blocked": false
        },
        {
          "time": 9.16,
          "minimum_predicted_clearance_m": 2.4801242351531982,
          "closest_time_to_contact_seconds": null,
          "threatening_obstacle_count": 0,
          "close_approach_obstacle_count": 0,
          "peak_simultaneous_threats": 0,
          "nominal_blocked": false
        },
        {
          "time": 9.200000000000001,
          "minimum_predicted_clearance_m": 2.4812793731689453,
          "closest_time_to_contact_seconds": null,
          "threatening_obstacle_count": 0,
          "close_approach_obstacle_count": 0,
          "peak_simultaneous_threats": 0,
          "nominal_blocked": false
        },
        {
          "time": 9.24,
          "minimum_predicted_clearance_m": 2.482616662979126,
          "closest_time_to_contact_seconds": null,
          "threatening_obstacle_count": 0,
          "close_approach_obstacle_count": 0,
          "peak_simultaneous_threats": 0,
          "nominal_blocked": false
        },
        {
          "time": 9.28,
          "minimum_predicted_clearance_m": 2.484152317047119,
          "closest_time_to_contact_seconds": null,
          "threatening_obstacle_count": 0,
          "close_approach_obstacle_count": 0,
          "peak_simultaneous_threats": 0,
          "nominal_blocked": false
        },
        {
          "time": 9.32,
          "minimum_predicted_clearance_m": 2.485903739929199,
          "closest_time_to_contact_seconds": null,
          "threatening_obstacle_count": 0,
          "close_approach_obstacle_count": 0,
          "peak_simultaneous_threats": 0,
          "nominal_blocked": false
        },
        {
          "time": 9.36,
          "minimum_predicted_clearance_m": 2.487887382507324,
          "closest_time_to_contact_seconds": null,
          "threatening_obstacle_count": 0,
          "close_approach_obstacle_count": 0,
          "peak_simultaneous_threats": 0,
          "nominal_blocked": false
        },
        {
          "time": 9.4,
          "minimum_predicted_clearance_m": 2.4901211261749268,
          "closest_time_to_contact_seconds": null,
          "threatening_obstacle_count": 0,
          "close_approach_obstacle_count": 0,
          "peak_simultaneous_threats": 0,
          "nominal_blocked": false
        },
        {
          "time": 9.44,
          "minimum_predicted_clearance_m": 2.492621660232544,
          "closest_time_to_contact_seconds": null,
          "threatening_obstacle_count": 0,
          "close_approach_obstacle_count": 0,
          "peak_simultaneous_threats": 0,
          "nominal_blocked": false
        },
        {
          "time": 9.48,
          "minimum_predicted_clearance_m": 2.495405912399292,
          "closest_time_to_contact_seconds": null,
          "threatening_obstacle_count": 0,
          "close_approach_obstacle_count": 0,
          "peak_simultaneous_threats": 0,
          "nominal_blocked": false
        },
        {
          "time": 9.52,
          "minimum_predicted_clearance_m": 2.4984898567199707,
          "closest_time_to_contact_seconds": null,
          "threatening_obstacle_count": 0,
          "close_approach_obstacle_count": 0,
          "peak_simultaneous_threats": 0,
          "nominal_blocked": false
        },
        {
          "time": 9.56,
          "minimum_predicted_clearance_m": 2.5018882751464844,
          "closest_time_to_contact_seconds": null,
          "threatening_obstacle_count": 0,
          "close_approach_obstacle_count": 0,
          "peak_simultaneous_threats": 0,
          "nominal_blocked": false
        },
        {
          "time": 9.6,
          "minimum_predicted_clearance_m": 2.505615711212158,
          "closest_time_to_contact_seconds": null,
          "threatening_obstacle_count": 0,
          "close_approach_obstacle_count": 0,
          "peak_simultaneous_threats": 0,
          "nominal_blocked": false
        },
        {
          "time": 9.64,
          "minimum_predicted_clearance_m": 2.5096845626831055,
          "closest_time_to_contact_seconds": null,
          "threatening_obstacle_count": 0,
          "close_approach_obstacle_count": 0,
          "peak_simultaneous_threats": 0,
          "nominal_blocked": false
        },
        {
          "time": 9.68,
          "minimum_predicted_clearance_m": 2.5141048431396484,
          "closest_time_to_contact_seconds": null,
          "threatening_obstacle_count": 0,
          "close_approach_obstacle_count": 0,
          "peak_simultaneous_threats": 0,
          "nominal_blocked": false
        },
        {
          "time": 9.72,
          "minimum_predicted_clearance_m": 2.5188863277435303,
          "closest_time_to_contact_seconds": null,
          "threatening_obstacle_count": 0,
          "close_approach_obstacle_count": 0,
          "peak_simultaneous_threats": 0,
          "nominal_blocked": false
        },
        {
          "time": 9.76,
          "minimum_predicted_clearance_m": 2.5240349769592285,
          "closest_time_to_contact_seconds": null,
          "threatening_obstacle_count": 0,
          "close_approach_obstacle_count": 0,
          "peak_simultaneous_threats": 0,
          "nominal_blocked": false
        },
        {
          "time": 9.8,
          "minimum_predicted_clearance_m": 2.5295560359954834,
          "closest_time_to_contact_seconds": null,
          "threatening_obstacle_count": 0,
          "close_approach_obstacle_count": 0,
          "peak_simultaneous_threats": 0,
          "nominal_blocked": false
        },
        {
          "time": 9.84,
          "minimum_predicted_clearance_m": 2.5354514122009277,
          "closest_time_to_contact_seconds": null,
          "threatening_obstacle_count": 0,
          "close_approach_obstacle_count": 0,
          "peak_simultaneous_threats": 0,
          "nominal_blocked": false
        },
        {
          "time": 9.88,
          "minimum_predicted_clearance_m": 2.541720390319824,
          "closest_time_to_contact_seconds": null,
          "threatening_obstacle_count": 0,
          "close_approach_obstacle_count": 0,
          "peak_simultaneous_threats": 0,
          "nominal_blocked": false
        },
        {
          "time": 9.92,
          "minimum_predicted_clearance_m": 2.5483591556549072,
          "closest_time_to_contact_seconds": null,
          "threatening_obstacle_count": 0,
          "close_approach_obstacle_count": 0,
          "peak_simultaneous_threats": 0,
          "nominal_blocked": false
        },
        {
          "time": 9.96,
          "minimum_predicted_clearance_m": 2.5553627014160156,
          "closest_time_to_contact_seconds": null,
          "threatening_obstacle_count": 0,
          "close_approach_obstacle_count": 0,
          "peak_simultaneous_threats": 0,
          "nominal_blocked": false
        },
        {
          "time": 10.0,
          "minimum_predicted_clearance_m": 2.556722640991211,
          "closest_time_to_contact_seconds": null,
          "threatening_obstacle_count": 0,
          "close_approach_obstacle_count": 0,
          "peak_simultaneous_threats": 0,
          "nominal_blocked": false
        },
        {
          "time": 10.040000000000001,
          "minimum_predicted_clearance_m": 2.551238536834717,
          "closest_time_to_contact_seconds": null,
          "threatening_obstacle_count": 0,
          "close_approach_obstacle_count": 0,
          "peak_simultaneous_threats": 0,
          "nominal_blocked": false
        },
        {
          "time": 10.08,
          "minimum_predicted_clearance_m": 2.5462236404418945,
          "closest_time_to_contact_seconds": null,
          "threatening_obstacle_count": 0,
          "close_approach_obstacle_count": 0,
          "peak_simultaneous_threats": 0,
          "nominal_blocked": false
        },
        {
          "time": 10.120000000000001,
          "minimum_predicted_clearance_m": 2.54168701171875,
          "closest_time_to_contact_seconds": null,
          "threatening_obstacle_count": 0,
          "close_approach_obstacle_count": 0,
          "peak_simultaneous_threats": 0,
          "nominal_blocked": false
        },
        {
          "time": 10.16,
          "minimum_predicted_clearance_m": 2.5376367568969727,
          "closest_time_to_contact_seconds": null,
          "threatening_obstacle_count": 0,
          "close_approach_obstacle_count": 0,
          "peak_simultaneous_threats": 0,
          "nominal_blocked": false
        },
        {
          "time": 10.200000000000001,
          "minimum_predicted_clearance_m": 2.5340757369995117,
          "closest_time_to_contact_seconds": null,
          "threatening_obstacle_count": 0,
          "close_approach_obstacle_count": 0,
          "peak_simultaneous_threats": 0,
          "nominal_blocked": false
        },
        {
          "time": 10.24,
          "minimum_predicted_clearance_m": 2.531005859375,
          "closest_time_to_contact_seconds": null,
          "threatening_obstacle_count": 0,
          "close_approach_obstacle_count": 0,
          "peak_simultaneous_threats": 0,
          "nominal_blocked": false
        },
        {
          "time": 10.28,
          "minimum_predicted_clearance_m": 2.528426170349121,
          "closest_time_to_contact_seconds": null,
          "threatening_obstacle_count": 0,
          "close_approach_obstacle_count": 0,
          "peak_simultaneous_threats": 0,
          "nominal_blocked": false
        },
        {
          "time": 10.32,
          "minimum_predicted_clearance_m": 2.5263314247131348,
          "closest_time_to_contact_seconds": null,
          "threatening_obstacle_count": 0,
          "close_approach_obstacle_count": 0,
          "peak_simultaneous_threats": 0,
          "nominal_blocked": false
        },
        {
          "time": 10.36,
          "minimum_predicted_clearance_m": 2.5247154235839844,
          "closest_time_to_contact_seconds": null,
          "threatening_obstacle_count": 0,
          "close_approach_obstacle_count": 0,
          "peak_simultaneous_threats": 0,
          "nominal_blocked": false
        },
        {
          "time": 10.4,
          "minimum_predicted_clearance_m": 2.5235671997070312,
          "closest_time_to_contact_seconds": null,
          "threatening_obstacle_count": 0,
          "close_approach_obstacle_count": 0,
          "peak_simultaneous_threats": 0,
          "nominal_blocked": false
        },
        {
          "time": 10.44,
          "minimum_predicted_clearance_m": 2.5228753089904785,
          "closest_time_to_contact_seconds": null,
          "threatening_obstacle_count": 0,
          "close_approach_obstacle_count": 0,
          "peak_simultaneous_threats": 0,
          "nominal_blocked": false
        },
        {
          "time": 10.48,
          "minimum_predicted_clearance_m": 2.5226235389709473,
          "closest_time_to_contact_seconds": null,
          "threatening_obstacle_count": 0,
          "close_approach_obstacle_count": 0,
          "peak_simultaneous_threats": 0,
          "nominal_blocked": false
        },
        {
          "time": 10.52,
          "minimum_predicted_clearance_m": 2.5226221084594727,
          "closest_time_to_contact_seconds": null,
          "threatening_obstacle_count": 0,
          "close_approach_obstacle_count": 0,
          "peak_simultaneous_threats": 0,
          "nominal_blocked": false
        },
        {
          "time": 10.56,
          "minimum_predicted_clearance_m": 2.5226221084594727,
          "closest_time_to_contact_seconds": null,
          "threatening_obstacle_count": 0,
          "close_approach_obstacle_count": 0,
          "peak_simultaneous_threats": 0,
          "nominal_blocked": false
        },
        {
          "time": 10.6,
          "minimum_predicted_clearance_m": 2.5226221084594727,
          "closest_time_to_contact_seconds": null,
          "threatening_obstacle_count": 0,
          "close_approach_obstacle_count": 0,
          "peak_simultaneous_threats": 0,
          "nominal_blocked": false
        },
        {
          "time": 10.64,
          "minimum_predicted_clearance_m": 2.5226221084594727,
          "closest_time_to_contact_seconds": null,
          "threatening_obstacle_count": 0,
          "close_approach_obstacle_count": 0,
          "peak_simultaneous_threats": 0,
          "nominal_blocked": false
        },
        {
          "time": 10.68,
          "minimum_predicted_clearance_m": 2.5226221084594727,
          "closest_time_to_contact_seconds": null,
          "threatening_obstacle_count": 0,
          "close_approach_obstacle_count": 0,
          "peak_simultaneous_threats": 0,
          "nominal_blocked": false
        },
        {
          "time": 10.72,
          "minimum_predicted_clearance_m": 2.5226221084594727,
          "closest_time_to_contact_seconds": null,
          "threatening_obstacle_count": 0,
          "close_approach_obstacle_count": 0,
          "peak_simultaneous_threats": 0,
          "nominal_blocked": false
        },
        {
          "time": 10.76,
          "minimum_predicted_clearance_m": 2.5226221084594727,
          "closest_time_to_contact_seconds": null,
          "threatening_obstacle_count": 0,
          "close_approach_obstacle_count": 0,
          "peak_simultaneous_threats": 0,
          "nominal_blocked": false
        },
        {
          "time": 10.8,
          "minimum_predicted_clearance_m": 2.5226221084594727,
          "closest_time_to_contact_seconds": null,
          "threatening_obstacle_count": 0,
          "close_approach_obstacle_count": 0,
          "peak_simultaneous_threats": 0,
          "nominal_blocked": false
        },
        {
          "time": 10.84,
          "minimum_predicted_clearance_m": 2.5226221084594727,
          "closest_time_to_contact_seconds": null,
          "threatening_obstacle_count": 0,
          "close_approach_obstacle_count": 0,
          "peak_simultaneous_threats": 0,
          "nominal_blocked": false
        },
        {
          "time": 10.88,
          "minimum_predicted_clearance_m": 2.5226221084594727,
          "closest_time_to_contact_seconds": null,
          "threatening_obstacle_count": 0,
          "close_approach_obstacle_count": 0,
          "peak_simultaneous_threats": 0,
          "nominal_blocked": false
        },
        {
          "time": 10.92,
          "minimum_predicted_clearance_m": 2.5226221084594727,
          "closest_time_to_contact_seconds": null,
          "threatening_obstacle_count": 0,
          "close_approach_obstacle_count": 0,
          "peak_simultaneous_threats": 0,
          "nominal_blocked": false
        },
        {
          "time": 10.96,
          "minimum_predicted_clearance_m": 2.5226221084594727,
          "closest_time_to_contact_seconds": null,
          "threatening_obstacle_count": 0,
          "close_approach_obstacle_count": 0,
          "peak_simultaneous_threats": 0,
          "nominal_blocked": false
        },
        {
          "time": 11.0,
          "minimum_predicted_clearance_m": 2.560504913330078,
          "closest_time_to_contact_seconds": null,
          "threatening_obstacle_count": 0,
          "close_approach_obstacle_count": 0,
          "peak_simultaneous_threats": 0,
          "nominal_blocked": false
        },
        {
          "time": 11.040000000000001,
          "minimum_predicted_clearance_m": 2.560504913330078,
          "closest_time_to_contact_seconds": null,
          "threatening_obstacle_count": 0,
          "close_approach_obstacle_count": 0,
          "peak_simultaneous_threats": 0,
          "nominal_blocked": false
        },
        {
          "time": 11.08,
          "minimum_predicted_clearance_m": 2.560504913330078,
          "closest_time_to_contact_seconds": null,
          "threatening_obstacle_count": 0,
          "close_approach_obstacle_count": 0,
          "peak_simultaneous_threats": 0,
          "nominal_blocked": false
        },
        {
          "time": 11.120000000000001,
          "minimum_predicted_clearance_m": 2.560504913330078,
          "closest_time_to_contact_seconds": null,
          "threatening_obstacle_count": 0,
          "close_approach_obstacle_count": 0,
          "peak_simultaneous_threats": 0,
          "nominal_blocked": false
        },
        {
          "time": 11.16,
          "minimum_predicted_clearance_m": 2.560504913330078,
          "closest_time_to_contact_seconds": null,
          "threatening_obstacle_count": 0,
          "close_approach_obstacle_count": 0,
          "peak_simultaneous_threats": 0,
          "nominal_blocked": false
        },
        {
          "time": 11.200000000000001,
          "minimum_predicted_clearance_m": 2.560504913330078,
          "closest_time_to_contact_seconds": null,
          "threatening_obstacle_count": 0,
          "close_approach_obstacle_count": 0,
          "peak_simultaneous_threats": 0,
          "nominal_blocked": false
        },
        {
          "time": 11.24,
          "minimum_predicted_clearance_m": 2.560504913330078,
          "closest_time_to_contact_seconds": null,
          "threatening_obstacle_count": 0,
          "close_approach_obstacle_count": 0,
          "peak_simultaneous_threats": 0,
          "nominal_blocked": false
        },
        {
          "time": 11.28,
          "minimum_predicted_clearance_m": 2.560504913330078,
          "closest_time_to_contact_seconds": null,
          "threatening_obstacle_count": 0,
          "close_approach_obstacle_count": 0,
          "peak_simultaneous_threats": 0,
          "nominal_blocked": false
        },
        {
          "time": 11.32,
          "minimum_predicted_clearance_m": 2.560504913330078,
          "closest_time_to_contact_seconds": null,
          "threatening_obstacle_count": 0,
          "close_approach_obstacle_count": 0,
          "peak_simultaneous_threats": 0,
          "nominal_blocked": false
        },
        {
          "time": 11.36,
          "minimum_predicted_clearance_m": 2.560504913330078,
          "closest_time_to_contact_seconds": null,
          "threatening_obstacle_count": 0,
          "close_approach_obstacle_count": 0,
          "peak_simultaneous_threats": 0,
          "nominal_blocked": false
        },
        {
          "time": 11.4,
          "minimum_predicted_clearance_m": 2.560504913330078,
          "closest_time_to_contact_seconds": null,
          "threatening_obstacle_count": 0,
          "close_approach_obstacle_count": 0,
          "peak_simultaneous_threats": 0,
          "nominal_blocked": false
        },
        {
          "time": 11.44,
          "minimum_predicted_clearance_m": 2.560504913330078,
          "closest_time_to_contact_seconds": null,
          "threatening_obstacle_count": 0,
          "close_approach_obstacle_count": 0,
          "peak_simultaneous_threats": 0,
          "nominal_blocked": false
        },
        {
          "time": 11.48,
          "minimum_predicted_clearance_m": 2.560504913330078,
          "closest_time_to_contact_seconds": null,
          "threatening_obstacle_count": 0,
          "close_approach_obstacle_count": 0,
          "peak_simultaneous_threats": 0,
          "nominal_blocked": false
        },
        {
          "time": 11.52,
          "minimum_predicted_clearance_m": 2.560504913330078,
          "closest_time_to_contact_seconds": null,
          "threatening_obstacle_count": 0,
          "close_approach_obstacle_count": 0,
          "peak_simultaneous_threats": 0,
          "nominal_blocked": false
        },
        {
          "time": 11.56,
          "minimum_predicted_clearance_m": 2.560504913330078,
          "closest_time_to_contact_seconds": null,
          "threatening_obstacle_count": 0,
          "close_approach_obstacle_count": 0,
          "peak_simultaneous_threats": 0,
          "nominal_blocked": false
        },
        {
          "time": 11.6,
          "minimum_predicted_clearance_m": 2.560518741607666,
          "closest_time_to_contact_seconds": null,
          "threatening_obstacle_count": 0,
          "close_approach_obstacle_count": 0,
          "peak_simultaneous_threats": 0,
          "nominal_blocked": false
        },
        {
          "time": 11.64,
          "minimum_predicted_clearance_m": 2.5605525970458984,
          "closest_time_to_contact_seconds": null,
          "threatening_obstacle_count": 0,
          "close_approach_obstacle_count": 0,
          "peak_simultaneous_threats": 0,
          "nominal_blocked": false
        },
        {
          "time": 11.68,
          "minimum_predicted_clearance_m": 2.560609817504883,
          "closest_time_to_contact_seconds": null,
          "threatening_obstacle_count": 0,
          "close_approach_obstacle_count": 0,
          "peak_simultaneous_threats": 0,
          "nominal_blocked": false
        },
        {
          "time": 11.72,
          "minimum_predicted_clearance_m": 2.560697555541992,
          "closest_time_to_contact_seconds": null,
          "threatening_obstacle_count": 0,
          "close_approach_obstacle_count": 0,
          "peak_simultaneous_threats": 0,
          "nominal_blocked": false
        },
        {
          "time": 11.76,
          "minimum_predicted_clearance_m": 2.5568082332611084,
          "closest_time_to_contact_seconds": null,
          "threatening_obstacle_count": 0,
          "close_approach_obstacle_count": 0,
          "peak_simultaneous_threats": 0,
          "nominal_blocked": false
        },
        {
          "time": 11.8,
          "minimum_predicted_clearance_m": 2.5498385429382324,
          "closest_time_to_contact_seconds": null,
          "threatening_obstacle_count": 0,
          "close_approach_obstacle_count": 0,
          "peak_simultaneous_threats": 0,
          "nominal_blocked": false
        },
        {
          "time": 11.84,
          "minimum_predicted_clearance_m": 2.5432910919189453,
          "closest_time_to_contact_seconds": null,
          "threatening_obstacle_count": 0,
          "close_approach_obstacle_count": 0,
          "peak_simultaneous_threats": 0,
          "nominal_blocked": false
        },
        {
          "time": 11.88,
          "minimum_predicted_clearance_m": 2.5371615886688232,
          "closest_time_to_contact_seconds": null,
          "threatening_obstacle_count": 0,
          "close_approach_obstacle_count": 0,
          "peak_simultaneous_threats": 0,
          "nominal_blocked": false
        },
        {
          "time": 11.92,
          "minimum_predicted_clearance_m": 2.5314431190490723,
          "closest_time_to_contact_seconds": null,
          "threatening_obstacle_count": 0,
          "close_approach_obstacle_count": 0,
          "peak_simultaneous_threats": 0,
          "nominal_blocked": false
        },
        {
          "time": 11.96,
          "minimum_predicted_clearance_m": 2.5261263847351074,
          "closest_time_to_contact_seconds": null,
          "threatening_obstacle_count": 0,
          "close_approach_obstacle_count": 0,
          "peak_simultaneous_threats": 0,
          "nominal_blocked": false
        },
        {
          "time": 12.0,
          "minimum_predicted_clearance_m": 2.521200656890869,
          "closest_time_to_contact_seconds": null,
          "threatening_obstacle_count": 0,
          "close_approach_obstacle_count": 0,
          "peak_simultaneous_threats": 0,
          "nominal_blocked": false
        },
        {
          "time": 12.040000000000001,
          "minimum_predicted_clearance_m": 2.516653060913086,
          "closest_time_to_contact_seconds": null,
          "threatening_obstacle_count": 0,
          "close_approach_obstacle_count": 0,
          "peak_simultaneous_threats": 0,
          "nominal_blocked": false
        },
        {
          "time": 12.08,
          "minimum_predicted_clearance_m": 2.5124692916870117,
          "closest_time_to_contact_seconds": null,
          "threatening_obstacle_count": 0,
          "close_approach_obstacle_count": 0,
          "peak_simultaneous_threats": 0,
          "nominal_blocked": false
        },
        {
          "time": 12.120000000000001,
          "minimum_predicted_clearance_m": 2.508633613586426,
          "closest_time_to_contact_seconds": null,
          "threatening_obstacle_count": 0,
          "close_approach_obstacle_count": 0,
          "peak_simultaneous_threats": 0,
          "nominal_blocked": false
        },
        {
          "time": 12.16,
          "minimum_predicted_clearance_m": 2.5051302909851074,
          "closest_time_to_contact_seconds": null,
          "threatening_obstacle_count": 0,
          "close_approach_obstacle_count": 0,
          "peak_simultaneous_threats": 0,
          "nominal_blocked": false
        },
        {
          "time": 12.200000000000001,
          "minimum_predicted_clearance_m": 2.501941680908203,
          "closest_time_to_contact_seconds": null,
          "threatening_obstacle_count": 0,
          "close_approach_obstacle_count": 0,
          "peak_simultaneous_threats": 0,
          "nominal_blocked": false
        },
        {
          "time": 12.24,
          "minimum_predicted_clearance_m": 2.4990501403808594,
          "closest_time_to_contact_seconds": null,
          "threatening_obstacle_count": 0,
          "close_approach_obstacle_count": 0,
          "peak_simultaneous_threats": 0,
          "nominal_blocked": false
        },
        {
          "time": 12.280000000000001,
          "minimum_predicted_clearance_m": 2.4964370727539062,
          "closest_time_to_contact_seconds": null,
          "threatening_obstacle_count": 0,
          "close_approach_obstacle_count": 0,
          "peak_simultaneous_threats": 0,
          "nominal_blocked": false
        },
        {
          "time": 12.32,
          "minimum_predicted_clearance_m": 2.494084358215332,
          "closest_time_to_contact_seconds": null,
          "threatening_obstacle_count": 0,
          "close_approach_obstacle_count": 0,
          "peak_simultaneous_threats": 0,
          "nominal_blocked": false
        },
        {
          "time": 12.36,
          "minimum_predicted_clearance_m": 2.491973876953125,
          "closest_time_to_contact_seconds": null,
          "threatening_obstacle_count": 0,
          "close_approach_obstacle_count": 0,
          "peak_simultaneous_threats": 0,
          "nominal_blocked": false
        },
        {
          "time": 12.4,
          "minimum_predicted_clearance_m": 2.4900882244110107,
          "closest_time_to_contact_seconds": null,
          "threatening_obstacle_count": 0,
          "close_approach_obstacle_count": 0,
          "peak_simultaneous_threats": 0,
          "nominal_blocked": false
        },
        {
          "time": 12.44,
          "minimum_predicted_clearance_m": 2.4884095191955566,
          "closest_time_to_contact_seconds": null,
          "threatening_obstacle_count": 0,
          "close_approach_obstacle_count": 0,
          "peak_simultaneous_threats": 0,
          "nominal_blocked": false
        },
        {
          "time": 12.48,
          "minimum_predicted_clearance_m": 2.486921787261963,
          "closest_time_to_contact_seconds": null,
          "threatening_obstacle_count": 0,
          "close_approach_obstacle_count": 0,
          "peak_simultaneous_threats": 0,
          "nominal_blocked": false
        },
        {
          "time": 12.52,
          "minimum_predicted_clearance_m": 2.4856088161468506,
          "closest_time_to_contact_seconds": null,
          "threatening_obstacle_count": 0,
          "close_approach_obstacle_count": 0,
          "peak_simultaneous_threats": 0,
          "nominal_blocked": false
        },
        {
          "time": 12.56,
          "minimum_predicted_clearance_m": 2.484457015991211,
          "closest_time_to_contact_seconds": null,
          "threatening_obstacle_count": 0,
          "close_approach_obstacle_count": 0,
          "peak_simultaneous_threats": 0,
          "nominal_blocked": false
        },
        {
          "time": 12.6,
          "minimum_predicted_clearance_m": 2.483452081680298,
          "closest_time_to_contact_seconds": null,
          "threatening_obstacle_count": 0,
          "close_approach_obstacle_count": 0,
          "peak_simultaneous_threats": 0,
          "nominal_blocked": false
        },
        {
          "time": 12.64,
          "minimum_predicted_clearance_m": 2.4825825691223145,
          "closest_time_to_contact_seconds": null,
          "threatening_obstacle_count": 0,
          "close_approach_obstacle_count": 0,
          "peak_simultaneous_threats": 0,
          "nominal_blocked": false
        },
        {
          "time": 12.68,
          "minimum_predicted_clearance_m": 2.481837749481201,
          "closest_time_to_contact_seconds": null,
          "threatening_obstacle_count": 0,
          "close_approach_obstacle_count": 0,
          "peak_simultaneous_threats": 0,
          "nominal_blocked": false
        },
        {
          "time": 12.72,
          "minimum_predicted_clearance_m": 2.481208562850952,
          "closest_time_to_contact_seconds": null,
          "threatening_obstacle_count": 0,
          "close_approach_obstacle_count": 0,
          "peak_simultaneous_threats": 0,
          "nominal_blocked": false
        },
        {
          "time": 12.76,
          "minimum_predicted_clearance_m": 2.4806885719299316,
          "closest_time_to_contact_seconds": null,
          "threatening_obstacle_count": 0,
          "close_approach_obstacle_count": 0,
          "peak_simultaneous_threats": 0,
          "nominal_blocked": false
        },
        {
          "time": 12.8,
          "minimum_predicted_clearance_m": 2.480271816253662,
          "closest_time_to_contact_seconds": null,
          "threatening_obstacle_count": 0,
          "close_approach_obstacle_count": 0,
          "peak_simultaneous_threats": 0,
          "nominal_blocked": false
        },
        {
          "time": 12.84,
          "minimum_predicted_clearance_m": 2.479954957962036,
          "closest_time_to_contact_seconds": null,
          "threatening_obstacle_count": 0,
          "close_approach_obstacle_count": 0,
          "peak_simultaneous_threats": 0,
          "nominal_blocked": false
        },
        {
          "time": 12.88,
          "minimum_predicted_clearance_m": 2.479736328125,
          "closest_time_to_contact_seconds": null,
          "threatening_obstacle_count": 0,
          "close_approach_obstacle_count": 0,
          "peak_simultaneous_threats": 0,
          "nominal_blocked": false
        },
        {
          "time": 12.92,
          "minimum_predicted_clearance_m": 2.479616403579712,
          "closest_time_to_contact_seconds": null,
          "threatening_obstacle_count": 0,
          "close_approach_obstacle_count": 0,
          "peak_simultaneous_threats": 0,
          "nominal_blocked": false
        },
        {
          "time": 12.96,
          "minimum_predicted_clearance_m": 2.4795939922332764,
          "closest_time_to_contact_seconds": null,
          "threatening_obstacle_count": 0,
          "close_approach_obstacle_count": 0,
          "peak_simultaneous_threats": 0,
          "nominal_blocked": false
        },
        {
          "time": 13.0,
          "minimum_predicted_clearance_m": 2.4795939922332764,
          "closest_time_to_contact_seconds": null,
          "threatening_obstacle_count": 0,
          "close_approach_obstacle_count": 0,
          "peak_simultaneous_threats": 0,
          "nominal_blocked": false
        },
        {
          "time": 13.040000000000001,
          "minimum_predicted_clearance_m": 2.4795939922332764,
          "closest_time_to_contact_seconds": null,
          "threatening_obstacle_count": 0,
          "close_approach_obstacle_count": 0,
          "peak_simultaneous_threats": 0,
          "nominal_blocked": false
        },
        {
          "time": 13.08,
          "minimum_predicted_clearance_m": 2.4795939922332764,
          "closest_time_to_contact_seconds": null,
          "threatening_obstacle_count": 0,
          "close_approach_obstacle_count": 0,
          "peak_simultaneous_threats": 0,
          "nominal_blocked": false
        },
        {
          "time": 13.120000000000001,
          "minimum_predicted_clearance_m": 2.4795939922332764,
          "closest_time_to_contact_seconds": null,
          "threatening_obstacle_count": 0,
          "close_approach_obstacle_count": 0,
          "peak_simultaneous_threats": 0,
          "nominal_blocked": false
        },
        {
          "time": 13.16,
          "minimum_predicted_clearance_m": 2.4795939922332764,
          "closest_time_to_contact_seconds": null,
          "threatening_obstacle_count": 0,
          "close_approach_obstacle_count": 0,
          "peak_simultaneous_threats": 0,
          "nominal_blocked": false
        },
        {
          "time": 13.200000000000001,
          "minimum_predicted_clearance_m": 2.4795939922332764,
          "closest_time_to_contact_seconds": null,
          "threatening_obstacle_count": 0,
          "close_approach_obstacle_count": 0,
          "peak_simultaneous_threats": 0,
          "nominal_blocked": false
        },
        {
          "time": 13.24,
          "minimum_predicted_clearance_m": 2.4795939922332764,
          "closest_time_to_contact_seconds": null,
          "threatening_obstacle_count": 0,
          "close_approach_obstacle_count": 0,
          "peak_simultaneous_threats": 0,
          "nominal_blocked": false
        },
        {
          "time": 13.280000000000001,
          "minimum_predicted_clearance_m": 2.4795939922332764,
          "closest_time_to_contact_seconds": null,
          "threatening_obstacle_count": 0,
          "close_approach_obstacle_count": 0,
          "peak_simultaneous_threats": 0,
          "nominal_blocked": false
        },
        {
          "time": 13.32,
          "minimum_predicted_clearance_m": 2.4795939922332764,
          "closest_time_to_contact_seconds": null,
          "threatening_obstacle_count": 0,
          "close_approach_obstacle_count": 0,
          "peak_simultaneous_threats": 0,
          "nominal_blocked": false
        },
        {
          "time": 13.36,
          "minimum_predicted_clearance_m": 2.4795939922332764,
          "closest_time_to_contact_seconds": null,
          "threatening_obstacle_count": 0,
          "close_approach_obstacle_count": 0,
          "peak_simultaneous_threats": 0,
          "nominal_blocked": false
        },
        {
          "time": 13.4,
          "minimum_predicted_clearance_m": 2.4795939922332764,
          "closest_time_to_contact_seconds": null,
          "threatening_obstacle_count": 0,
          "close_approach_obstacle_count": 0,
          "peak_simultaneous_threats": 0,
          "nominal_blocked": false
        },
        {
          "time": 13.44,
          "minimum_predicted_clearance_m": 2.4795939922332764,
          "closest_time_to_contact_seconds": null,
          "threatening_obstacle_count": 0,
          "close_approach_obstacle_count": 0,
          "peak_simultaneous_threats": 0,
          "nominal_blocked": false
        },
        {
          "time": 13.48,
          "minimum_predicted_clearance_m": 2.4795939922332764,
          "closest_time_to_contact_seconds": null,
          "threatening_obstacle_count": 0,
          "close_approach_obstacle_count": 0,
          "peak_simultaneous_threats": 0,
          "nominal_blocked": false
        },
        {
          "time": 13.52,
          "minimum_predicted_clearance_m": 2.4795939922332764,
          "closest_time_to_contact_seconds": null,
          "threatening_obstacle_count": 0,
          "close_approach_obstacle_count": 0,
          "peak_simultaneous_threats": 0,
          "nominal_blocked": false
        },
        {
          "time": 13.56,
          "minimum_predicted_clearance_m": 2.4795939922332764,
          "closest_time_to_contact_seconds": null,
          "threatening_obstacle_count": 0,
          "close_approach_obstacle_count": 0,
          "peak_simultaneous_threats": 0,
          "nominal_blocked": false
        },
        {
          "time": 13.6,
          "minimum_predicted_clearance_m": 2.4795939922332764,
          "closest_time_to_contact_seconds": null,
          "threatening_obstacle_count": 0,
          "close_approach_obstacle_count": 0,
          "peak_simultaneous_threats": 0,
          "nominal_blocked": false
        },
        {
          "time": 13.64,
          "minimum_predicted_clearance_m": 2.4795939922332764,
          "closest_time_to_contact_seconds": null,
          "threatening_obstacle_count": 0,
          "close_approach_obstacle_count": 0,
          "peak_simultaneous_threats": 0,
          "nominal_blocked": false
        },
        {
          "time": 13.68,
          "minimum_predicted_clearance_m": 2.4795939922332764,
          "closest_time_to_contact_seconds": null,
          "threatening_obstacle_count": 0,
          "close_approach_obstacle_count": 0,
          "peak_simultaneous_threats": 0,
          "nominal_blocked": false
        },
        {
          "time": 13.72,
          "minimum_predicted_clearance_m": 2.4795939922332764,
          "closest_time_to_contact_seconds": null,
          "threatening_obstacle_count": 0,
          "close_approach_obstacle_count": 0,
          "peak_simultaneous_threats": 0,
          "nominal_blocked": false
        },
        {
          "time": 13.76,
          "minimum_predicted_clearance_m": 2.4795939922332764,
          "closest_time_to_contact_seconds": null,
          "threatening_obstacle_count": 0,
          "close_approach_obstacle_count": 0,
          "peak_simultaneous_threats": 0,
          "nominal_blocked": false
        },
        {
          "time": 13.8,
          "minimum_predicted_clearance_m": 2.4795939922332764,
          "closest_time_to_contact_seconds": null,
          "threatening_obstacle_count": 0,
          "close_approach_obstacle_count": 0,
          "peak_simultaneous_threats": 0,
          "nominal_blocked": false
        },
        {
          "time": 13.84,
          "minimum_predicted_clearance_m": 2.4795939922332764,
          "closest_time_to_contact_seconds": null,
          "threatening_obstacle_count": 0,
          "close_approach_obstacle_count": 0,
          "peak_simultaneous_threats": 0,
          "nominal_blocked": false
        },
        {
          "time": 13.88,
          "minimum_predicted_clearance_m": 2.4795939922332764,
          "closest_time_to_contact_seconds": null,
          "threatening_obstacle_count": 0,
          "close_approach_obstacle_count": 0,
          "peak_simultaneous_threats": 0,
          "nominal_blocked": false
        },
        {
          "time": 13.92,
          "minimum_predicted_clearance_m": 2.4795939922332764,
          "closest_time_to_contact_seconds": null,
          "threatening_obstacle_count": 0,
          "close_approach_obstacle_count": 0,
          "peak_simultaneous_threats": 0,
          "nominal_blocked": false
        },
        {
          "time": 13.96,
          "minimum_predicted_clearance_m": 2.4795939922332764,
          "closest_time_to_contact_seconds": null,
          "threatening_obstacle_count": 0,
          "close_approach_obstacle_count": 0,
          "peak_simultaneous_threats": 0,
          "nominal_blocked": false
        },
        {
          "time": 14.0,
          "minimum_predicted_clearance_m": 2.4795939922332764,
          "closest_time_to_contact_seconds": null,
          "threatening_obstacle_count": 0,
          "close_approach_obstacle_count": 0,
          "peak_simultaneous_threats": 0,
          "nominal_blocked": false
        },
        {
          "time": 14.040000000000001,
          "minimum_predicted_clearance_m": 2.4795939922332764,
          "closest_time_to_contact_seconds": null,
          "threatening_obstacle_count": 0,
          "close_approach_obstacle_count": 0,
          "peak_simultaneous_threats": 0,
          "nominal_blocked": false
        },
        {
          "time": 14.08,
          "minimum_predicted_clearance_m": 2.4795939922332764,
          "closest_time_to_contact_seconds": null,
          "threatening_obstacle_count": 0,
          "close_approach_obstacle_count": 0,
          "peak_simultaneous_threats": 0,
          "nominal_blocked": false
        },
        {
          "time": 14.120000000000001,
          "minimum_predicted_clearance_m": 2.4795939922332764,
          "closest_time_to_contact_seconds": null,
          "threatening_obstacle_count": 0,
          "close_approach_obstacle_count": 0,
          "peak_simultaneous_threats": 0,
          "nominal_blocked": false
        },
        {
          "time": 14.16,
          "minimum_predicted_clearance_m": 2.4795968532562256,
          "closest_time_to_contact_seconds": null,
          "threatening_obstacle_count": 0,
          "close_approach_obstacle_count": 0,
          "peak_simultaneous_threats": 0,
          "nominal_blocked": false
        },
        {
          "time": 14.200000000000001,
          "minimum_predicted_clearance_m": 2.479682207107544,
          "closest_time_to_contact_seconds": null,
          "threatening_obstacle_count": 0,
          "close_approach_obstacle_count": 0,
          "peak_simultaneous_threats": 0,
          "nominal_blocked": false
        },
        {
          "time": 14.24,
          "minimum_predicted_clearance_m": 2.4798777103424072,
          "closest_time_to_contact_seconds": null,
          "threatening_obstacle_count": 0,
          "close_approach_obstacle_count": 0,
          "peak_simultaneous_threats": 0,
          "nominal_blocked": false
        },
        {
          "time": 14.280000000000001,
          "minimum_predicted_clearance_m": 2.4801907539367676,
          "closest_time_to_contact_seconds": null,
          "threatening_obstacle_count": 0,
          "close_approach_obstacle_count": 0,
          "peak_simultaneous_threats": 0,
          "nominal_blocked": false
        },
        {
          "time": 14.32,
          "minimum_predicted_clearance_m": 2.4806313514709473,
          "closest_time_to_contact_seconds": null,
          "threatening_obstacle_count": 0,
          "close_approach_obstacle_count": 0,
          "peak_simultaneous_threats": 0,
          "nominal_blocked": false
        },
        {
          "time": 14.36,
          "minimum_predicted_clearance_m": 2.4812097549438477,
          "closest_time_to_contact_seconds": null,
          "threatening_obstacle_count": 0,
          "close_approach_obstacle_count": 0,
          "peak_simultaneous_threats": 0,
          "nominal_blocked": false
        },
        {
          "time": 14.4,
          "minimum_predicted_clearance_m": 2.481938123703003,
          "closest_time_to_contact_seconds": null,
          "threatening_obstacle_count": 0,
          "close_approach_obstacle_count": 0,
          "peak_simultaneous_threats": 0,
          "nominal_blocked": false
        },
        {
          "time": 14.44,
          "minimum_predicted_clearance_m": 2.4828295707702637,
          "closest_time_to_contact_seconds": null,
          "threatening_obstacle_count": 0,
          "close_approach_obstacle_count": 0,
          "peak_simultaneous_threats": 0,
          "nominal_blocked": false
        },
        {
          "time": 14.48,
          "minimum_predicted_clearance_m": 2.4838993549346924,
          "closest_time_to_contact_seconds": null,
          "threatening_obstacle_count": 0,
          "close_approach_obstacle_count": 0,
          "peak_simultaneous_threats": 0,
          "nominal_blocked": false
        },
        {
          "time": 14.52,
          "minimum_predicted_clearance_m": 2.485161781311035,
          "closest_time_to_contact_seconds": null,
          "threatening_obstacle_count": 0,
          "close_approach_obstacle_count": 0,
          "peak_simultaneous_threats": 0,
          "nominal_blocked": false
        },
        {
          "time": 14.56,
          "minimum_predicted_clearance_m": 2.4866340160369873,
          "closest_time_to_contact_seconds": null,
          "threatening_obstacle_count": 0,
          "close_approach_obstacle_count": 0,
          "peak_simultaneous_threats": 0,
          "nominal_blocked": false
        },
        {
          "time": 14.6,
          "minimum_predicted_clearance_m": 2.4883320331573486,
          "closest_time_to_contact_seconds": null,
          "threatening_obstacle_count": 0,
          "close_approach_obstacle_count": 0,
          "peak_simultaneous_threats": 0,
          "nominal_blocked": false
        },
        {
          "time": 14.64,
          "minimum_predicted_clearance_m": 2.4902727603912354,
          "closest_time_to_contact_seconds": null,
          "threatening_obstacle_count": 0,
          "close_approach_obstacle_count": 0,
          "peak_simultaneous_threats": 0,
          "nominal_blocked": false
        },
        {
          "time": 14.68,
          "minimum_predicted_clearance_m": 2.4924733638763428,
          "closest_time_to_contact_seconds": null,
          "threatening_obstacle_count": 0,
          "close_approach_obstacle_count": 0,
          "peak_simultaneous_threats": 0,
          "nominal_blocked": false
        },
        {
          "time": 14.72,
          "minimum_predicted_clearance_m": 2.494950294494629,
          "closest_time_to_contact_seconds": null,
          "threatening_obstacle_count": 0,
          "close_approach_obstacle_count": 0,
          "peak_simultaneous_threats": 0,
          "nominal_blocked": false
        },
        {
          "time": 14.76,
          "minimum_predicted_clearance_m": 2.4977195262908936,
          "closest_time_to_contact_seconds": null,
          "threatening_obstacle_count": 0,
          "close_approach_obstacle_count": 0,
          "peak_simultaneous_threats": 0,
          "nominal_blocked": false
        },
        {
          "time": 14.8,
          "minimum_predicted_clearance_m": 2.5007965564727783,
          "closest_time_to_contact_seconds": null,
          "threatening_obstacle_count": 0,
          "close_approach_obstacle_count": 0,
          "peak_simultaneous_threats": 0,
          "nominal_blocked": false
        },
        {
          "time": 14.84,
          "minimum_predicted_clearance_m": 2.5041959285736084,
          "closest_time_to_contact_seconds": null,
          "threatening_obstacle_count": 0,
          "close_approach_obstacle_count": 0,
          "peak_simultaneous_threats": 0,
          "nominal_blocked": false
        },
        {
          "time": 14.88,
          "minimum_predicted_clearance_m": 2.5079307556152344,
          "closest_time_to_contact_seconds": null,
          "threatening_obstacle_count": 0,
          "close_approach_obstacle_count": 0,
          "peak_simultaneous_threats": 0,
          "nominal_blocked": false
        },
        {
          "time": 14.92,
          "minimum_predicted_clearance_m": 2.512012243270874,
          "closest_time_to_contact_seconds": null,
          "threatening_obstacle_count": 0,
          "close_approach_obstacle_count": 0,
          "peak_simultaneous_threats": 0,
          "nominal_blocked": false
        },
        {
          "time": 14.96,
          "minimum_predicted_clearance_m": 2.516451120376587,
          "closest_time_to_contact_seconds": null,
          "threatening_obstacle_count": 0,
          "close_approach_obstacle_count": 0,
          "peak_simultaneous_threats": 0,
          "nominal_blocked": false
        },
        {
          "time": 15.0,
          "minimum_predicted_clearance_m": 2.5212552547454834,
          "closest_time_to_contact_seconds": null,
          "threatening_obstacle_count": 0,
          "close_approach_obstacle_count": 0,
          "peak_simultaneous_threats": 0,
          "nominal_blocked": false
        },
        {
          "time": 15.040000000000001,
          "minimum_predicted_clearance_m": 2.526430606842041,
          "closest_time_to_contact_seconds": null,
          "threatening_obstacle_count": 0,
          "close_approach_obstacle_count": 0,
          "peak_simultaneous_threats": 0,
          "nominal_blocked": false
        },
        {
          "time": 15.08,
          "minimum_predicted_clearance_m": 2.5319807529449463,
          "closest_time_to_contact_seconds": null,
          "threatening_obstacle_count": 0,
          "close_approach_obstacle_count": 0,
          "peak_simultaneous_threats": 0,
          "nominal_blocked": false
        },
        {
          "time": 15.120000000000001,
          "minimum_predicted_clearance_m": 2.537907361984253,
          "closest_time_to_contact_seconds": null,
          "threatening_obstacle_count": 0,
          "close_approach_obstacle_count": 0,
          "peak_simultaneous_threats": 0,
          "nominal_blocked": false
        },
        {
          "time": 15.16,
          "minimum_predicted_clearance_m": 2.544208526611328,
          "closest_time_to_contact_seconds": null,
          "threatening_obstacle_count": 0,
          "close_approach_obstacle_count": 0,
          "peak_simultaneous_threats": 0,
          "nominal_blocked": false
        },
        {
          "time": 15.200000000000001,
          "minimum_predicted_clearance_m": 2.5508806705474854,
          "closest_time_to_contact_seconds": null,
          "threatening_obstacle_count": 0,
          "close_approach_obstacle_count": 0,
          "peak_simultaneous_threats": 0,
          "nominal_blocked": false
        },
        {
          "time": 15.24,
          "minimum_predicted_clearance_m": 2.5579168796539307,
          "closest_time_to_contact_seconds": null,
          "threatening_obstacle_count": 0,
          "close_approach_obstacle_count": 0,
          "peak_simultaneous_threats": 0,
          "nominal_blocked": false
        },
        {
          "time": 15.280000000000001,
          "minimum_predicted_clearance_m": 2.565307378768921,
          "closest_time_to_contact_seconds": null,
          "threatening_obstacle_count": 0,
          "close_approach_obstacle_count": 0,
          "peak_simultaneous_threats": 0,
          "nominal_blocked": false
        },
        {
          "time": 15.32,
          "minimum_predicted_clearance_m": 2.573040008544922,
          "closest_time_to_contact_seconds": null,
          "threatening_obstacle_count": 0,
          "close_approach_obstacle_count": 0,
          "peak_simultaneous_threats": 0,
          "nominal_blocked": false
        },
        {
          "time": 15.36,
          "minimum_predicted_clearance_m": 2.581099033355713,
          "closest_time_to_contact_seconds": null,
          "threatening_obstacle_count": 0,
          "close_approach_obstacle_count": 0,
          "peak_simultaneous_threats": 0,
          "nominal_blocked": false
        },
        {
          "time": 15.4,
          "minimum_predicted_clearance_m": 2.5894663333892822,
          "closest_time_to_contact_seconds": null,
          "threatening_obstacle_count": 0,
          "close_approach_obstacle_count": 0,
          "peak_simultaneous_threats": 0,
          "nominal_blocked": false
        },
        {
          "time": 15.44,
          "minimum_predicted_clearance_m": 2.5981216430664062,
          "closest_time_to_contact_seconds": null,
          "threatening_obstacle_count": 0,
          "close_approach_obstacle_count": 0,
          "peak_simultaneous_threats": 0,
          "nominal_blocked": false
        },
        {
          "time": 15.48,
          "minimum_predicted_clearance_m": 2.6070406436920166,
          "closest_time_to_contact_seconds": null,
          "threatening_obstacle_count": 0,
          "close_approach_obstacle_count": 0,
          "peak_simultaneous_threats": 0,
          "nominal_blocked": false
        },
        {
          "time": 15.52,
          "minimum_predicted_clearance_m": 2.6161978244781494,
          "closest_time_to_contact_seconds": null,
          "threatening_obstacle_count": 0,
          "close_approach_obstacle_count": 0,
          "peak_simultaneous_threats": 0,
          "nominal_blocked": false
        },
        {
          "time": 15.56,
          "minimum_predicted_clearance_m": 2.6255645751953125,
          "closest_time_to_contact_seconds": null,
          "threatening_obstacle_count": 0,
          "close_approach_obstacle_count": 0,
          "peak_simultaneous_threats": 0,
          "nominal_blocked": false
        },
        {
          "time": 15.6,
          "minimum_predicted_clearance_m": 2.6351101398468018,
          "closest_time_to_contact_seconds": null,
          "threatening_obstacle_count": 0,
          "close_approach_obstacle_count": 0,
          "peak_simultaneous_threats": 0,
          "nominal_blocked": false
        },
        {
          "time": 15.64,
          "minimum_predicted_clearance_m": 2.644801616668701,
          "closest_time_to_contact_seconds": null,
          "threatening_obstacle_count": 0,
          "close_approach_obstacle_count": 0,
          "peak_simultaneous_threats": 0,
          "nominal_blocked": false
        },
        {
          "time": 15.68,
          "minimum_predicted_clearance_m": 2.65460467338562,
          "closest_time_to_contact_seconds": null,
          "threatening_obstacle_count": 0,
          "close_approach_obstacle_count": 0,
          "peak_simultaneous_threats": 0,
          "nominal_blocked": false
        },
        {
          "time": 15.72,
          "minimum_predicted_clearance_m": 2.664483070373535,
          "closest_time_to_contact_seconds": null,
          "threatening_obstacle_count": 0,
          "close_approach_obstacle_count": 0,
          "peak_simultaneous_threats": 0,
          "nominal_blocked": false
        },
        {
          "time": 15.76,
          "minimum_predicted_clearance_m": 2.67439866065979,
          "closest_time_to_contact_seconds": null,
          "threatening_obstacle_count": 0,
          "close_approach_obstacle_count": 0,
          "peak_simultaneous_threats": 0,
          "nominal_blocked": false
        },
        {
          "time": 15.8,
          "minimum_predicted_clearance_m": 2.6843130588531494,
          "closest_time_to_contact_seconds": null,
          "threatening_obstacle_count": 0,
          "close_approach_obstacle_count": 0,
          "peak_simultaneous_threats": 0,
          "nominal_blocked": false
        },
        {
          "time": 15.84,
          "minimum_predicted_clearance_m": 2.6941864490509033,
          "closest_time_to_contact_seconds": null,
          "threatening_obstacle_count": 0,
          "close_approach_obstacle_count": 0,
          "peak_simultaneous_threats": 0,
          "nominal_blocked": false
        },
        {
          "time": 15.88,
          "minimum_predicted_clearance_m": 2.7039787769317627,
          "closest_time_to_contact_seconds": null,
          "threatening_obstacle_count": 0,
          "close_approach_obstacle_count": 0,
          "peak_simultaneous_threats": 0,
          "nominal_blocked": false
        },
        {
          "time": 15.92,
          "minimum_predicted_clearance_m": 2.713648557662964,
          "closest_time_to_contact_seconds": null,
          "threatening_obstacle_count": 0,
          "close_approach_obstacle_count": 0,
          "peak_simultaneous_threats": 0,
          "nominal_blocked": false
        },
        {
          "time": 15.96,
          "minimum_predicted_clearance_m": 2.7231554985046387,
          "closest_time_to_contact_seconds": null,
          "threatening_obstacle_count": 0,
          "close_approach_obstacle_count": 0,
          "peak_simultaneous_threats": 0,
          "nominal_blocked": false
        },
        {
          "time": 16.0,
          "minimum_predicted_clearance_m": 2.72528076171875,
          "closest_time_to_contact_seconds": null,
          "threatening_obstacle_count": 0,
          "close_approach_obstacle_count": 0,
          "peak_simultaneous_threats": 0,
          "nominal_blocked": false
        },
        {
          "time": 16.04,
          "minimum_predicted_clearance_m": 2.7158002853393555,
          "closest_time_to_contact_seconds": null,
          "threatening_obstacle_count": 0,
          "close_approach_obstacle_count": 0,
          "peak_simultaneous_threats": 0,
          "nominal_blocked": false
        },
        {
          "time": 16.080000000000002,
          "minimum_predicted_clearance_m": 2.70620059967041,
          "closest_time_to_contact_seconds": null,
          "threatening_obstacle_count": 0,
          "close_approach_obstacle_count": 0,
          "peak_simultaneous_threats": 0,
          "nominal_blocked": false
        },
        {
          "time": 16.12,
          "minimum_predicted_clearance_m": 2.6965203285217285,
          "closest_time_to_contact_seconds": null,
          "threatening_obstacle_count": 0,
          "close_approach_obstacle_count": 0,
          "peak_simultaneous_threats": 0,
          "nominal_blocked": false
        },
        {
          "time": 16.16,
          "minimum_predicted_clearance_m": 2.686797618865967,
          "closest_time_to_contact_seconds": null,
          "threatening_obstacle_count": 0,
          "close_approach_obstacle_count": 0,
          "peak_simultaneous_threats": 0,
          "nominal_blocked": false
        },
        {
          "time": 16.2,
          "minimum_predicted_clearance_m": 2.677070140838623,
          "closest_time_to_contact_seconds": null,
          "threatening_obstacle_count": 0,
          "close_approach_obstacle_count": 0,
          "peak_simultaneous_threats": 0,
          "nominal_blocked": false
        },
        {
          "time": 16.240000000000002,
          "minimum_predicted_clearance_m": 2.6673755645751953,
          "closest_time_to_contact_seconds": null,
          "threatening_obstacle_count": 0,
          "close_approach_obstacle_count": 0,
          "peak_simultaneous_threats": 0,
          "nominal_blocked": false
        },
        {
          "time": 16.28,
          "minimum_predicted_clearance_m": 2.65775203704834,
          "closest_time_to_contact_seconds": null,
          "threatening_obstacle_count": 0,
          "close_approach_obstacle_count": 0,
          "peak_simultaneous_threats": 0,
          "nominal_blocked": false
        },
        {
          "time": 16.32,
          "minimum_predicted_clearance_m": 2.6482367515563965,
          "closest_time_to_contact_seconds": null,
          "threatening_obstacle_count": 0,
          "close_approach_obstacle_count": 0,
          "peak_simultaneous_threats": 0,
          "nominal_blocked": false
        },
        {
          "time": 16.36,
          "minimum_predicted_clearance_m": 2.638866424560547,
          "closest_time_to_contact_seconds": null,
          "threatening_obstacle_count": 0,
          "close_approach_obstacle_count": 0,
          "peak_simultaneous_threats": 0,
          "nominal_blocked": false
        },
        {
          "time": 16.4,
          "minimum_predicted_clearance_m": 2.629676342010498,
          "closest_time_to_contact_seconds": null,
          "threatening_obstacle_count": 0,
          "close_approach_obstacle_count": 0,
          "peak_simultaneous_threats": 0,
          "nominal_blocked": false
        },
        {
          "time": 16.44,
          "minimum_predicted_clearance_m": 2.6207008361816406,
          "closest_time_to_contact_seconds": null,
          "threatening_obstacle_count": 0,
          "close_approach_obstacle_count": 0,
          "peak_simultaneous_threats": 0,
          "nominal_blocked": false
        },
        {
          "time": 16.48,
          "minimum_predicted_clearance_m": 2.611973285675049,
          "closest_time_to_contact_seconds": null,
          "threatening_obstacle_count": 0,
          "close_approach_obstacle_count": 0,
          "peak_simultaneous_threats": 0,
          "nominal_blocked": false
        },
        {
          "time": 16.52,
          "minimum_predicted_clearance_m": 2.6035265922546387,
          "closest_time_to_contact_seconds": null,
          "threatening_obstacle_count": 0,
          "close_approach_obstacle_count": 0,
          "peak_simultaneous_threats": 0,
          "nominal_blocked": false
        },
        {
          "time": 16.56,
          "minimum_predicted_clearance_m": 2.5953903198242188,
          "closest_time_to_contact_seconds": null,
          "threatening_obstacle_count": 0,
          "close_approach_obstacle_count": 0,
          "peak_simultaneous_threats": 0,
          "nominal_blocked": false
        },
        {
          "time": 16.6,
          "minimum_predicted_clearance_m": 2.5875930786132812,
          "closest_time_to_contact_seconds": null,
          "threatening_obstacle_count": 0,
          "close_approach_obstacle_count": 0,
          "peak_simultaneous_threats": 0,
          "nominal_blocked": false
        },
        {
          "time": 16.64,
          "minimum_predicted_clearance_m": 2.580160140991211,
          "closest_time_to_contact_seconds": null,
          "threatening_obstacle_count": 0,
          "close_approach_obstacle_count": 0,
          "peak_simultaneous_threats": 0,
          "nominal_blocked": false
        },
        {
          "time": 16.68,
          "minimum_predicted_clearance_m": 2.5731163024902344,
          "closest_time_to_contact_seconds": null,
          "threatening_obstacle_count": 0,
          "close_approach_obstacle_count": 0,
          "peak_simultaneous_threats": 0,
          "nominal_blocked": false
        },
        {
          "time": 16.72,
          "minimum_predicted_clearance_m": 2.5664844512939453,
          "closest_time_to_contact_seconds": null,
          "threatening_obstacle_count": 0,
          "close_approach_obstacle_count": 0,
          "peak_simultaneous_threats": 0,
          "nominal_blocked": false
        },
        {
          "time": 16.76,
          "minimum_predicted_clearance_m": 2.5602831840515137,
          "closest_time_to_contact_seconds": null,
          "threatening_obstacle_count": 0,
          "close_approach_obstacle_count": 0,
          "peak_simultaneous_threats": 0,
          "nominal_blocked": false
        },
        {
          "time": 16.8,
          "minimum_predicted_clearance_m": 2.5545296669006348,
          "closest_time_to_contact_seconds": null,
          "threatening_obstacle_count": 0,
          "close_approach_obstacle_count": 0,
          "peak_simultaneous_threats": 0,
          "nominal_blocked": false
        },
        {
          "time": 16.84,
          "minimum_predicted_clearance_m": 2.549238681793213,
          "closest_time_to_contact_seconds": null,
          "threatening_obstacle_count": 0,
          "close_approach_obstacle_count": 0,
          "peak_simultaneous_threats": 0,
          "nominal_blocked": false
        },
        {
          "time": 16.88,
          "minimum_predicted_clearance_m": 2.544419765472412,
          "closest_time_to_contact_seconds": null,
          "threatening_obstacle_count": 0,
          "close_approach_obstacle_count": 0,
          "peak_simultaneous_threats": 0,
          "nominal_blocked": false
        },
        {
          "time": 16.92,
          "minimum_predicted_clearance_m": 2.540083885192871,
          "closest_time_to_contact_seconds": null,
          "threatening_obstacle_count": 0,
          "close_approach_obstacle_count": 0,
          "peak_simultaneous_threats": 0,
          "nominal_blocked": false
        },
        {
          "time": 16.96,
          "minimum_predicted_clearance_m": 2.536235809326172,
          "closest_time_to_contact_seconds": null,
          "threatening_obstacle_count": 0,
          "close_approach_obstacle_count": 0,
          "peak_simultaneous_threats": 0,
          "nominal_blocked": false
        },
        {
          "time": 17.0,
          "minimum_predicted_clearance_m": 2.53287935256958,
          "closest_time_to_contact_seconds": null,
          "threatening_obstacle_count": 0,
          "close_approach_obstacle_count": 0,
          "peak_simultaneous_threats": 0,
          "nominal_blocked": false
        },
        {
          "time": 17.04,
          "minimum_predicted_clearance_m": 2.5300135612487793,
          "closest_time_to_contact_seconds": null,
          "threatening_obstacle_count": 0,
          "close_approach_obstacle_count": 0,
          "peak_simultaneous_threats": 0,
          "nominal_blocked": false
        },
        {
          "time": 17.080000000000002,
          "minimum_predicted_clearance_m": 2.5276360511779785,
          "closest_time_to_contact_seconds": null,
          "threatening_obstacle_count": 0,
          "close_approach_obstacle_count": 0,
          "peak_simultaneous_threats": 0,
          "nominal_blocked": false
        },
        {
          "time": 17.12,
          "minimum_predicted_clearance_m": 2.5257411003112793,
          "closest_time_to_contact_seconds": null,
          "threatening_obstacle_count": 0,
          "close_approach_obstacle_count": 0,
          "peak_simultaneous_threats": 0,
          "nominal_blocked": false
        },
        {
          "time": 17.16,
          "minimum_predicted_clearance_m": 2.524320602416992,
          "closest_time_to_contact_seconds": null,
          "threatening_obstacle_count": 0,
          "close_approach_obstacle_count": 0,
          "peak_simultaneous_threats": 0,
          "nominal_blocked": false
        },
        {
          "time": 17.2,
          "minimum_predicted_clearance_m": 2.522980213165283,
          "closest_time_to_contact_seconds": null,
          "threatening_obstacle_count": 0,
          "close_approach_obstacle_count": 0,
          "peak_simultaneous_threats": 0,
          "nominal_blocked": false
        },
        {
          "time": 17.240000000000002,
          "minimum_predicted_clearance_m": 2.5179219245910645,
          "closest_time_to_contact_seconds": null,
          "threatening_obstacle_count": 0,
          "close_approach_obstacle_count": 0,
          "peak_simultaneous_threats": 0,
          "nominal_blocked": false
        },
        {
          "time": 17.28,
          "minimum_predicted_clearance_m": 2.513230085372925,
          "closest_time_to_contact_seconds": null,
          "threatening_obstacle_count": 0,
          "close_approach_obstacle_count": 0,
          "peak_simultaneous_threats": 0,
          "nominal_blocked": false
        },
        {
          "time": 17.32,
          "minimum_predicted_clearance_m": 2.508897542953491,
          "closest_time_to_contact_seconds": null,
          "threatening_obstacle_count": 0,
          "close_approach_obstacle_count": 0,
          "peak_simultaneous_threats": 0,
          "nominal_blocked": false
        },
        {
          "time": 17.36,
          "minimum_predicted_clearance_m": 2.5049147605895996,
          "closest_time_to_contact_seconds": null,
          "threatening_obstacle_count": 0,
          "close_approach_obstacle_count": 0,
          "peak_simultaneous_threats": 0,
          "nominal_blocked": false
        },
        {
          "time": 17.400000000000002,
          "minimum_predicted_clearance_m": 2.501270055770874,
          "closest_time_to_contact_seconds": null,
          "threatening_obstacle_count": 0,
          "close_approach_obstacle_count": 0,
          "peak_simultaneous_threats": 0,
          "nominal_blocked": false
        },
        {
          "time": 17.44,
          "minimum_predicted_clearance_m": 2.497951030731201,
          "closest_time_to_contact_seconds": null,
          "threatening_obstacle_count": 0,
          "close_approach_obstacle_count": 0,
          "peak_simultaneous_threats": 0,
          "nominal_blocked": false
        },
        {
          "time": 17.48,
          "minimum_predicted_clearance_m": 2.494943380355835,
          "closest_time_to_contact_seconds": null,
          "threatening_obstacle_count": 0,
          "close_approach_obstacle_count": 0,
          "peak_simultaneous_threats": 0,
          "nominal_blocked": false
        },
        {
          "time": 17.52,
          "minimum_predicted_clearance_m": 2.492232084274292,
          "closest_time_to_contact_seconds": null,
          "threatening_obstacle_count": 0,
          "close_approach_obstacle_count": 0,
          "peak_simultaneous_threats": 0,
          "nominal_blocked": false
        },
        {
          "time": 17.56,
          "minimum_predicted_clearance_m": 2.489800453186035,
          "closest_time_to_contact_seconds": null,
          "threatening_obstacle_count": 0,
          "close_approach_obstacle_count": 0,
          "peak_simultaneous_threats": 0,
          "nominal_blocked": false
        },
        {
          "time": 17.6,
          "minimum_predicted_clearance_m": 2.4876315593719482,
          "closest_time_to_contact_seconds": null,
          "threatening_obstacle_count": 0,
          "close_approach_obstacle_count": 0,
          "peak_simultaneous_threats": 0,
          "nominal_blocked": false
        },
        {
          "time": 17.64,
          "minimum_predicted_clearance_m": 2.485708475112915,
          "closest_time_to_contact_seconds": null,
          "threatening_obstacle_count": 0,
          "close_approach_obstacle_count": 0,
          "peak_simultaneous_threats": 0,
          "nominal_blocked": false
        },
        {
          "time": 17.68,
          "minimum_predicted_clearance_m": 2.4840147495269775,
          "closest_time_to_contact_seconds": null,
          "threatening_obstacle_count": 0,
          "close_approach_obstacle_count": 0,
          "peak_simultaneous_threats": 0,
          "nominal_blocked": false
        },
        {
          "time": 17.72,
          "minimum_predicted_clearance_m": 2.482532501220703,
          "closest_time_to_contact_seconds": null,
          "threatening_obstacle_count": 0,
          "close_approach_obstacle_count": 0,
          "peak_simultaneous_threats": 0,
          "nominal_blocked": false
        },
        {
          "time": 17.76,
          "minimum_predicted_clearance_m": 2.4812445640563965,
          "closest_time_to_contact_seconds": null,
          "threatening_obstacle_count": 0,
          "close_approach_obstacle_count": 0,
          "peak_simultaneous_threats": 0,
          "nominal_blocked": false
        },
        {
          "time": 17.8,
          "minimum_predicted_clearance_m": 2.480135679244995,
          "closest_time_to_contact_seconds": null,
          "threatening_obstacle_count": 0,
          "close_approach_obstacle_count": 0,
          "peak_simultaneous_threats": 0,
          "nominal_blocked": false
        },
        {
          "time": 17.84,
          "minimum_predicted_clearance_m": 2.4791903495788574,
          "closest_time_to_contact_seconds": null,
          "threatening_obstacle_count": 0,
          "close_approach_obstacle_count": 0,
          "peak_simultaneous_threats": 0,
          "nominal_blocked": false
        },
        {
          "time": 17.88,
          "minimum_predicted_clearance_m": 2.4783945083618164,
          "closest_time_to_contact_seconds": null,
          "threatening_obstacle_count": 0,
          "close_approach_obstacle_count": 0,
          "peak_simultaneous_threats": 0,
          "nominal_blocked": false
        },
        {
          "time": 17.92,
          "minimum_predicted_clearance_m": 2.4777355194091797,
          "closest_time_to_contact_seconds": null,
          "threatening_obstacle_count": 0,
          "close_approach_obstacle_count": 0,
          "peak_simultaneous_threats": 0,
          "nominal_blocked": false
        },
        {
          "time": 17.96,
          "minimum_predicted_clearance_m": 2.4772017002105713,
          "closest_time_to_contact_seconds": null,
          "threatening_obstacle_count": 0,
          "close_approach_obstacle_count": 0,
          "peak_simultaneous_threats": 0,
          "nominal_blocked": false
        },
        {
          "time": 18.0,
          "minimum_predicted_clearance_m": 2.476783275604248,
          "closest_time_to_contact_seconds": null,
          "threatening_obstacle_count": 0,
          "close_approach_obstacle_count": 0,
          "peak_simultaneous_threats": 0,
          "nominal_blocked": false
        },
        {
          "time": 18.04,
          "minimum_predicted_clearance_m": 2.4764726161956787,
          "closest_time_to_contact_seconds": null,
          "threatening_obstacle_count": 0,
          "close_approach_obstacle_count": 0,
          "peak_simultaneous_threats": 0,
          "nominal_blocked": false
        },
        {
          "time": 18.080000000000002,
          "minimum_predicted_clearance_m": 2.4762630462646484,
          "closest_time_to_contact_seconds": null,
          "threatening_obstacle_count": 0,
          "close_approach_obstacle_count": 0,
          "peak_simultaneous_threats": 0,
          "nominal_blocked": false
        },
        {
          "time": 18.12,
          "minimum_predicted_clearance_m": 2.4761505126953125,
          "closest_time_to_contact_seconds": null,
          "threatening_obstacle_count": 0,
          "close_approach_obstacle_count": 0,
          "peak_simultaneous_threats": 0,
          "nominal_blocked": false
        },
        {
          "time": 18.16,
          "minimum_predicted_clearance_m": 2.4761295318603516,
          "closest_time_to_contact_seconds": null,
          "threatening_obstacle_count": 0,
          "close_approach_obstacle_count": 0,
          "peak_simultaneous_threats": 0,
          "nominal_blocked": false
        },
        {
          "time": 18.2,
          "minimum_predicted_clearance_m": 2.4761295318603516,
          "closest_time_to_contact_seconds": null,
          "threatening_obstacle_count": 0,
          "close_approach_obstacle_count": 0,
          "peak_simultaneous_threats": 0,
          "nominal_blocked": false
        },
        {
          "time": 18.240000000000002,
          "minimum_predicted_clearance_m": 2.4761295318603516,
          "closest_time_to_contact_seconds": null,
          "threatening_obstacle_count": 0,
          "close_approach_obstacle_count": 0,
          "peak_simultaneous_threats": 0,
          "nominal_blocked": false
        },
        {
          "time": 18.28,
          "minimum_predicted_clearance_m": 2.4761295318603516,
          "closest_time_to_contact_seconds": null,
          "threatening_obstacle_count": 0,
          "close_approach_obstacle_count": 0,
          "peak_simultaneous_threats": 0,
          "nominal_blocked": false
        },
        {
          "time": 18.32,
          "minimum_predicted_clearance_m": 2.4761295318603516,
          "closest_time_to_contact_seconds": null,
          "threatening_obstacle_count": 0,
          "close_approach_obstacle_count": 0,
          "peak_simultaneous_threats": 0,
          "nominal_blocked": false
        },
        {
          "time": 18.36,
          "minimum_predicted_clearance_m": 2.4761295318603516,
          "closest_time_to_contact_seconds": null,
          "threatening_obstacle_count": 0,
          "close_approach_obstacle_count": 0,
          "peak_simultaneous_threats": 0,
          "nominal_blocked": false
        },
        {
          "time": 18.400000000000002,
          "minimum_predicted_clearance_m": 2.4761295318603516,
          "closest_time_to_contact_seconds": null,
          "threatening_obstacle_count": 0,
          "close_approach_obstacle_count": 0,
          "peak_simultaneous_threats": 0,
          "nominal_blocked": false
        },
        {
          "time": 18.44,
          "minimum_predicted_clearance_m": 2.4761295318603516,
          "closest_time_to_contact_seconds": null,
          "threatening_obstacle_count": 0,
          "close_approach_obstacle_count": 0,
          "peak_simultaneous_threats": 0,
          "nominal_blocked": false
        },
        {
          "time": 18.48,
          "minimum_predicted_clearance_m": 2.4761295318603516,
          "closest_time_to_contact_seconds": null,
          "threatening_obstacle_count": 0,
          "close_approach_obstacle_count": 0,
          "peak_simultaneous_threats": 0,
          "nominal_blocked": false
        },
        {
          "time": 18.52,
          "minimum_predicted_clearance_m": 2.4761295318603516,
          "closest_time_to_contact_seconds": null,
          "threatening_obstacle_count": 0,
          "close_approach_obstacle_count": 0,
          "peak_simultaneous_threats": 0,
          "nominal_blocked": false
        },
        {
          "time": 18.56,
          "minimum_predicted_clearance_m": 2.4761295318603516,
          "closest_time_to_contact_seconds": null,
          "threatening_obstacle_count": 0,
          "close_approach_obstacle_count": 0,
          "peak_simultaneous_threats": 0,
          "nominal_blocked": false
        },
        {
          "time": 18.6,
          "minimum_predicted_clearance_m": 2.4761295318603516,
          "closest_time_to_contact_seconds": null,
          "threatening_obstacle_count": 0,
          "close_approach_obstacle_count": 0,
          "peak_simultaneous_threats": 0,
          "nominal_blocked": false
        },
        {
          "time": 18.64,
          "minimum_predicted_clearance_m": 2.4761295318603516,
          "closest_time_to_contact_seconds": null,
          "threatening_obstacle_count": 0,
          "close_approach_obstacle_count": 0,
          "peak_simultaneous_threats": 0,
          "nominal_blocked": false
        },
        {
          "time": 18.68,
          "minimum_predicted_clearance_m": 2.4761295318603516,
          "closest_time_to_contact_seconds": null,
          "threatening_obstacle_count": 0,
          "close_approach_obstacle_count": 0,
          "peak_simultaneous_threats": 0,
          "nominal_blocked": false
        },
        {
          "time": 18.72,
          "minimum_predicted_clearance_m": 2.4761295318603516,
          "closest_time_to_contact_seconds": null,
          "threatening_obstacle_count": 0,
          "close_approach_obstacle_count": 0,
          "peak_simultaneous_threats": 0,
          "nominal_blocked": false
        },
        {
          "time": 18.76,
          "minimum_predicted_clearance_m": 2.4761295318603516,
          "closest_time_to_contact_seconds": null,
          "threatening_obstacle_count": 0,
          "close_approach_obstacle_count": 0,
          "peak_simultaneous_threats": 0,
          "nominal_blocked": false
        },
        {
          "time": 18.8,
          "minimum_predicted_clearance_m": 2.4761295318603516,
          "closest_time_to_contact_seconds": null,
          "threatening_obstacle_count": 0,
          "close_approach_obstacle_count": 0,
          "peak_simultaneous_threats": 0,
          "nominal_blocked": false
        },
        {
          "time": 18.84,
          "minimum_predicted_clearance_m": 2.4761295318603516,
          "closest_time_to_contact_seconds": null,
          "threatening_obstacle_count": 0,
          "close_approach_obstacle_count": 0,
          "peak_simultaneous_threats": 0,
          "nominal_blocked": false
        },
        {
          "time": 18.88,
          "minimum_predicted_clearance_m": 2.4761295318603516,
          "closest_time_to_contact_seconds": null,
          "threatening_obstacle_count": 0,
          "close_approach_obstacle_count": 0,
          "peak_simultaneous_threats": 0,
          "nominal_blocked": false
        },
        {
          "time": 18.92,
          "minimum_predicted_clearance_m": 2.4761295318603516,
          "closest_time_to_contact_seconds": null,
          "threatening_obstacle_count": 0,
          "close_approach_obstacle_count": 0,
          "peak_simultaneous_threats": 0,
          "nominal_blocked": false
        },
        {
          "time": 18.96,
          "minimum_predicted_clearance_m": 2.4761295318603516,
          "closest_time_to_contact_seconds": null,
          "threatening_obstacle_count": 0,
          "close_approach_obstacle_count": 0,
          "peak_simultaneous_threats": 0,
          "nominal_blocked": false
        },
        {
          "time": 19.0,
          "minimum_predicted_clearance_m": 2.359102964401245,
          "closest_time_to_contact_seconds": null,
          "threatening_obstacle_count": 0,
          "close_approach_obstacle_count": 0,
          "peak_simultaneous_threats": 0,
          "nominal_blocked": false
        }
      ],
      "publications_and_inputs": [
        {
          "time": 0.0,
          "scheduled_wall_seconds": 0.0,
          "started_wall_seconds": 2.1921005100011826e-06,
          "completed_wall_seconds": 0.046006809920072556,
          "missed_deadline": false,
          "version_used": 460,
          "update_launched": false,
          "finite": false,
          "completed_version": null,
          "controller_seconds": 0.012055088067427278,
          "learner_seconds": 0.0,
          "learner_started_wall_seconds": null,
          "learner_completed_wall_seconds": null,
          "physical_clearance_m": 2.7102885648139146
        },
        {
          "time": 0.04,
          "scheduled_wall_seconds": 0.0400000000372529,
          "started_wall_seconds": 0.046046728966757655,
          "completed_wall_seconds": 0.06426381692290306,
          "missed_deadline": false,
          "version_used": 460,
          "update_launched": false,
          "finite": false,
          "completed_version": null,
          "controller_seconds": 0.013256619917228818,
          "learner_seconds": 0.0,
          "learner_started_wall_seconds": null,
          "learner_completed_wall_seconds": null,
          "physical_clearance_m": 2.70693544591743
        },
        {
          "time": 0.08,
          "scheduled_wall_seconds": 0.0800000000745058,
          "started_wall_seconds": 0.06427320907823741,
          "completed_wall_seconds": 0.08062042691744864,
          "missed_deadline": false,
          "version_used": 460,
          "update_launched": false,
          "finite": false,
          "completed_version": null,
          "controller_seconds": 0.012766000116243958,
          "learner_seconds": 0.0,
          "learner_started_wall_seconds": null,
          "learner_completed_wall_seconds": null,
          "physical_clearance_m": 2.703573028696361
        },
        {
          "time": 0.12,
          "scheduled_wall_seconds": 0.12000000011175871,
          "started_wall_seconds": 0.08062725700438023,
          "completed_wall_seconds": 0.09624079708009958,
          "missed_deadline": false,
          "version_used": 460,
          "update_launched": false,
          "finite": false,
          "completed_version": null,
          "controller_seconds": 0.012293980922549963,
          "learner_seconds": 0.0,
          "learner_started_wall_seconds": null,
          "learner_completed_wall_seconds": null,
          "physical_clearance_m": 2.700230877054515
        },
        {
          "time": 0.16,
          "scheduled_wall_seconds": 0.15999999991618097,
          "started_wall_seconds": 0.09624666790477931,
          "completed_wall_seconds": 0.11148093198426068,
          "missed_deadline": false,
          "version_used": 460,
          "update_launched": false,
          "finite": false,
          "completed_version": null,
          "controller_seconds": 0.01200318313203752,
          "learner_seconds": 0.0,
          "learner_started_wall_seconds": null,
          "learner_completed_wall_seconds": null,
          "physical_clearance_m": 2.6969409390814927
        },
        {
          "time": 0.2,
          "scheduled_wall_seconds": 0.19999999995343387,
          "started_wall_seconds": 0.11148658907040954,
          "completed_wall_seconds": 0.1264448210131377,
          "missed_deadline": false,
          "version_used": 460,
          "update_launched": false,
          "finite": false,
          "completed_version": null,
          "controller_seconds": 0.012158074881881475,
          "learner_seconds": 0.0,
          "learner_started_wall_seconds": null,
          "learner_completed_wall_seconds": null,
          "physical_clearance_m": 2.693734686029735
        },
        {
          "time": 0.24,
          "scheduled_wall_seconds": 0.23999999999068677,
          "started_wall_seconds": 0.12645118101499975,
          "completed_wall_seconds": 0.14161910000257194,
          "missed_deadline": false,
          "version_used": 460,
          "update_launched": false,
          "finite": false,
          "completed_version": null,
          "controller_seconds": 0.012287326157093048,
          "learner_seconds": 0.0,
          "learner_started_wall_seconds": null,
          "learner_completed_wall_seconds": null,
          "physical_clearance_m": 2.690643112314525
        },
        {
          "time": 0.28,
          "scheduled_wall_seconds": 0.2800000000279397,
          "started_wall_seconds": 0.14162612007930875,
          "completed_wall_seconds": 0.15684580011293292,
          "missed_deadline": false,
          "version_used": 460,
          "update_launched": false,
          "finite": false,
          "completed_version": null,
          "controller_seconds": 0.012164394138380885,
          "learner_seconds": 0.0,
          "learner_started_wall_seconds": null,
          "learner_completed_wall_seconds": null,
          "physical_clearance_m": 2.6876981660254624
        },
        {
          "time": 0.32,
          "scheduled_wall_seconds": 0.3200000000651926,
          "started_wall_seconds": 0.15685251890681684,
          "completed_wall_seconds": 0.17097734101116657,
          "missed_deadline": false,
          "version_used": 460,
          "update_launched": false,
          "finite": false,
          "completed_version": null,
          "controller_seconds": 0.011434587184339762,
          "learner_seconds": 0.0,
          "learner_started_wall_seconds": null,
          "learner_completed_wall_seconds": null,
          "physical_clearance_m": 2.6849313184149888
        },
        {
          "time": 0.36,
          "scheduled_wall_seconds": 0.3600000001024455,
          "started_wall_seconds": 0.17098342906683683,
          "completed_wall_seconds": 0.18542325496673584,
          "missed_deadline": false,
          "version_used": 460,
          "update_launched": false,
          "finite": false,
          "completed_version": null,
          "controller_seconds": 0.011485744966194034,
          "learner_seconds": 0.0,
          "learner_started_wall_seconds": null,
          "learner_completed_wall_seconds": null,
          "physical_clearance_m": 2.6823738023169663
        },
        {
          "time": 0.4,
          "scheduled_wall_seconds": 0.39999999990686774,
          "started_wall_seconds": 0.18542899889871478,
          "completed_wall_seconds": 0.19960051192902029,
          "missed_deadline": false,
          "version_used": 460,
          "update_launched": false,
          "finite": false,
          "completed_version": null,
          "controller_seconds": 0.011365836951881647,
          "learner_seconds": 0.0,
          "learner_started_wall_seconds": null,
          "learner_completed_wall_seconds": null,
          "physical_clearance_m": 2.6800554200537827
        },
        {
          "time": 0.44,
          "scheduled_wall_seconds": 0.43999999994412065,
          "started_wall_seconds": 0.19960632105357945,
          "completed_wall_seconds": 0.2138433970976621,
          "missed_deadline": false,
          "version_used": 460,
          "update_launched": false,
          "finite": false,
          "completed_version": null,
          "controller_seconds": 0.011484118178486824,
          "learner_seconds": 0.0,
          "learner_started_wall_seconds": null,
          "learner_completed_wall_seconds": null,
          "physical_clearance_m": 2.678006212366405
        },
        {
          "time": 0.48,
          "scheduled_wall_seconds": 0.47999999998137355,
          "started_wall_seconds": 0.21384977689012885,
          "completed_wall_seconds": 0.22831068700179458,
          "missed_deadline": false,
          "version_used": 460,
          "update_launched": false,
          "finite": false,
          "completed_version": null,
          "controller_seconds": 0.011386200785636902,
          "learner_seconds": 0.0,
          "learner_started_wall_seconds": null,
          "learner_completed_wall_seconds": null,
          "physical_clearance_m": 2.6762543126471665
        },
        {
          "time": 0.52,
          "scheduled_wall_seconds": 0.5200000000186265,
          "started_wall_seconds": 0.22831657296046615,
          "completed_wall_seconds": 0.2426554849371314,
          "missed_deadline": false,
          "version_used": 460,
          "update_launched": false,
          "finite": false,
          "completed_version": null,
          "controller_seconds": 0.011443357216194272,
          "learner_seconds": 0.0,
          "learner_started_wall_seconds": null,
          "learner_completed_wall_seconds": null,
          "physical_clearance_m": 2.6748273774512437
        },
        {
          "time": 0.56,
          "scheduled_wall_seconds": 0.5600000000558794,
          "started_wall_seconds": 0.24266145005822182,
          "completed_wall_seconds": 0.25694937189109623,
          "missed_deadline": false,
          "version_used": 460,
          "update_launched": false,
          "finite": false,
          "completed_version": null,
          "controller_seconds": 0.011384686920791864,
          "learner_seconds": 0.0,
          "learner_started_wall_seconds": null,
          "learner_completed_wall_seconds": null,
          "physical_clearance_m": 2.6737509175666
        },
        {
          "time": 0.6,
          "scheduled_wall_seconds": 0.6000000000931323,
          "started_wall_seconds": 0.25695532001554966,
          "completed_wall_seconds": 0.2710303789936006,
          "missed_deadline": false,
          "version_used": 460,
          "update_launched": false,
          "finite": false,
          "completed_version": null,
          "controller_seconds": 0.011378624010831118,
          "learner_seconds": 0.0,
          "learner_started_wall_seconds": null,
          "learner_completed_wall_seconds": null,
          "physical_clearance_m": 2.673049251688304
        },
        {
          "time": 0.64,
          "scheduled_wall_seconds": 0.6399999998975545,
          "started_wall_seconds": 0.2710361611098051,
          "completed_wall_seconds": 0.2851028391160071,
          "missed_deadline": false,
          "version_used": 460,
          "update_launched": false,
          "finite": false,
          "completed_version": null,
          "controller_seconds": 0.011347706895321608,
          "learner_seconds": 0.0,
          "learner_started_wall_seconds": null,
          "learner_completed_wall_seconds": null,
          "physical_clearance_m": 2.672744075907054
        },
        {
          "time": 0.68,
          "scheduled_wall_seconds": 0.6799999999348074,
          "started_wall_seconds": 0.28510868293233216,
          "completed_wall_seconds": 0.2992433870676905,
          "missed_deadline": false,
          "version_used": 460,
          "update_launched": false,
          "finite": false,
          "completed_version": null,
          "controller_seconds": 0.011389059014618397,
          "learner_seconds": 0.0,
          "learner_started_wall_seconds": null,
          "learner_completed_wall_seconds": null,
          "physical_clearance_m": 2.6727323933966782
        },
        {
          "time": 0.72,
          "scheduled_wall_seconds": 0.7199999999720603,
          "started_wall_seconds": 0.2992493910714984,
          "completed_wall_seconds": 0.3134425750467926,
          "missed_deadline": false,
          "version_used": 460,
          "update_launched": false,
          "finite": false,
          "completed_version": null,
          "controller_seconds": 0.011333343107253313,
          "learner_seconds": 0.0,
          "learner_started_wall_seconds": null,
          "learner_completed_wall_seconds": null,
          "physical_clearance_m": 2.6728568478949692
        },
        {
          "time": 0.76,
          "scheduled_wall_seconds": 0.7600000000093132,
          "started_wall_seconds": 0.31344851409085095,
          "completed_wall_seconds": 0.32772187306545675,
          "missed_deadline": false,
          "version_used": 460,
          "update_launched": false,
          "finite": false,
          "completed_version": null,
          "controller_seconds": 0.011296744924038649,
          "learner_seconds": 0.0,
          "learner_started_wall_seconds": null,
          "learner_completed_wall_seconds": null,
          "physical_clearance_m": 2.6734047337897446
        },
        {
          "time": 0.8,
          "scheduled_wall_seconds": 0.8000000000465661,
          "started_wall_seconds": 0.3277276048902422,
          "completed_wall_seconds": 0.3418531639035791,
          "missed_deadline": false,
          "version_used": 460,
          "update_launched": false,
          "finite": false,
          "completed_version": null,
          "controller_seconds": 0.011426125187426805,
          "learner_seconds": 0.0,
          "learner_started_wall_seconds": null,
          "learner_completed_wall_seconds": null,
          "physical_clearance_m": 2.67440370763618
        },
        {
          "time": 0.84,
          "scheduled_wall_seconds": 0.840000000083819,
          "started_wall_seconds": 0.34185952600091696,
          "completed_wall_seconds": 0.35656820610165596,
          "missed_deadline": false,
          "version_used": 460,
          "update_launched": false,
          "finite": false,
          "completed_version": null,
          "controller_seconds": 0.01189886499196291,
          "learner_seconds": 0.0,
          "learner_started_wall_seconds": null,
          "learner_completed_wall_seconds": null,
          "physical_clearance_m": 2.6758675977118638
        },
        {
          "time": 0.88,
          "scheduled_wall_seconds": 0.8799999998882413,
          "started_wall_seconds": 0.3565753800794482,
          "completed_wall_seconds": 0.3718433389440179,
          "missed_deadline": false,
          "version_used": 460,
          "update_launched": false,
          "finite": false,
          "completed_version": null,
          "controller_seconds": 0.012166916159912944,
          "learner_seconds": 0.0,
          "learner_started_wall_seconds": null,
          "learner_completed_wall_seconds": null,
          "physical_clearance_m": 2.6778061791785386
        },
        {
          "time": 0.92,
          "scheduled_wall_seconds": 0.9199999999254942,
          "started_wall_seconds": 0.37185111502185464,
          "completed_wall_seconds": 0.38669241196475923,
          "missed_deadline": false,
          "version_used": 460,
          "update_launched": false,
          "finite": false,
          "completed_version": null,
          "controller_seconds": 0.011810156982392073,
          "learner_seconds": 0.0,
          "learner_started_wall_seconds": null,
          "learner_completed_wall_seconds": null,
          "physical_clearance_m": 2.6802282735236314
        },
        {
          "time": 0.96,
          "scheduled_wall_seconds": 0.9599999999627471,
          "started_wall_seconds": 0.38669968605972826,
          "completed_wall_seconds": 0.40082119102589786,
          "missed_deadline": false,
          "version_used": 460,
          "update_launched": false,
          "finite": false,
          "completed_version": null,
          "controller_seconds": 0.011622744845226407,
          "learner_seconds": 0.0,
          "learner_started_wall_seconds": null,
          "learner_completed_wall_seconds": null,
          "physical_clearance_m": 2.6831391259558823
        },
        {
          "time": 1.0,
          "scheduled_wall_seconds": 1.0,
          "started_wall_seconds": 0.40082753589376807,
          "completed_wall_seconds": 0.41471812105737627,
          "missed_deadline": false,
          "version_used": 460,
          "update_launched": false,
          "finite": false,
          "completed_version": null,
          "controller_seconds": 0.011424189899116755,
          "learner_seconds": 0.0,
          "learner_started_wall_seconds": null,
          "learner_completed_wall_seconds": null,
          "physical_clearance_m": 2.6865408822425034
        },
        {
          "time": 1.04,
          "scheduled_wall_seconds": 1.040000000037253,
          "started_wall_seconds": 0.4147244261112064,
          "completed_wall_seconds": 0.4284412490669638,
          "missed_deadline": false,
          "version_used": 460,
          "update_launched": false,
          "finite": false,
          "completed_version": null,
          "controller_seconds": 0.011334622045978904,
          "learner_seconds": 0.0,
          "learner_started_wall_seconds": null,
          "learner_completed_wall_seconds": null,
          "physical_clearance_m": 2.6904330655463364
        },
        {
          "time": 1.08,
          "scheduled_wall_seconds": 1.0800000000745058,
          "started_wall_seconds": 0.4284475229214877,
          "completed_wall_seconds": 0.44228631211444736,
          "missed_deadline": false,
          "version_used": 460,
          "update_launched": false,
          "finite": false,
          "completed_version": null,
          "controller_seconds": 0.01141863502562046,
          "learner_seconds": 0.0,
          "learner_started_wall_seconds": null,
          "learner_completed_wall_seconds": null,
          "physical_clearance_m": 2.6948130532630112
        },
        {
          "time": 1.12,
          "scheduled_wall_seconds": 1.1200000001117587,
          "started_wall_seconds": 0.4422922010999173,
          "completed_wall_seconds": 0.4562230450101197,
          "missed_deadline": false,
          "version_used": 460,
          "update_launched": false,
          "finite": false,
          "completed_version": null,
          "controller_seconds": 0.011425085132941604,
          "learner_seconds": 0.0,
          "learner_started_wall_seconds": null,
          "learner_completed_wall_seconds": null,
          "physical_clearance_m": 2.699674169672313
        },
        {
          "time": 1.16,
          "scheduled_wall_seconds": 1.159999999916181,
          "started_wall_seconds": 0.45622878591530025,
          "completed_wall_seconds": 0.4700325019657612,
          "missed_deadline": false,
          "version_used": 460,
          "update_launched": false,
          "finite": false,
          "completed_version": null,
          "controller_seconds": 0.011430335929617286,
          "learner_seconds": 0.0,
          "learner_started_wall_seconds": null,
          "learner_completed_wall_seconds": null,
          "physical_clearance_m": 2.705007593286815
        },
        {
          "time": 1.2,
          "scheduled_wall_seconds": 1.1999999999534339,
          "started_wall_seconds": 0.47003818210214376,
          "completed_wall_seconds": 0.4839768100064248,
          "missed_deadline": false,
          "version_used": 460,
          "update_launched": false,
          "finite": false,
          "completed_version": null,
          "controller_seconds": 0.011331501882523298,
          "learner_seconds": 0.0,
          "learner_started_wall_seconds": null,
          "learner_completed_wall_seconds": null,
          "physical_clearance_m": 2.710801641596141
        },
        {
          "time": 1.24,
          "scheduled_wall_seconds": 1.2399999999906868,
          "started_wall_seconds": 0.4839823800139129,
          "completed_wall_seconds": 0.4979156560730189,
          "missed_deadline": false,
          "version_used": 460,
          "update_launched": false,
          "finite": false,
          "completed_version": null,
          "controller_seconds": 0.011354665970429778,
          "learner_seconds": 0.0,
          "learner_started_wall_seconds": null,
          "learner_completed_wall_seconds": null,
          "physical_clearance_m": 2.717041294229808
        },
        {
          "time": 1.28,
          "scheduled_wall_seconds": 1.2800000000279397,
          "started_wall_seconds": 0.4979219490196556,
          "completed_wall_seconds": 0.5116158230230212,
          "missed_deadline": false,
          "version_used": 460,
          "update_launched": false,
          "finite": false,
          "completed_version": null,
          "controller_seconds": 0.011326245032250881,
          "learner_seconds": 0.0,
          "learner_started_wall_seconds": null,
          "learner_completed_wall_seconds": null,
          "physical_clearance_m": 2.723710100305858
        },
        {
          "time": 1.32,
          "scheduled_wall_seconds": 1.3200000000651926,
          "started_wall_seconds": 0.5116216409951448,
          "completed_wall_seconds": 0.5258367159403861,
          "missed_deadline": false,
          "version_used": 460,
          "update_launched": false,
          "finite": false,
          "completed_version": null,
          "controller_seconds": 0.011398314032703638,
          "learner_seconds": 0.0,
          "learner_started_wall_seconds": null,
          "learner_completed_wall_seconds": null,
          "physical_clearance_m": 2.730787555826488
        },
        {
          "time": 1.36,
          "scheduled_wall_seconds": 1.3600000001024455,
          "started_wall_seconds": 0.5258421779144555,
          "completed_wall_seconds": 0.5396252830978483,
          "missed_deadline": false,
          "version_used": 460,
          "update_launched": false,
          "finite": false,
          "completed_version": null,
          "controller_seconds": 0.011284982087090611,
          "learner_seconds": 0.0,
          "learner_started_wall_seconds": null,
          "learner_completed_wall_seconds": null,
          "physical_clearance_m": 2.7382522031195786
        },
        {
          "time": 1.4000000000000001,
          "scheduled_wall_seconds": 1.3999999999068677,
          "started_wall_seconds": 0.539630931103602,
          "completed_wall_seconds": 0.5545895521063358,
          "missed_deadline": false,
          "version_used": 460,
          "update_launched": false,
          "finite": false,
          "completed_version": null,
          "controller_seconds": 0.011552799958735704,
          "learner_seconds": 0.0,
          "learner_started_wall_seconds": null,
          "learner_completed_wall_seconds": null,
          "physical_clearance_m": 2.746079246652904
        },
        {
          "time": 1.44,
          "scheduled_wall_seconds": 1.4399999999441206,
          "started_wall_seconds": 0.5545963940676302,
          "completed_wall_seconds": 0.569961299886927,
          "missed_deadline": false,
          "version_used": 460,
          "update_launched": false,
          "finite": false,
          "completed_version": null,
          "controller_seconds": 0.012267763959243894,
          "learner_seconds": 0.0,
          "learner_started_wall_seconds": null,
          "learner_completed_wall_seconds": null,
          "physical_clearance_m": 2.754241983545604
        },
        {
          "time": 1.48,
          "scheduled_wall_seconds": 1.4799999999813735,
          "started_wall_seconds": 0.5699691390618682,
          "completed_wall_seconds": 0.5851706899702549,
          "missed_deadline": false,
          "version_used": 460,
          "update_launched": false,
          "finite": false,
          "completed_version": null,
          "controller_seconds": 0.011962156044319272,
          "learner_seconds": 0.0,
          "learner_started_wall_seconds": null,
          "learner_completed_wall_seconds": null,
          "physical_clearance_m": 2.762712041986766
        },
        {
          "time": 1.52,
          "scheduled_wall_seconds": 1.5200000000186265,
          "started_wall_seconds": 0.585177144035697,
          "completed_wall_seconds": 0.5993233239278197,
          "missed_deadline": false,
          "version_used": 460,
          "update_launched": false,
          "finite": false,
          "completed_version": null,
          "controller_seconds": 0.011610489105805755,
          "learner_seconds": 0.0,
          "learner_started_wall_seconds": null,
          "learner_completed_wall_seconds": null,
          "physical_clearance_m": 2.771458904398265
        },
        {
          "time": 1.56,
          "scheduled_wall_seconds": 1.5600000000558794,
          "started_wall_seconds": 0.5993291919585317,
          "completed_wall_seconds": 0.6132660990115255,
          "missed_deadline": false,
          "version_used": 460,
          "update_launched": false,
          "finite": false,
          "completed_version": null,
          "controller_seconds": 0.011496091959998012,
          "learner_seconds": 0.0,
          "learner_started_wall_seconds": null,
          "learner_completed_wall_seconds": null,
          "physical_clearance_m": 2.7804508611090806
        },
        {
          "time": 1.6,
          "scheduled_wall_seconds": 1.6000000000931323,
          "started_wall_seconds": 0.6132721879985183,
          "completed_wall_seconds": 0.6273569599725306,
          "missed_deadline": false,
          "version_used": 460,
          "update_launched": false,
          "finite": false,
          "completed_version": null,
          "controller_seconds": 0.011316664982587099,
          "learner_seconds": 0.0,
          "learner_started_wall_seconds": null,
          "learner_completed_wall_seconds": null,
          "physical_clearance_m": 2.78965405668098
        },
        {
          "time": 1.6400000000000001,
          "scheduled_wall_seconds": 1.6399999998975545,
          "started_wall_seconds": 0.627362763043493,
          "completed_wall_seconds": 0.6412877519614995,
          "missed_deadline": false,
          "version_used": 460,
          "update_launched": false,
          "finite": false,
          "completed_version": null,
          "controller_seconds": 0.011419360060244799,
          "learner_seconds": 0.0,
          "learner_started_wall_seconds": null,
          "learner_completed_wall_seconds": null,
          "physical_clearance_m": 2.7990339204199937
        },
        {
          "time": 1.68,
          "scheduled_wall_seconds": 1.6799999999348074,
          "started_wall_seconds": 0.6412933529354632,
          "completed_wall_seconds": 0.6549923960119486,
          "missed_deadline": false,
          "version_used": 460,
          "update_launched": false,
          "finite": false,
          "completed_version": null,
          "controller_seconds": 0.011359862983226776,
          "learner_seconds": 0.0,
          "learner_started_wall_seconds": null,
          "learner_completed_wall_seconds": null,
          "physical_clearance_m": 2.8085546895392564
        },
        {
          "time": 1.72,
          "scheduled_wall_seconds": 1.7199999999720603,
          "started_wall_seconds": 0.6549980000127107,
          "completed_wall_seconds": 0.6687794979661703,
          "missed_deadline": false,
          "version_used": 460,
          "update_launched": false,
          "finite": false,
          "completed_version": null,
          "controller_seconds": 0.011357069946825504,
          "learner_seconds": 0.0,
          "learner_started_wall_seconds": null,
          "learner_completed_wall_seconds": null,
          "physical_clearance_m": 2.8181798859961655
        },
        {
          "time": 1.76,
          "scheduled_wall_seconds": 1.7600000000093132,
          "started_wall_seconds": 0.6687851638998836,
          "completed_wall_seconds": 0.6825477071106434,
          "missed_deadline": false,
          "version_used": 460,
          "update_launched": false,
          "finite": false,
          "completed_version": null,
          "controller_seconds": 0.011328252963721752,
          "learner_seconds": 0.0,
          "learner_started_wall_seconds": null,
          "learner_completed_wall_seconds": null,
          "physical_clearance_m": 2.8278723164923814
        },
        {
          "time": 1.8,
          "scheduled_wall_seconds": 1.8000000000465661,
          "started_wall_seconds": 0.6825532789807767,
          "completed_wall_seconds": 0.696290744934231,
          "missed_deadline": false,
          "version_used": 460,
          "update_launched": false,
          "finite": false,
          "completed_version": null,
          "controller_seconds": 0.01138891908340156,
          "learner_seconds": 0.0,
          "learner_started_wall_seconds": null,
          "learner_completed_wall_seconds": null,
          "physical_clearance_m": 2.825249569496218
        },
        {
          "time": 1.84,
          "scheduled_wall_seconds": 1.840000000083819,
          "started_wall_seconds": 0.6962962970137596,
          "completed_wall_seconds": 0.7099922180641443,
          "missed_deadline": false,
          "version_used": 460,
          "update_launched": false,
          "finite": false,
          "completed_version": null,
          "controller_seconds": 0.011348101077601314,
          "learner_seconds": 0.0,
          "learner_started_wall_seconds": null,
          "learner_completed_wall_seconds": null,
          "physical_clearance_m": 2.815305368980471
        },
        {
          "time": 1.8800000000000001,
          "scheduled_wall_seconds": 1.8799999998882413,
          "started_wall_seconds": 0.7099978888873011,
          "completed_wall_seconds": 0.7237048300448805,
          "missed_deadline": false,
          "version_used": 460,
          "update_launched": false,
          "finite": false,
          "completed_version": null,
          "controller_seconds": 0.011342958081513643,
          "learner_seconds": 0.0,
          "learner_started_wall_seconds": null,
          "learner_completed_wall_seconds": null,
          "physical_clearance_m": 2.8053926397171653
        },
        {
          "time": 1.92,
          "scheduled_wall_seconds": 1.9199999999254942,
          "started_wall_seconds": 0.7237106149550527,
          "completed_wall_seconds": 0.7383014329243451,
          "missed_deadline": false,
          "version_used": 460,
          "update_launched": false,
          "finite": false,
          "completed_version": null,
          "controller_seconds": 0.011682818876579404,
          "learner_seconds": 0.0,
          "learner_started_wall_seconds": null,
          "learner_completed_wall_seconds": null,
          "physical_clearance_m": 2.79554881342322
        },
        {
          "time": 1.96,
          "scheduled_wall_seconds": 1.959999999962747,
          "started_wall_seconds": 0.738308718893677,
          "completed_wall_seconds": 0.7539382700342685,
          "missed_deadline": false,
          "version_used": 460,
          "update_launched": false,
          "finite": false,
          "completed_version": null,
          "controller_seconds": 0.012500595999881625,
          "learner_seconds": 0.0,
          "learner_started_wall_seconds": null,
          "learner_completed_wall_seconds": null,
          "physical_clearance_m": 2.785810844978396
        },
        {
          "time": 2.0,
          "scheduled_wall_seconds": 2.0,
          "started_wall_seconds": 0.753946274984628,
          "completed_wall_seconds": 0.7695228150114417,
          "missed_deadline": false,
          "version_used": 460,
          "update_launched": false,
          "finite": false,
          "completed_version": null,
          "controller_seconds": 0.012281648116186261,
          "learner_seconds": 0.0,
          "learner_started_wall_seconds": null,
          "learner_completed_wall_seconds": null,
          "physical_clearance_m": 2.7762135434952415
        },
        {
          "time": 2.04,
          "scheduled_wall_seconds": 2.040000000037253,
          "started_wall_seconds": 0.7695304800290614,
          "completed_wall_seconds": 0.784270660020411,
          "missed_deadline": false,
          "version_used": 460,
          "update_launched": false,
          "finite": false,
          "completed_version": null,
          "controller_seconds": 0.011659404030069709,
          "learner_seconds": 0.0,
          "learner_started_wall_seconds": null,
          "learner_completed_wall_seconds": null,
          "physical_clearance_m": 2.766789572319094
        },
        {
          "time": 2.08,
          "scheduled_wall_seconds": 2.080000000074506,
          "started_wall_seconds": 0.7842762661166489,
          "completed_wall_seconds": 0.7983087920583785,
          "missed_deadline": false,
          "version_used": 460,
          "update_launched": false,
          "finite": false,
          "completed_version": null,
          "controller_seconds": 0.011314835166558623,
          "learner_seconds": 0.0,
          "learner_started_wall_seconds": null,
          "learner_completed_wall_seconds": null,
          "physical_clearance_m": 2.757570402702395
        },
        {
          "time": 2.12,
          "scheduled_wall_seconds": 2.1200000001117587,
          "started_wall_seconds": 0.7983147560153157,
          "completed_wall_seconds": 0.8124284420628101,
          "missed_deadline": false,
          "version_used": 460,
          "update_launched": false,
          "finite": false,
          "completed_version": null,
          "controller_seconds": 0.011446647113189101,
          "learner_seconds": 0.0,
          "learner_started_wall_seconds": null,
          "learner_completed_wall_seconds": null,
          "physical_clearance_m": 2.748584644874636
        },
        {
          "time": 2.16,
          "scheduled_wall_seconds": 2.159999999916181,
          "started_wall_seconds": 0.812433993909508,
          "completed_wall_seconds": 0.8263340299017727,
          "missed_deadline": false,
          "version_used": 460,
          "update_launched": false,
          "finite": false,
          "completed_version": null,
          "controller_seconds": 0.011278545949608088,
          "learner_seconds": 0.0,
          "learner_started_wall_seconds": null,
          "learner_completed_wall_seconds": null,
          "physical_clearance_m": 2.739858763298098
        },
        {
          "time": 2.2,
          "scheduled_wall_seconds": 2.199999999953434,
          "started_wall_seconds": 0.8263397079426795,
          "completed_wall_seconds": 0.8403351970482618,
          "missed_deadline": false,
          "version_used": 460,
          "update_launched": false,
          "finite": false,
          "completed_version": null,
          "controller_seconds": 0.011321785161271691,
          "learner_seconds": 0.0,
          "learner_started_wall_seconds": null,
          "learner_completed_wall_seconds": null,
          "physical_clearance_m": 2.7314165998306907
        },
        {
          "time": 2.24,
          "scheduled_wall_seconds": 2.2399999999906868,
          "started_wall_seconds": 0.8403409339953214,
          "completed_wall_seconds": 0.8543265669140965,
          "missed_deadline": false,
          "version_used": 460,
          "update_launched": false,
          "finite": false,
          "completed_version": null,
          "controller_seconds": 0.011332107009366155,
          "learner_seconds": 0.0,
          "learner_started_wall_seconds": null,
          "learner_completed_wall_seconds": null,
          "physical_clearance_m": 2.7232798505631126
        },
        {
          "time": 2.2800000000000002,
          "scheduled_wall_seconds": 2.2800000000279397,
          "started_wall_seconds": 0.8543325099162757,
          "completed_wall_seconds": 0.8684154730290174,
          "missed_deadline": false,
          "version_used": 460,
          "update_launched": false,
          "finite": false,
          "completed_version": null,
          "controller_seconds": 0.011385159101337194,
          "learner_seconds": 0.0,
          "learner_started_wall_seconds": null,
          "learner_completed_wall_seconds": null,
          "physical_clearance_m": 2.715465920051638
        },
        {
          "time": 2.32,
          "scheduled_wall_seconds": 2.3200000000651926,
          "started_wall_seconds": 0.8684216989204288,
          "completed_wall_seconds": 0.8823742489330471,
          "missed_deadline": false,
          "version_used": 460,
          "update_launched": false,
          "finite": false,
          "completed_version": null,
          "controller_seconds": 0.011263580992817879,
          "learner_seconds": 0.0,
          "learner_started_wall_seconds": null,
          "learner_completed_wall_seconds": null,
          "physical_clearance_m": 2.707991497596804
        },
        {
          "time": 2.36,
          "scheduled_wall_seconds": 2.3600000001024455,
          "started_wall_seconds": 0.8823801151011139,
          "completed_wall_seconds": 0.8964520199224353,
          "missed_deadline": false,
          "version_used": 460,
          "update_launched": false,
          "finite": false,
          "completed_version": null,
          "controller_seconds": 0.011392188025638461,
          "learner_seconds": 0.0,
          "learner_started_wall_seconds": null,
          "learner_completed_wall_seconds": null,
          "physical_clearance_m": 2.700868742546145
        },
        {
          "time": 2.4,
          "scheduled_wall_seconds": 2.3999999999068677,
          "started_wall_seconds": 0.8964579650200903,
          "completed_wall_seconds": 0.9103447468951344,
          "missed_deadline": false,
          "version_used": 460,
          "update_launched": false,
          "finite": false,
          "completed_version": null,
          "controller_seconds": 0.011270736111328006,
          "learner_seconds": 0.0,
          "learner_started_wall_seconds": null,
          "learner_completed_wall_seconds": null,
          "physical_clearance_m": 2.694107906898562
        },
        {
          "time": 2.44,
          "scheduled_wall_seconds": 2.4399999999441206,
          "started_wall_seconds": 0.9103505790699273,
          "completed_wall_seconds": 0.9242663451004773,
          "missed_deadline": false,
          "version_used": 460,
          "update_launched": false,
          "finite": false,
          "completed_version": null,
          "controller_seconds": 0.011381054995581508,
          "learner_seconds": 0.0,
          "learner_started_wall_seconds": null,
          "learner_completed_wall_seconds": null,
          "physical_clearance_m": 2.6877154279556907
        },
        {
          "time": 2.48,
          "scheduled_wall_seconds": 2.4799999999813735,
          "started_wall_seconds": 0.924272266915068,
          "completed_wall_seconds": 0.9380179999861866,
          "missed_deadline": false,
          "version_used": 460,
          "update_launched": false,
          "finite": false,
          "completed_version": null,
          "controller_seconds": 0.01124924304895103,
          "learner_seconds": 0.0,
          "learner_started_wall_seconds": null,
          "learner_completed_wall_seconds": null,
          "physical_clearance_m": 2.6816960740891136
        },
        {
          "time": 2.52,
          "scheduled_wall_seconds": 2.5200000000186265,
          "started_wall_seconds": 0.9380239949095994,
          "completed_wall_seconds": 0.9525799329858273,
          "missed_deadline": false,
          "version_used": 460,
          "update_launched": false,
          "finite": false,
          "completed_version": null,
          "controller_seconds": 0.01179610495455563,
          "learner_seconds": 0.0,
          "learner_started_wall_seconds": null,
          "learner_completed_wall_seconds": null,
          "physical_clearance_m": 2.676051037391726
        },
        {
          "time": 2.56,
          "scheduled_wall_seconds": 2.5600000000558794,
          "started_wall_seconds": 0.952587520936504,
          "completed_wall_seconds": 0.9682105069514364,
          "missed_deadline": false,
          "version_used": 460,
          "update_launched": false,
          "finite": false,
          "completed_version": null,
          "controller_seconds": 0.012483183993026614,
          "learner_seconds": 0.0,
          "learner_started_wall_seconds": null,
          "learner_completed_wall_seconds": null,
          "physical_clearance_m": 2.6707793641892112
        },
        {
          "time": 2.6,
          "scheduled_wall_seconds": 2.6000000000931323,
          "started_wall_seconds": 0.9682190020103008,
          "completed_wall_seconds": 0.9835156840272248,
          "missed_deadline": false,
          "version_used": 460,
          "update_launched": false,
          "finite": false,
          "completed_version": null,
          "controller_seconds": 0.011924684047698975,
          "learner_seconds": 0.0,
          "learner_started_wall_seconds": null,
          "learner_completed_wall_seconds": null,
          "physical_clearance_m": 2.665877239784304
        },
        {
          "time": 2.64,
          "scheduled_wall_seconds": 2.6399999998975545,
          "started_wall_seconds": 0.9835230179596692,
          "completed_wall_seconds": 0.9980948830489069,
          "missed_deadline": false,
          "version_used": 460,
          "update_launched": false,
          "finite": false,
          "completed_version": null,
          "controller_seconds": 0.01158355688676238,
          "learner_seconds": 0.0,
          "learner_started_wall_seconds": null,
          "learner_completed_wall_seconds": null,
          "physical_clearance_m": 2.6613384652939476
        },
        {
          "time": 2.68,
          "scheduled_wall_seconds": 2.6799999999348074,
          "started_wall_seconds": 0.9981009510811418,
          "completed_wall_seconds": 1.0122919930145144,
          "missed_deadline": false,
          "version_used": 460,
          "update_launched": false,
          "finite": false,
          "completed_version": null,
          "controller_seconds": 0.011432684026658535,
          "learner_seconds": 0.0,
          "learner_started_wall_seconds": null,
          "learner_completed_wall_seconds": null,
          "physical_clearance_m": 2.6571549344864525
        },
        {
          "time": 2.72,
          "scheduled_wall_seconds": 2.7199999999720603,
          "started_wall_seconds": 1.0122976549901068,
          "completed_wall_seconds": 1.0264730129856616,
          "missed_deadline": false,
          "version_used": 460,
          "update_launched": false,
          "finite": false,
          "completed_version": null,
          "controller_seconds": 0.011339413933455944,
          "learner_seconds": 0.0,
          "learner_started_wall_seconds": null,
          "learner_completed_wall_seconds": null,
          "physical_clearance_m": 2.6533166337814964
        },
        {
          "time": 2.7600000000000002,
          "scheduled_wall_seconds": 2.7600000000093132,
          "started_wall_seconds": 1.0264788679778576,
          "completed_wall_seconds": 1.0407033029478043,
          "missed_deadline": false,
          "version_used": 460,
          "update_launched": false,
          "finite": false,
          "completed_version": null,
          "controller_seconds": 0.011386327911168337,
          "learner_seconds": 0.0,
          "learner_started_wall_seconds": null,
          "learner_completed_wall_seconds": null,
          "physical_clearance_m": 2.6498114038315452
        },
        {
          "time": 2.8000000000000003,
          "scheduled_wall_seconds": 2.800000000046566,
          "started_wall_seconds": 1.040708869928494,
          "completed_wall_seconds": 1.054834723006934,
          "missed_deadline": false,
          "version_used": 460,
          "update_launched": false,
          "finite": false,
          "completed_version": null,
          "controller_seconds": 0.011385685997083783,
          "learner_seconds": 0.0,
          "learner_started_wall_seconds": null,
          "learner_completed_wall_seconds": null,
          "physical_clearance_m": 2.6466261316147484
        },
        {
          "time": 2.84,
          "scheduled_wall_seconds": 2.840000000083819,
          "started_wall_seconds": 1.0548404539003968,
          "completed_wall_seconds": 1.0694896199274808,
          "missed_deadline": false,
          "version_used": 460,
          "update_launched": false,
          "finite": false,
          "completed_version": null,
          "controller_seconds": 0.011615284020081162,
          "learner_seconds": 0.0,
          "learner_started_wall_seconds": null,
          "learner_completed_wall_seconds": null,
          "physical_clearance_m": 2.6437457967606224
        },
        {
          "time": 2.88,
          "scheduled_wall_seconds": 2.8799999998882413,
          "started_wall_seconds": 1.0694954060018063,
          "completed_wall_seconds": 1.0838594699744135,
          "missed_deadline": false,
          "version_used": 460,
          "update_launched": false,
          "finite": false,
          "completed_version": null,
          "controller_seconds": 0.011375623056665063,
          "learner_seconds": 0.0,
          "learner_started_wall_seconds": null,
          "learner_completed_wall_seconds": null,
          "physical_clearance_m": 2.6411546636429466
        },
        {
          "time": 2.92,
          "scheduled_wall_seconds": 2.919999999925494,
          "started_wall_seconds": 1.083865435095504,
          "completed_wall_seconds": 1.098321750992909,
          "missed_deadline": false,
          "version_used": 460,
          "update_launched": false,
          "finite": false,
          "completed_version": null,
          "controller_seconds": 0.011326828971505165,
          "learner_seconds": 0.0,
          "learner_started_wall_seconds": null,
          "learner_completed_wall_seconds": null,
          "physical_clearance_m": 2.638836519798342
        },
        {
          "time": 2.96,
          "scheduled_wall_seconds": 2.959999999962747,
          "started_wall_seconds": 1.0983276849146932,
          "completed_wall_seconds": 1.1126505590509623,
          "missed_deadline": false,
          "version_used": 460,
          "update_launched": false,
          "finite": false,
          "completed_version": null,
          "controller_seconds": 0.011311015114188194,
          "learner_seconds": 0.0,
          "learner_started_wall_seconds": null,
          "learner_completed_wall_seconds": null,
          "physical_clearance_m": 2.6367741990891136
        },
        {
          "time": 3.0,
          "scheduled_wall_seconds": 3.0,
          "started_wall_seconds": 1.1126563549041748,
          "completed_wall_seconds": 1.1270470339804888,
          "missed_deadline": false,
          "version_used": 460,
          "update_launched": false,
          "finite": false,
          "completed_version": null,
          "controller_seconds": 0.011327141895890236,
          "learner_seconds": 0.0,
          "learner_started_wall_seconds": null,
          "learner_completed_wall_seconds": null,
          "physical_clearance_m": 2.634394304832522
        },
        {
          "time": 3.04,
          "scheduled_wall_seconds": 3.040000000037253,
          "started_wall_seconds": 1.1270531660411507,
          "completed_wall_seconds": 1.143999757943675,
          "missed_deadline": false,
          "version_used": 460,
          "update_launched": false,
          "finite": false,
          "completed_version": null,
          "controller_seconds": 0.011956201866269112,
          "learner_seconds": 0.0,
          "learner_started_wall_seconds": null,
          "learner_completed_wall_seconds": null,
          "physical_clearance_m": 2.631533520301882
        },
        {
          "time": 3.08,
          "scheduled_wall_seconds": 3.080000000074506,
          "started_wall_seconds": 1.1440081160981208,
          "completed_wall_seconds": 1.1599368690513074,
          "missed_deadline": false,
          "version_used": 460,
          "update_launched": false,
          "finite": false,
          "completed_version": null,
          "controller_seconds": 0.012349023018032312,
          "learner_seconds": 0.0,
          "learner_started_wall_seconds": null,
          "learner_completed_wall_seconds": null,
          "physical_clearance_m": 2.62824620493323
        },
        {
          "time": 3.12,
          "scheduled_wall_seconds": 3.1200000001117587,
          "started_wall_seconds": 1.1599437210243195,
          "completed_wall_seconds": 1.1751039458904415,
          "missed_deadline": false,
          "version_used": 460,
          "update_launched": false,
          "finite": false,
          "completed_version": null,
          "controller_seconds": 0.011755583109334111,
          "learner_seconds": 0.0,
          "learner_started_wall_seconds": null,
          "learner_completed_wall_seconds": null,
          "physical_clearance_m": 2.6246096063461937
        },
        {
          "time": 3.16,
          "scheduled_wall_seconds": 3.159999999916181,
          "started_wall_seconds": 1.1751098879612982,
          "completed_wall_seconds": 1.1897904369980097,
          "missed_deadline": false,
          "version_used": 460,
          "update_launched": false,
          "finite": false,
          "completed_version": null,
          "controller_seconds": 0.011355037102475762,
          "learner_seconds": 0.0,
          "learner_started_wall_seconds": null,
          "learner_completed_wall_seconds": null,
          "physical_clearance_m": 2.6207140851822532
        },
        {
          "time": 3.2,
          "scheduled_wall_seconds": 3.199999999953434,
          "started_wall_seconds": 1.1897959639318287,
          "completed_wall_seconds": 1.204314315924421,
          "missed_deadline": false,
          "version_used": 460,
          "update_launched": false,
          "finite": false,
          "completed_version": null,
          "controller_seconds": 0.011321512050926685,
          "learner_seconds": 0.0,
          "learner_started_wall_seconds": null,
          "learner_completed_wall_seconds": null,
          "physical_clearance_m": 2.616656916221682
        },
        {
          "time": 3.24,
          "scheduled_wall_seconds": 3.2399999999906868,
          "started_wall_seconds": 1.2043199120089412,
          "completed_wall_seconds": 1.2188651410397142,
          "missed_deadline": false,
          "version_used": 460,
          "update_launched": false,
          "finite": false,
          "completed_version": null,
          "controller_seconds": 0.011362523073330522,
          "learner_seconds": 0.0,
          "learner_started_wall_seconds": null,
          "learner_completed_wall_seconds": null,
          "physical_clearance_m": 2.612537520011965
        },
        {
          "time": 3.2800000000000002,
          "scheduled_wall_seconds": 3.2800000000279397,
          "started_wall_seconds": 1.2188708221074194,
          "completed_wall_seconds": 1.2328902699518949,
          "missed_deadline": false,
          "version_used": 460,
          "update_launched": false,
          "finite": false,
          "completed_version": null,
          "controller_seconds": 0.011307633016258478,
          "learner_seconds": 0.0,
          "learner_started_wall_seconds": null,
          "learner_completed_wall_seconds": null,
          "physical_clearance_m": 2.608452932914797
        },
        {
          "time": 3.3200000000000003,
          "scheduled_wall_seconds": 3.3200000000651926,
          "started_wall_seconds": 1.2328962720930576,
          "completed_wall_seconds": 1.2468065849971026,
          "missed_deadline": false,
          "version_used": 460,
          "update_launched": false,
          "finite": false,
          "completed_version": null,
          "controller_seconds": 0.011328033870086074,
          "learner_seconds": 0.0,
          "learner_started_wall_seconds": null,
          "learner_completed_wall_seconds": null,
          "physical_clearance_m": 2.6044916082230247
        },
        {
          "time": 3.36,
          "scheduled_wall_seconds": 3.3600000001024455,
          "started_wall_seconds": 1.246812216937542,
          "completed_wall_seconds": 1.2606591249350458,
          "missed_deadline": false,
          "version_used": 460,
          "update_launched": false,
          "finite": false,
          "completed_version": null,
          "controller_seconds": 0.011280031874775887,
          "learner_seconds": 0.0,
          "learner_started_wall_seconds": null,
          "learner_completed_wall_seconds": null,
          "physical_clearance_m": 2.600736038765017
        },
        {
          "time": 3.4,
          "scheduled_wall_seconds": 3.3999999999068677,
          "started_wall_seconds": 1.2606649659574032,
          "completed_wall_seconds": 1.2745233329478651,
          "missed_deadline": false,
          "version_used": 460,
          "update_launched": false,
          "finite": false,
          "completed_version": null,
          "controller_seconds": 0.011407456127926707,
          "learner_seconds": 0.0,
          "learner_started_wall_seconds": null,
          "learner_completed_wall_seconds": null,
          "physical_clearance_m": 2.597256796440188
        },
        {
          "time": 3.44,
          "scheduled_wall_seconds": 3.4399999999441206,
          "started_wall_seconds": 1.2745290389284492,
          "completed_wall_seconds": 1.2883483099285513,
          "missed_deadline": false,
          "version_used": 460,
          "update_launched": false,
          "finite": false,
          "completed_version": null,
          "controller_seconds": 0.011235927930101752,
          "learner_seconds": 0.0,
          "learner_started_wall_seconds": null,
          "learner_completed_wall_seconds": null,
          "physical_clearance_m": 2.594114439567629
        },
        {
          "time": 3.48,
          "scheduled_wall_seconds": 3.4799999999813735,
          "started_wall_seconds": 1.2883539320901036,
          "completed_wall_seconds": 1.3022931970190257,
          "missed_deadline": false,
          "version_used": 460,
          "update_launched": false,
          "finite": false,
          "completed_version": null,
          "controller_seconds": 0.011367080034688115,
          "learner_seconds": 0.0,
          "learner_started_wall_seconds": null,
          "learner_completed_wall_seconds": null,
          "physical_clearance_m": 2.591358082374636
        },
        {
          "time": 3.52,
          "scheduled_wall_seconds": 3.5200000000186265,
          "started_wall_seconds": 1.302298917900771,
          "completed_wall_seconds": 1.316254195990041,
          "missed_deadline": false,
          "version_used": 460,
          "update_launched": false,
          "finite": false,
          "completed_version": null,
          "controller_seconds": 0.011300215031951666,
          "learner_seconds": 0.0,
          "learner_started_wall_seconds": null,
          "learner_completed_wall_seconds": null,
          "physical_clearance_m": 2.58902706392676
        },
        {
          "time": 3.56,
          "scheduled_wall_seconds": 3.5600000000558794,
          "started_wall_seconds": 1.3162602300290018,
          "completed_wall_seconds": 1.331614597933367,
          "missed_deadline": false,
          "version_used": 460,
          "update_launched": false,
          "finite": false,
          "completed_version": null,
          "controller_seconds": 0.012437508907169104,
          "learner_seconds": 0.0,
          "learner_started_wall_seconds": null,
          "learner_completed_wall_seconds": null,
          "physical_clearance_m": 2.5871497560349144
        },
        {
          "time": 3.6,
          "scheduled_wall_seconds": 3.6000000000931323,
          "started_wall_seconds": 1.3316225819289684,
          "completed_wall_seconds": 1.346509177936241,
          "missed_deadline": false,
          "version_used": 460,
          "update_launched": false,
          "finite": false,
          "completed_version": null,
          "controller_seconds": 0.012120706960558891,
          "learner_seconds": 0.0,
          "learner_started_wall_seconds": null,
          "learner_completed_wall_seconds": null,
          "physical_clearance_m": 2.5857459474411644
        },
        {
          "time": 3.64,
          "scheduled_wall_seconds": 3.6399999998975545,
          "started_wall_seconds": 1.3465159630868584,
          "completed_wall_seconds": 1.3607592131011188,
          "missed_deadline": false,
          "version_used": 460,
          "update_launched": false,
          "finite": false,
          "completed_version": null,
          "controller_seconds": 0.011564104817807674,
          "learner_seconds": 0.0,
          "learner_started_wall_seconds": null,
          "learner_completed_wall_seconds": null,
          "physical_clearance_m": 2.584827559074465
        },
        {
          "time": 3.68,
          "scheduled_wall_seconds": 3.6799999999348074,
          "started_wall_seconds": 1.360765361925587,
          "completed_wall_seconds": 1.3748462710063905,
          "missed_deadline": false,
          "version_used": 460,
          "update_launched": false,
          "finite": false,
          "completed_version": null,
          "controller_seconds": 0.01140333409421146,
          "learner_seconds": 0.0,
          "learner_started_wall_seconds": null,
          "learner_completed_wall_seconds": null,
          "physical_clearance_m": 2.584400312980715
        },
        {
          "time": 3.72,
          "scheduled_wall_seconds": 3.7199999999720603,
          "started_wall_seconds": 1.3748525748960674,
          "completed_wall_seconds": 1.3889199988916516,
          "missed_deadline": false,
          "version_used": 460,
          "update_launched": false,
          "finite": false,
          "completed_version": null,
          "controller_seconds": 0.011404492892324924,
          "learner_seconds": 0.0,
          "learner_started_wall_seconds": null,
          "learner_completed_wall_seconds": null,
          "physical_clearance_m": 2.5843707490769066
        },
        {
          "time": 3.7600000000000002,
          "scheduled_wall_seconds": 3.7600000000093132,
          "started_wall_seconds": 1.3889256389811635,
          "completed_wall_seconds": 1.4028311800211668,
          "missed_deadline": false,
          "version_used": 460,
          "update_launched": false,
          "finite": false,
          "completed_version": null,
          "controller_seconds": 0.011299514910206199,
          "learner_seconds": 0.0,
          "learner_started_wall_seconds": null,
          "learner_completed_wall_seconds": null,
          "physical_clearance_m": 2.584463255485598
        },
        {
          "time": 3.8000000000000003,
          "scheduled_wall_seconds": 3.800000000046566,
          "started_wall_seconds": 1.4028370829764754,
          "completed_wall_seconds": 1.4168350640684366,
          "missed_deadline": false,
          "version_used": 460,
          "update_launched": false,
          "finite": false,
          "completed_version": null,
          "controller_seconds": 0.011433162027969956,
          "learner_seconds": 0.0,
          "learner_started_wall_seconds": null,
          "learner_completed_wall_seconds": null,
          "physical_clearance_m": 2.585010664543215
        },
        {
          "time": 3.84,
          "scheduled_wall_seconds": 3.840000000083819,
          "started_wall_seconds": 1.4168407020624727,
          "completed_wall_seconds": 1.4315785260405391,
          "missed_deadline": false,
          "version_used": 460,
          "update_launched": false,
          "finite": false,
          "completed_version": null,
          "controller_seconds": 0.011274361051619053,
          "learner_seconds": 0.0,
          "learner_started_wall_seconds": null,
          "learner_completed_wall_seconds": null,
          "physical_clearance_m": 2.5860332418289818
        },
        {
          "time": 3.88,
          "scheduled_wall_seconds": 3.8799999998882413,
          "started_wall_seconds": 1.431584188947454,
          "completed_wall_seconds": 1.4458866729401052,
          "missed_deadline": false,
          "version_used": 460,
          "update_launched": false,
          "finite": false,
          "completed_version": null,
          "controller_seconds": 0.011385559104382992,
          "learner_seconds": 0.0,
          "learner_started_wall_seconds": null,
          "learner_completed_wall_seconds": null,
          "physical_clearance_m": 2.5875188279953636
        },
        {
          "time": 3.92,
          "scheduled_wall_seconds": 3.919999999925494,
          "started_wall_seconds": 1.4458924781065434,
          "completed_wall_seconds": 1.4600395269226283,
          "missed_deadline": false,
          "version_used": 460,
          "update_launched": false,
          "finite": false,
          "completed_version": null,
          "controller_seconds": 0.01128875114955008,
          "learner_seconds": 0.0,
          "learner_started_wall_seconds": null,
          "learner_completed_wall_seconds": null,
          "physical_clearance_m": 2.5894531179276146
        },
        {
          "time": 3.96,
          "scheduled_wall_seconds": 3.959999999962747,
          "started_wall_seconds": 1.4600488340947777,
          "completed_wall_seconds": 1.4743247169535607,
          "missed_deadline": false,
          "version_used": 460,
          "update_launched": false,
          "finite": false,
          "completed_version": null,
          "controller_seconds": 0.011344990925863385,
          "learner_seconds": 0.0,
          "learner_started_wall_seconds": null,
          "learner_completed_wall_seconds": null,
          "physical_clearance_m": 2.591820137580935
        },
        {
          "time": 4.0,
          "scheduled_wall_seconds": 4.0,
          "started_wall_seconds": 1.4743304310832173,
          "completed_wall_seconds": 1.4887280371040106,
          "missed_deadline": false,
          "version_used": 460,
          "update_launched": false,
          "finite": false,
          "completed_version": null,
          "controller_seconds": 0.011338246054947376,
          "learner_seconds": 0.0,
          "learner_started_wall_seconds": null,
          "learner_completed_wall_seconds": null,
          "physical_clearance_m": 2.5946031976547874
        },
        {
          "time": 4.04,
          "scheduled_wall_seconds": 4.040000000037253,
          "started_wall_seconds": 1.488759574946016,
          "completed_wall_seconds": 1.5031090520787984,
          "missed_deadline": false,
          "version_used": 460,
          "update_launched": false,
          "finite": false,
          "completed_version": null,
          "controller_seconds": 0.011313389986753464,
          "learner_seconds": 0.0,
          "learner_started_wall_seconds": null,
          "learner_completed_wall_seconds": null,
          "physical_clearance_m": 2.597785132011477
        },
        {
          "time": 4.08,
          "scheduled_wall_seconds": 4.080000000074506,
          "started_wall_seconds": 1.5031147829722613,
          "completed_wall_seconds": 1.5175993461161852,
          "missed_deadline": false,
          "version_used": 460,
          "update_launched": false,
          "finite": false,
          "completed_version": null,
          "controller_seconds": 0.01129911094903946,
          "learner_seconds": 0.0,
          "learner_started_wall_seconds": null,
          "learner_completed_wall_seconds": null,
          "physical_clearance_m": 2.601349251350466
        },
        {
          "time": 4.12,
          "scheduled_wall_seconds": 4.120000000111759,
          "started_wall_seconds": 1.5176052891183645,
          "completed_wall_seconds": 1.532223311951384,
          "missed_deadline": false,
          "version_used": 460,
          "update_launched": false,
          "finite": false,
          "completed_version": null,
          "controller_seconds": 0.011387213133275509,
          "learner_seconds": 0.0,
          "learner_started_wall_seconds": null,
          "learner_completed_wall_seconds": null,
          "physical_clearance_m": 2.605278627952639
        },
        {
          "time": 4.16,
          "scheduled_wall_seconds": 4.159999999916181,
          "started_wall_seconds": 1.5322292929049581,
          "completed_wall_seconds": 1.5466844299808145,
          "missed_deadline": false,
          "version_used": 460,
          "update_launched": false,
          "finite": false,
          "completed_version": null,
          "controller_seconds": 0.0112497101072222,
          "learner_seconds": 0.0,
          "learner_started_wall_seconds": null,
          "learner_completed_wall_seconds": null,
          "physical_clearance_m": 2.6095587182846702
        },
        {
          "time": 4.2,
          "scheduled_wall_seconds": 4.199999999953434,
          "started_wall_seconds": 1.5466904419008642,
          "completed_wall_seconds": 1.5634645700920373,
          "missed_deadline": false,
          "version_used": 460,
          "update_launched": false,
          "finite": false,
          "completed_version": null,
          "controller_seconds": 0.011603640159592032,
          "learner_seconds": 0.0,
          "learner_started_wall_seconds": null,
          "learner_completed_wall_seconds": null,
          "physical_clearance_m": 2.6141745019760765
        },
        {
          "time": 4.24,
          "scheduled_wall_seconds": 4.239999999990687,
          "started_wall_seconds": 1.5634728549048305,
          "completed_wall_seconds": 1.5792321390472353,
          "missed_deadline": false,
          "version_used": 460,
          "update_launched": false,
          "finite": false,
          "completed_version": null,
          "controller_seconds": 0.012191737070679665,
          "learner_seconds": 0.0,
          "learner_started_wall_seconds": null,
          "learner_completed_wall_seconds": null,
          "physical_clearance_m": 2.6191133428421653
        },
        {
          "time": 4.28,
          "scheduled_wall_seconds": 4.28000000002794,
          "started_wall_seconds": 1.579240222927183,
          "completed_wall_seconds": 1.5942585880402476,
          "missed_deadline": false,
          "version_used": 460,
          "update_launched": false,
          "finite": false,
          "completed_version": null,
          "controller_seconds": 0.011772067053243518,
          "learner_seconds": 0.0,
          "learner_started_wall_seconds": null,
          "learner_completed_wall_seconds": null,
          "physical_clearance_m": 2.62436379679114
        },
        {
          "time": 4.32,
          "scheduled_wall_seconds": 4.320000000065193,
          "started_wall_seconds": 1.5942650109063834,
          "completed_wall_seconds": 1.6090773630421609,
          "missed_deadline": false,
          "version_used": 460,
          "update_launched": false,
          "finite": false,
          "completed_version": null,
          "controller_seconds": 0.011475234990939498,
          "learner_seconds": 0.0,
          "learner_started_wall_seconds": null,
          "learner_completed_wall_seconds": null,
          "physical_clearance_m": 2.62991537340552
        },
        {
          "time": 4.36,
          "scheduled_wall_seconds": 4.3600000001024455,
          "started_wall_seconds": 1.609083788935095,
          "completed_wall_seconds": 1.6236438560299575,
          "missed_deadline": false,
          "version_used": 460,
          "update_launched": false,
          "finite": false,
          "completed_version": null,
          "controller_seconds": 0.0113964369520545,
          "learner_seconds": 0.0,
          "learner_started_wall_seconds": null,
          "learner_completed_wall_seconds": null,
          "physical_clearance_m": 2.6357594896164573
        },
        {
          "time": 4.4,
          "scheduled_wall_seconds": 4.399999999906868,
          "started_wall_seconds": 1.6236501429229975,
          "completed_wall_seconds": 1.6378802380058914,
          "missed_deadline": false,
          "version_used": 460,
          "update_launched": false,
          "finite": false,
          "completed_version": null,
          "controller_seconds": 0.011265287874266505,
          "learner_seconds": 0.0,
          "learner_started_wall_seconds": null,
          "learner_completed_wall_seconds": null,
          "physical_clearance_m": 2.6418889928665794
        },
        {
          "time": 4.44,
          "scheduled_wall_seconds": 4.439999999944121,
          "started_wall_seconds": 1.6378859379328787,
          "completed_wall_seconds": 1.65227308194153,
          "missed_deadline": false,
          "version_used": 460,
          "update_launched": false,
          "finite": false,
          "completed_version": null,
          "controller_seconds": 0.011375593952834606,
          "learner_seconds": 0.0,
          "learner_started_wall_seconds": null,
          "learner_completed_wall_seconds": null,
          "physical_clearance_m": 2.6482976842728294
        },
        {
          "time": 4.48,
          "scheduled_wall_seconds": 4.4799999999813735,
          "started_wall_seconds": 1.6522787439171225,
          "completed_wall_seconds": 1.6663419820833951,
          "missed_deadline": false,
          "version_used": 460,
          "update_launched": false,
          "finite": false,
          "completed_version": null,
          "controller_seconds": 0.011301263002678752,
          "learner_seconds": 0.0,
          "learner_started_wall_seconds": null,
          "learner_completed_wall_seconds": null,
          "physical_clearance_m": 2.654980318626467
        },
        {
          "time": 4.5200000000000005,
          "scheduled_wall_seconds": 4.5200000000186265,
          "started_wall_seconds": 1.6663477020338178,
          "completed_wall_seconds": 1.6806481468956918,
          "missed_deadline": false,
          "version_used": 460,
          "update_launched": false,
          "finite": false,
          "completed_version": null,
          "controller_seconds": 0.01132071390748024,
          "learner_seconds": 0.0,
          "learner_started_wall_seconds": null,
          "learner_completed_wall_seconds": null,
          "physical_clearance_m": 2.6619321275559105
        },
        {
          "time": 4.5600000000000005,
          "scheduled_wall_seconds": 4.560000000055879,
          "started_wall_seconds": 1.680653914110735,
          "completed_wall_seconds": 1.6947918368969113,
          "missed_deadline": false,
          "version_used": 460,
          "update_launched": false,
          "finite": false,
          "completed_version": null,
          "controller_seconds": 0.011303075822070241,
          "learner_seconds": 0.0,
          "learner_started_wall_seconds": null,
          "learner_completed_wall_seconds": null,
          "physical_clearance_m": 2.6691488195267357
        },
        {
          "time": 4.6000000000000005,
          "scheduled_wall_seconds": 4.600000000093132,
          "started_wall_seconds": 1.6947974578943104,
          "completed_wall_seconds": 1.7090463500935584,
          "missed_deadline": false,
          "version_used": 460,
          "update_launched": false,
          "finite": false,
          "completed_version": null,
          "controller_seconds": 0.011361350072547793,
          "learner_seconds": 0.0,
          "learner_started_wall_seconds": null,
          "learner_completed_wall_seconds": null,
          "physical_clearance_m": 2.669581215036693
        },
        {
          "time": 4.64,
          "scheduled_wall_seconds": 4.6399999998975545,
          "started_wall_seconds": 1.7090522509533912,
          "completed_wall_seconds": 1.7233180340845138,
          "missed_deadline": false,
          "version_used": 460,
          "update_launched": false,
          "finite": false,
          "completed_version": null,
          "controller_seconds": 0.01126428390853107,
          "learner_seconds": 0.0,
          "learner_started_wall_seconds": null,
          "learner_completed_wall_seconds": null,
          "physical_clearance_m": 2.6680591508277085
        },
        {
          "time": 4.68,
          "scheduled_wall_seconds": 4.679999999934807,
          "started_wall_seconds": 1.72332375892438,
          "completed_wall_seconds": 1.737740518990904,
          "missed_deadline": false,
          "version_used": 460,
          "update_launched": false,
          "finite": false,
          "completed_version": null,
          "controller_seconds": 0.011357925832271576,
          "learner_seconds": 0.0,
          "learner_started_wall_seconds": null,
          "learner_completed_wall_seconds": null,
          "physical_clearance_m": 2.6668754025824692
        },
        {
          "time": 4.72,
          "scheduled_wall_seconds": 4.71999999997206,
          "started_wall_seconds": 1.7377459430135787,
          "completed_wall_seconds": 1.7523174150846899,
          "missed_deadline": false,
          "version_used": 460,
          "update_launched": false,
          "finite": false,
          "completed_version": null,
          "controller_seconds": 0.01127552310936153,
          "learner_seconds": 0.0,
          "learner_started_wall_seconds": null,
          "learner_completed_wall_seconds": null,
          "physical_clearance_m": 2.6660352155097153
        },
        {
          "time": 4.76,
          "scheduled_wall_seconds": 4.760000000009313,
          "started_wall_seconds": 1.7523233650717884,
          "completed_wall_seconds": 1.7666166620329022,
          "missed_deadline": false,
          "version_used": 460,
          "update_launched": false,
          "finite": false,
          "completed_version": null,
          "controller_seconds": 0.011326086008921266,
          "learner_seconds": 0.0,
          "learner_started_wall_seconds": null,
          "learner_completed_wall_seconds": null,
          "physical_clearance_m": 2.665541927469554
        },
        {
          "time": 4.8,
          "scheduled_wall_seconds": 4.800000000046566,
          "started_wall_seconds": 1.7666223330888897,
          "completed_wall_seconds": 1.780804071109742,
          "missed_deadline": false,
          "version_used": 460,
          "update_launched": false,
          "finite": false,
          "completed_version": null,
          "controller_seconds": 0.011259343009442091,
          "learner_seconds": 0.0,
          "learner_started_wall_seconds": null,
          "learner_completed_wall_seconds": null,
          "physical_clearance_m": 2.6653948232062485
        },
        {
          "time": 4.84,
          "scheduled_wall_seconds": 4.840000000083819,
          "started_wall_seconds": 1.7808101458940655,
          "completed_wall_seconds": 1.7958309219684452,
          "missed_deadline": false,
          "version_used": 460,
          "update_launched": false,
          "finite": false,
          "completed_version": null,
          "controller_seconds": 0.01177919702604413,
          "learner_seconds": 0.0,
          "learner_started_wall_seconds": null,
          "learner_completed_wall_seconds": null,
          "physical_clearance_m": 2.6653976842291978
        },
        {
          "time": 4.88,
          "scheduled_wall_seconds": 4.879999999888241,
          "started_wall_seconds": 1.7958384070079774,
          "completed_wall_seconds": 1.8108389980625361,
          "missed_deadline": false,
          "version_used": 460,
          "update_launched": false,
          "finite": false,
          "completed_version": null,
          "controller_seconds": 0.01202371809631586,
          "learner_seconds": 0.0,
          "learner_started_wall_seconds": null,
          "learner_completed_wall_seconds": null,
          "physical_clearance_m": 2.665600340021434
        },
        {
          "time": 4.92,
          "scheduled_wall_seconds": 4.919999999925494,
          "started_wall_seconds": 1.8108471790328622,
          "completed_wall_seconds": 1.8257572050206363,
          "missed_deadline": false,
          "version_used": 460,
          "update_launched": false,
          "finite": false,
          "completed_version": null,
          "controller_seconds": 0.011818059952929616,
          "learner_seconds": 0.0,
          "learner_started_wall_seconds": null,
          "learner_completed_wall_seconds": null,
          "physical_clearance_m": 2.6661463185675767
        },
        {
          "time": 4.96,
          "scheduled_wall_seconds": 4.959999999962747,
          "started_wall_seconds": 1.8257642351090908,
          "completed_wall_seconds": 1.8399886079132557,
          "missed_deadline": false,
          "version_used": 460,
          "update_launched": false,
          "finite": false,
          "completed_version": null,
          "controller_seconds": 0.011329451808705926,
          "learner_seconds": 0.0,
          "learner_started_wall_seconds": null,
          "learner_completed_wall_seconds": null,
          "physical_clearance_m": 2.6670289441474107
        },
        {
          "time": 5.0,
          "scheduled_wall_seconds": 5.0,
          "started_wall_seconds": 1.839994546957314,
          "completed_wall_seconds": 1.8541518079582602,
          "missed_deadline": false,
          "version_used": 460,
          "update_launched": false,
          "finite": false,
          "completed_version": null,
          "controller_seconds": 0.011392350075766444,
          "learner_seconds": 0.0,
          "learner_started_wall_seconds": null,
          "learner_completed_wall_seconds": null,
          "physical_clearance_m": 2.6682382031806138
        },
        {
          "time": 5.04,
          "scheduled_wall_seconds": 5.040000000037253,
          "started_wall_seconds": 1.8541576890274882,
          "completed_wall_seconds": 1.8682337179780006,
          "missed_deadline": false,
          "version_used": 460,
          "update_launched": false,
          "finite": false,
          "completed_version": null,
          "controller_seconds": 0.011304589919745922,
          "learner_seconds": 0.0,
          "learner_started_wall_seconds": null,
          "learner_completed_wall_seconds": null,
          "physical_clearance_m": 2.669761936319652
        },
        {
          "time": 5.08,
          "scheduled_wall_seconds": 5.080000000074506,
          "started_wall_seconds": 1.8682396770454943,
          "completed_wall_seconds": 1.8827718580141664,
          "missed_deadline": false,
          "version_used": 460,
          "update_launched": false,
          "finite": false,
          "completed_version": null,
          "controller_seconds": 0.01138948299922049,
          "learner_seconds": 0.0,
          "learner_started_wall_seconds": null,
          "learner_completed_wall_seconds": null,
          "physical_clearance_m": 2.6715846463568833
        },
        {
          "time": 5.12,
          "scheduled_wall_seconds": 5.120000000111759,
          "started_wall_seconds": 1.8827775029931217,
          "completed_wall_seconds": 1.89700752007775,
          "missed_deadline": false,
          "version_used": 460,
          "update_launched": false,
          "finite": false,
          "completed_version": null,
          "controller_seconds": 0.011297785909846425,
          "learner_seconds": 0.0,
          "learner_started_wall_seconds": null,
          "learner_completed_wall_seconds": null,
          "physical_clearance_m": 2.6736889287360337
        },
        {
          "time": 5.16,
          "scheduled_wall_seconds": 5.159999999916181,
          "started_wall_seconds": 1.8970135550480336,
          "completed_wall_seconds": 1.9112111970316619,
          "missed_deadline": false,
          "version_used": 460,
          "update_launched": false,
          "finite": false,
          "completed_version": null,
          "controller_seconds": 0.011366891209036112,
          "learner_seconds": 0.0,
          "learner_started_wall_seconds": null,
          "learner_completed_wall_seconds": null,
          "physical_clearance_m": 2.676053325784984
        },
        {
          "time": 5.2,
          "scheduled_wall_seconds": 5.199999999953434,
          "started_wall_seconds": 1.9112170219887048,
          "completed_wall_seconds": 1.9250174150802195,
          "missed_deadline": false,
          "version_used": 460,
          "update_launched": false,
          "finite": false,
          "completed_version": null,
          "controller_seconds": 0.011230069911107421,
          "learner_seconds": 0.0,
          "learner_started_wall_seconds": null,
          "learner_completed_wall_seconds": null,
          "physical_clearance_m": 2.6786556645758774
        },
        {
          "time": 5.24,
          "scheduled_wall_seconds": 5.239999999990687,
          "started_wall_seconds": 1.9250231441110373,
          "completed_wall_seconds": 1.9391093119047582,
          "missed_deadline": false,
          "version_used": 460,
          "update_launched": false,
          "finite": false,
          "completed_version": null,
          "controller_seconds": 0.01126757706515491,
          "learner_seconds": 0.0,
          "learner_started_wall_seconds": null,
          "learner_completed_wall_seconds": null,
          "physical_clearance_m": 2.681471626413646
        },
        {
          "time": 5.28,
          "scheduled_wall_seconds": 5.28000000002794,
          "started_wall_seconds": 1.9391149980947375,
          "completed_wall_seconds": 1.9532124591059983,
          "missed_deadline": false,
          "version_used": 460,
          "update_launched": false,
          "finite": false,
          "completed_version": null,
          "controller_seconds": 0.011205407092347741,
          "learner_seconds": 0.0,
          "learner_started_wall_seconds": null,
          "learner_completed_wall_seconds": null,
          "physical_clearance_m": 2.684473793161693
        },
        {
          "time": 5.32,
          "scheduled_wall_seconds": 5.320000000065193,
          "started_wall_seconds": 1.9532179480884224,
          "completed_wall_seconds": 1.9675817359238863,
          "missed_deadline": false,
          "version_used": 460,
          "update_launched": false,
          "finite": false,
          "completed_version": null,
          "controller_seconds": 0.011400035815313458,
          "learner_seconds": 0.0,
          "learner_started_wall_seconds": null,
          "learner_completed_wall_seconds": null,
          "physical_clearance_m": 2.6876345082648423
        },
        {
          "time": 5.36,
          "scheduled_wall_seconds": 5.3600000001024455,
          "started_wall_seconds": 1.9675875611137599,
          "completed_wall_seconds": 1.981506132055074,
          "missed_deadline": false,
          "version_used": 460,
          "update_launched": false,
          "finite": false,
          "completed_version": null,
          "controller_seconds": 0.011222786968573928,
          "learner_seconds": 0.0,
          "learner_started_wall_seconds": null,
          "learner_completed_wall_seconds": null,
          "physical_clearance_m": 2.690924923075023
        },
        {
          "time": 5.4,
          "scheduled_wall_seconds": 5.399999999906868,
          "started_wall_seconds": 1.9815118371043354,
          "completed_wall_seconds": 1.997053504921496,
          "missed_deadline": false,
          "version_used": 460,
          "update_launched": false,
          "finite": false,
          "completed_version": null,
          "controller_seconds": 0.011991966050118208,
          "learner_seconds": 0.0,
          "learner_started_wall_seconds": null,
          "learner_completed_wall_seconds": null,
          "physical_clearance_m": 2.694315235269847
        },
        {
          "time": 5.44,
          "scheduled_wall_seconds": 5.439999999944121,
          "started_wall_seconds": 1.997061646077782,
          "completed_wall_seconds": 2.012419867096469,
          "missed_deadline": false,
          "version_used": 460,
          "update_launched": false,
          "finite": false,
          "completed_version": null,
          "controller_seconds": 0.012040810892358422,
          "learner_seconds": 0.0,
          "learner_started_wall_seconds": null,
          "learner_completed_wall_seconds": null,
          "physical_clearance_m": 2.69777492727119
        },
        {
          "time": 5.48,
          "scheduled_wall_seconds": 5.4799999999813735,
          "started_wall_seconds": 2.012427827110514,
          "completed_wall_seconds": 2.0274652710650116,
          "missed_deadline": false,
          "version_used": 460,
          "update_launched": false,
          "finite": false,
          "completed_version": null,
          "controller_seconds": 0.011749993078410625,
          "learner_seconds": 0.0,
          "learner_started_wall_seconds": null,
          "learner_completed_wall_seconds": null,
          "physical_clearance_m": 2.7012734815009263
        },
        {
          "time": 5.5200000000000005,
          "scheduled_wall_seconds": 5.5200000000186265,
          "started_wall_seconds": 2.0274718808941543,
          "completed_wall_seconds": 2.0416859521064907,
          "missed_deadline": false,
          "version_used": 460,
          "update_launched": false,
          "finite": false,
          "completed_version": null,
          "controller_seconds": 0.011391150066629052,
          "learner_seconds": 0.0,
          "learner_started_wall_seconds": null,
          "learner_completed_wall_seconds": null,
          "physical_clearance_m": 2.7047808572180894
        },
        {
          "time": 5.5600000000000005,
          "scheduled_wall_seconds": 5.560000000055879,
          "started_wall_seconds": 2.0416917379479855,
          "completed_wall_seconds": 2.055996384937316,
          "missed_deadline": false,
          "version_used": 460,
          "update_launched": false,
          "finite": false,
          "completed_version": null,
          "controller_seconds": 0.011394364992156625,
          "learner_seconds": 0.0,
          "learner_started_wall_seconds": null,
          "learner_completed_wall_seconds": null,
          "physical_clearance_m": 2.708266536844554
        },
        {
          "time": 5.6000000000000005,
          "scheduled_wall_seconds": 5.600000000093132,
          "started_wall_seconds": 2.0560023330617696,
          "completed_wall_seconds": 2.069922871887684,
          "missed_deadline": false,
          "version_used": 460,
          "update_launched": false,
          "finite": false,
          "completed_version": null,
          "controller_seconds": 0.011224792106077075,
          "learner_seconds": 0.0,
          "learner_started_wall_seconds": null,
          "learner_completed_wall_seconds": null,
          "physical_clearance_m": 2.7117014333136704
        },
        {
          "time": 5.64,
          "scheduled_wall_seconds": 5.6399999998975545,
          "started_wall_seconds": 2.0699285129085183,
          "completed_wall_seconds": 2.084413598990068,
          "missed_deadline": false,
          "version_used": 460,
          "update_launched": false,
          "finite": false,
          "completed_version": null,
          "controller_seconds": 0.01133647607639432,
          "learner_seconds": 0.0,
          "learner_started_wall_seconds": null,
          "learner_completed_wall_seconds": null,
          "physical_clearance_m": 2.7150566979773667
        },
        {
          "time": 5.68,
          "scheduled_wall_seconds": 5.679999999934807,
          "started_wall_seconds": 2.0844193170778453,
          "completed_wall_seconds": 2.0986090030055493,
          "missed_deadline": false,
          "version_used": 460,
          "update_launched": false,
          "finite": false,
          "completed_version": null,
          "controller_seconds": 0.011344265192747116,
          "learner_seconds": 0.0,
          "learner_started_wall_seconds": null,
          "learner_completed_wall_seconds": null,
          "physical_clearance_m": 2.718304435861888
        },
        {
          "time": 5.72,
          "scheduled_wall_seconds": 5.71999999997206,
          "started_wall_seconds": 2.0986148139927536,
          "completed_wall_seconds": 2.1127913589589298,
          "missed_deadline": false,
          "version_used": 460,
          "update_launched": false,
          "finite": false,
          "completed_version": null,
          "controller_seconds": 0.01137140509672463,
          "learner_seconds": 0.0,
          "learner_started_wall_seconds": null,
          "learner_completed_wall_seconds": null,
          "physical_clearance_m": 2.721419136179271
        },
        {
          "time": 5.76,
          "scheduled_wall_seconds": 5.760000000009313,
          "started_wall_seconds": 2.112797240028158,
          "completed_wall_seconds": 2.1266630908939987,
          "missed_deadline": false,
          "version_used": 460,
          "update_launched": false,
          "finite": false,
          "completed_version": null,
          "controller_seconds": 0.011208501178771257,
          "learner_seconds": 0.0,
          "learner_started_wall_seconds": null,
          "learner_completed_wall_seconds": null,
          "physical_clearance_m": 2.7243760033972886
        },
        {
          "time": 5.8,
          "scheduled_wall_seconds": 5.800000000046566,
          "started_wall_seconds": 2.1266690068878233,
          "completed_wall_seconds": 2.1409548039082438,
          "missed_deadline": false,
          "version_used": 460,
          "update_launched": false,
          "finite": false,
          "completed_version": null,
          "controller_seconds": 0.011353075038641691,
          "learner_seconds": 0.0,
          "learner_started_wall_seconds": null,
          "learner_completed_wall_seconds": null,
          "physical_clearance_m": 2.7271509572394517
        },
        {
          "time": 5.84,
          "scheduled_wall_seconds": 5.840000000083819,
          "started_wall_seconds": 2.1409605159424245,
          "completed_wall_seconds": 2.155904969898984,
          "missed_deadline": false,
          "version_used": 460,
          "update_launched": false,
          "finite": false,
          "completed_version": null,
          "controller_seconds": 0.011367577826604247,
          "learner_seconds": 0.0,
          "learner_started_wall_seconds": null,
          "learner_completed_wall_seconds": null,
          "physical_clearance_m": 2.7297230168707993
        },
        {
          "time": 5.88,
          "scheduled_wall_seconds": 5.879999999888241,
          "started_wall_seconds": 2.15591137111187,
          "completed_wall_seconds": 2.1716462878976017,
          "missed_deadline": false,
          "version_used": 460,
          "update_launched": false,
          "finite": false,
          "completed_version": null,
          "controller_seconds": 0.01221829792484641,
          "learner_seconds": 0.0,
          "learner_started_wall_seconds": null,
          "learner_completed_wall_seconds": null,
          "physical_clearance_m": 2.7320726319678452
        },
        {
          "time": 5.92,
          "scheduled_wall_seconds": 5.919999999925494,
          "started_wall_seconds": 2.1716547429095954,
          "completed_wall_seconds": 2.1866755690425634,
          "missed_deadline": false,
          "version_used": 460,
          "update_launched": false,
          "finite": false,
          "completed_version": null,
          "controller_seconds": 0.011852056020870805,
          "learner_seconds": 0.0,
          "learner_started_wall_seconds": null,
          "learner_completed_wall_seconds": null,
          "physical_clearance_m": 2.7341816827185776
        },
        {
          "time": 5.96,
          "scheduled_wall_seconds": 5.959999999962747,
          "started_wall_seconds": 2.1866823679301888,
          "completed_wall_seconds": 2.201187676982954,
          "missed_deadline": false,
          "version_used": 460,
          "update_launched": false,
          "finite": false,
          "completed_version": null,
          "controller_seconds": 0.011530509917065501,
          "learner_seconds": 0.0,
          "learner_started_wall_seconds": null,
          "learner_completed_wall_seconds": null,
          "physical_clearance_m": 2.736035148752513
        },
        {
          "time": 6.0,
          "scheduled_wall_seconds": 6.0,
          "started_wall_seconds": 2.2011935559567064,
          "completed_wall_seconds": 2.215361939975992,
          "missed_deadline": false,
          "version_used": 460,
          "update_launched": false,
          "finite": false,
          "completed_version": null,
          "controller_seconds": 0.011369612067937851,
          "learner_seconds": 0.0,
          "learner_started_wall_seconds": null,
          "learner_completed_wall_seconds": null,
          "physical_clearance_m": 2.737618963373485
        },
        {
          "time": 6.04,
          "scheduled_wall_seconds": 6.040000000037253,
          "started_wall_seconds": 2.215367709985003,
          "completed_wall_seconds": 2.2296867119148374,
          "missed_deadline": false,
          "version_used": 460,
          "update_launched": false,
          "finite": false,
          "completed_version": null,
          "controller_seconds": 0.011379783973097801,
          "learner_seconds": 0.0,
          "learner_started_wall_seconds": null,
          "learner_completed_wall_seconds": null,
          "physical_clearance_m": 2.738921682489696
        },
        {
          "time": 6.08,
          "scheduled_wall_seconds": 6.080000000074506,
          "started_wall_seconds": 2.2296925529371947,
          "completed_wall_seconds": 2.244395629968494,
          "missed_deadline": false,
          "version_used": 460,
          "update_launched": false,
          "finite": false,
          "completed_version": null,
          "controller_seconds": 0.011462057940661907,
          "learner_seconds": 0.0,
          "learner_started_wall_seconds": null,
          "learner_completed_wall_seconds": null,
          "physical_clearance_m": 2.73993424619514
        },
        {
          "time": 6.12,
          "scheduled_wall_seconds": 6.120000000111759,
          "started_wall_seconds": 2.244401993928477,
          "completed_wall_seconds": 2.2590263329911977,
          "missed_deadline": false,
          "version_used": 460,
          "update_launched": false,
          "finite": false,
          "completed_version": null,
          "controller_seconds": 0.011526706162840128,
          "learner_seconds": 0.0,
          "learner_started_wall_seconds": null,
          "learner_completed_wall_seconds": null,
          "physical_clearance_m": 2.740649740351024
        },
        {
          "time": 6.16,
          "scheduled_wall_seconds": 6.159999999916181,
          "started_wall_seconds": 2.2590322769246995,
          "completed_wall_seconds": 2.2732476401142776,
          "missed_deadline": false,
          "version_used": 460,
          "update_launched": false,
          "finite": false,
          "completed_version": null,
          "controller_seconds": 0.011334446026012301,
          "learner_seconds": 0.0,
          "learner_started_wall_seconds": null,
          "learner_completed_wall_seconds": null,
          "physical_clearance_m": 2.741062919748607
        },
        {
          "time": 6.2,
          "scheduled_wall_seconds": 6.199999999953434,
          "started_wall_seconds": 2.2732532960362732,
          "completed_wall_seconds": 2.287659151945263,
          "missed_deadline": false,
          "version_used": 460,
          "update_launched": false,
          "finite": false,
          "completed_version": null,
          "controller_seconds": 0.011447568889707327,
          "learner_seconds": 0.0,
          "learner_started_wall_seconds": null,
          "learner_completed_wall_seconds": null,
          "physical_clearance_m": 2.740976612222972
        },
        {
          "time": 6.24,
          "scheduled_wall_seconds": 6.239999999990687,
          "started_wall_seconds": 2.2876648569945246,
          "completed_wall_seconds": 2.301897164899856,
          "missed_deadline": false,
          "version_used": 460,
          "update_launched": false,
          "finite": false,
          "completed_version": null,
          "controller_seconds": 0.011215619975700974,
          "learner_seconds": 0.0,
          "learner_started_wall_seconds": null,
          "learner_completed_wall_seconds": null,
          "physical_clearance_m": 2.740478794229808
        },
        {
          "time": 6.28,
          "scheduled_wall_seconds": 6.28000000002794,
          "started_wall_seconds": 2.301903343992308,
          "completed_wall_seconds": 2.3168655729386955,
          "missed_deadline": false,
          "version_used": 460,
          "update_launched": false,
          "finite": false,
          "completed_version": null,
          "controller_seconds": 0.01140026398934424,
          "learner_seconds": 0.0,
          "learner_started_wall_seconds": null,
          "learner_completed_wall_seconds": null,
          "physical_clearance_m": 2.739683191431346
        },
        {
          "time": 6.32,
          "scheduled_wall_seconds": 6.320000000065193,
          "started_wall_seconds": 2.3168716349173337,
          "completed_wall_seconds": 2.3311042180284858,
          "missed_deadline": false,
          "version_used": 460,
          "update_launched": false,
          "finite": false,
          "completed_version": null,
          "controller_seconds": 0.011235543992370367,
          "learner_seconds": 0.0,
          "learner_started_wall_seconds": null,
          "learner_completed_wall_seconds": null,
          "physical_clearance_m": 2.7385964795478013
        },
        {
          "time": 6.36,
          "scheduled_wall_seconds": 6.3600000001024455,
          "started_wall_seconds": 2.3311100059654564,
          "completed_wall_seconds": 2.345809725113213,
          "missed_deadline": false,
          "version_used": 460,
          "update_launched": false,
          "finite": false,
          "completed_version": null,
          "controller_seconds": 0.011380246141925454,
          "learner_seconds": 0.0,
          "learner_started_wall_seconds": null,
          "learner_completed_wall_seconds": null,
          "physical_clearance_m": 2.7372262879737046
        },
        {
          "time": 6.4,
          "scheduled_wall_seconds": 6.399999999906868,
          "started_wall_seconds": 2.345815374981612,
          "completed_wall_seconds": 2.3602194329723716,
          "missed_deadline": false,
          "version_used": 460,
          "update_launched": false,
          "finite": false,
          "completed_version": null,
          "controller_seconds": 0.011193777900189161,
          "learner_seconds": 0.0,
          "learner_started_wall_seconds": null,
          "learner_completed_wall_seconds": null,
          "physical_clearance_m": 2.7355857297309067
        },
        {
          "time": 6.44,
          "scheduled_wall_seconds": 6.439999999944121,
          "started_wall_seconds": 2.360225484939292,
          "completed_wall_seconds": 2.37528108805418,
          "missed_deadline": false,
          "version_used": 460,
          "update_launched": false,
          "finite": false,
          "completed_version": null,
          "controller_seconds": 0.011618488933891058,
          "learner_seconds": 0.0,
          "learner_started_wall_seconds": null,
          "learner_completed_wall_seconds": null,
          "physical_clearance_m": 2.7336864873297837
        },
        {
          "time": 6.48,
          "scheduled_wall_seconds": 6.4799999999813735,
          "started_wall_seconds": 2.3752880319952965,
          "completed_wall_seconds": 2.3903289639856666,
          "missed_deadline": false,
          "version_used": 460,
          "update_launched": false,
          "finite": false,
          "completed_version": null,
          "controller_seconds": 0.011889256071299314,
          "learner_seconds": 0.0,
          "learner_started_wall_seconds": null,
          "learner_completed_wall_seconds": null,
          "physical_clearance_m": 2.731544296396556
        },
        {
          "time": 6.5200000000000005,
          "scheduled_wall_seconds": 6.5200000000186265,
          "started_wall_seconds": 2.390335998032242,
          "completed_wall_seconds": 2.4054081349167973,
          "missed_deadline": false,
          "version_used": 460,
          "update_launched": false,
          "finite": false,
          "completed_version": null,
          "controller_seconds": 0.011885726125910878,
          "learner_seconds": 0.0,
          "learner_started_wall_seconds": null,
          "learner_completed_wall_seconds": null,
          "physical_clearance_m": 2.7291758462317612
        },
        {
          "time": 6.5600000000000005,
          "scheduled_wall_seconds": 6.560000000055879,
          "started_wall_seconds": 2.405415055109188,
          "completed_wall_seconds": 2.419837420107797,
          "missed_deadline": false,
          "version_used": 460,
          "update_launched": false,
          "finite": false,
          "completed_version": null,
          "controller_seconds": 0.01146848895587027,
          "learner_seconds": 0.0,
          "learner_started_wall_seconds": null,
          "learner_completed_wall_seconds": null,
          "physical_clearance_m": 2.7266009255774644
        },
        {
          "time": 6.6000000000000005,
          "scheduled_wall_seconds": 6.600000000093132,
          "started_wall_seconds": 2.419843435054645,
          "completed_wall_seconds": 2.434259678935632,
          "missed_deadline": false,
          "version_used": 460,
          "update_launched": false,
          "finite": false,
          "completed_version": null,
          "controller_seconds": 0.011393096065148711,
          "learner_seconds": 0.0,
          "learner_started_wall_seconds": null,
          "learner_completed_wall_seconds": null,
          "physical_clearance_m": 2.7238400384314683
        },
        {
          "time": 6.640000000000001,
          "scheduled_wall_seconds": 6.6399999998975545,
          "started_wall_seconds": 2.4342653409112245,
          "completed_wall_seconds": 2.44868079200387,
          "missed_deadline": false,
          "version_used": 460,
          "update_launched": false,
          "finite": false,
          "completed_version": null,
          "controller_seconds": 0.011298462050035596,
          "learner_seconds": 0.0,
          "learner_started_wall_seconds": null,
          "learner_completed_wall_seconds": null,
          "physical_clearance_m": 2.7209153577216294
        },
        {
          "time": 6.68,
          "scheduled_wall_seconds": 6.679999999934807,
          "started_wall_seconds": 2.4486864330247045,
          "completed_wall_seconds": 2.4629075541161,
          "missed_deadline": false,
          "version_used": 460,
          "update_launched": false,
          "finite": false,
          "completed_version": null,
          "controller_seconds": 0.011370598105713725,
          "learner_seconds": 0.0,
          "learner_started_wall_seconds": null,
          "learner_completed_wall_seconds": null,
          "physical_clearance_m": 2.7178521558173325
        },
        {
          "time": 6.72,
          "scheduled_wall_seconds": 6.71999999997206,
          "started_wall_seconds": 2.462913184892386,
          "completed_wall_seconds": 2.4772586841136217,
          "missed_deadline": false,
          "version_used": 460,
          "update_launched": false,
          "finite": false,
          "completed_version": null,
          "controller_seconds": 0.011295811040326953,
          "learner_seconds": 0.0,
          "learner_started_wall_seconds": null,
          "learner_completed_wall_seconds": null,
          "physical_clearance_m": 2.7146759435065415
        },
        {
          "time": 6.76,
          "scheduled_wall_seconds": 6.760000000009313,
          "started_wall_seconds": 2.4772646450437605,
          "completed_wall_seconds": 2.491554459091276,
          "missed_deadline": false,
          "version_used": 460,
          "update_launched": false,
          "finite": false,
          "completed_version": null,
          "controller_seconds": 0.01132670184597373,
          "learner_seconds": 0.0,
          "learner_started_wall_seconds": null,
          "learner_completed_wall_seconds": null,
          "physical_clearance_m": 2.7114131852515366
        },
        {
          "time": 6.8,
          "scheduled_wall_seconds": 6.800000000046566,
          "started_wall_seconds": 2.491560057969764,
          "completed_wall_seconds": 2.505778660066426,
          "missed_deadline": false,
          "version_used": 460,
          "update_launched": false,
          "finite": false,
          "completed_version": null,
          "controller_seconds": 0.011298718862235546,
          "learner_seconds": 0.0,
          "learner_started_wall_seconds": null,
          "learner_completed_wall_seconds": null,
          "physical_clearance_m": 2.708092014444652
        },
        {
          "time": 6.84,
          "scheduled_wall_seconds": 6.840000000083819,
          "started_wall_seconds": 2.50578445289284,
          "completed_wall_seconds": 2.520129983080551,
          "missed_deadline": false,
          "version_used": 460,
          "update_launched": false,
          "finite": false,
          "completed_version": null,
          "controller_seconds": 0.011302337050437927,
          "learner_seconds": 0.0,
          "learner_started_wall_seconds": null,
          "learner_completed_wall_seconds": null,
          "physical_clearance_m": 2.704742710245433
        },
        {
          "time": 6.88,
          "scheduled_wall_seconds": 6.879999999888241,
          "started_wall_seconds": 2.520135886967182,
          "completed_wall_seconds": 2.534367414889857,
          "missed_deadline": false,
          "version_used": 460,
          "update_launched": false,
          "finite": false,
          "completed_version": null,
          "controller_seconds": 0.011216417886316776,
          "learner_seconds": 0.0,
          "learner_started_wall_seconds": null,
          "learner_completed_wall_seconds": null,
          "physical_clearance_m": 2.701395074976268
        },
        {
          "time": 6.92,
          "scheduled_wall_seconds": 6.919999999925494,
          "started_wall_seconds": 2.5343739930540323,
          "completed_wall_seconds": 2.548637474887073,
          "missed_deadline": false,
          "version_used": 460,
          "update_launched": false,
          "finite": false,
          "completed_version": null,
          "controller_seconds": 0.011326909065246582,
          "learner_seconds": 0.0,
          "learner_started_wall_seconds": null,
          "learner_completed_wall_seconds": null,
          "physical_clearance_m": 2.6980796262152817
        },
        {
          "time": 6.96,
          "scheduled_wall_seconds": 6.959999999962747,
          "started_wall_seconds": 2.5486430879682302,
          "completed_wall_seconds": 2.5631986421067268,
          "missed_deadline": false,
          "version_used": 460,
          "update_launched": false,
          "finite": false,
          "completed_version": null,
          "controller_seconds": 0.011270414805039763,
          "learner_seconds": 0.0,
          "learner_started_wall_seconds": null,
          "learner_completed_wall_seconds": null,
          "physical_clearance_m": 2.6948280736334946
        },
        {
          "time": 7.0,
          "scheduled_wall_seconds": 7.0,
          "started_wall_seconds": 2.563204328995198,
          "completed_wall_seconds": 2.5773973409086466,
          "missed_deadline": false,
          "version_used": 460,
          "update_launched": false,
          "finite": false,
          "completed_version": null,
          "controller_seconds": 0.011334683047607541,
          "learner_seconds": 0.0,
          "learner_started_wall_seconds": null,
          "learner_completed_wall_seconds": null,
          "physical_clearance_m": 2.6916721269019273
        },
        {
          "time": 7.04,
          "scheduled_wall_seconds": 7.040000000037253,
          "started_wall_seconds": 2.577402869006619,
          "completed_wall_seconds": 2.5914577511139214,
          "missed_deadline": false,
          "version_used": 460,
          "update_launched": false,
          "finite": false,
          "completed_version": null,
          "controller_seconds": 0.011251427000388503,
          "learner_seconds": 0.0,
          "learner_started_wall_seconds": null,
          "learner_completed_wall_seconds": null,
          "physical_clearance_m": 2.6886434956916
        },
        {
          "time": 7.08,
          "scheduled_wall_seconds": 7.080000000074506,
          "started_wall_seconds": 2.5914635779336095,
          "completed_wall_seconds": 2.6055295180995017,
          "missed_deadline": false,
          "version_used": 460,
          "update_launched": false,
          "finite": false,
          "completed_version": null,
          "controller_seconds": 0.011329800123348832,
          "learner_seconds": 0.0,
          "learner_started_wall_seconds": null,
          "learner_completed_wall_seconds": null,
          "physical_clearance_m": 2.6857738896735337
        },
        {
          "time": 7.12,
          "scheduled_wall_seconds": 7.120000000111759,
          "started_wall_seconds": 2.6055353980045766,
          "completed_wall_seconds": 2.62158608995378,
          "missed_deadline": false,
          "version_used": 460,
          "update_launched": false,
          "finite": false,
          "completed_version": null,
          "controller_seconds": 0.011674633016809821,
          "learner_seconds": 0.0,
          "learner_started_wall_seconds": null,
          "learner_completed_wall_seconds": null,
          "physical_clearance_m": 2.6830950185187485
        },
        {
          "time": 7.16,
          "scheduled_wall_seconds": 7.159999999916181,
          "started_wall_seconds": 2.6215931670740247,
          "completed_wall_seconds": 2.6376340719871223,
          "missed_deadline": false,
          "version_used": 460,
          "update_launched": false,
          "finite": false,
          "completed_version": null,
          "controller_seconds": 0.011919426964595914,
          "learner_seconds": 0.0,
          "learner_started_wall_seconds": null,
          "learner_completed_wall_seconds": null,
          "physical_clearance_m": 2.6806371613867905
        },
        {
          "time": 7.2,
          "scheduled_wall_seconds": 7.199999999953434,
          "started_wall_seconds": 2.6376414340920746,
          "completed_wall_seconds": 2.6527080009691417,
          "missed_deadline": false,
          "version_used": 460,
          "update_launched": false,
          "finite": false,
          "completed_version": null,
          "controller_seconds": 0.011778625892475247,
          "learner_seconds": 0.0,
          "learner_started_wall_seconds": null,
          "learner_completed_wall_seconds": null,
          "physical_clearance_m": 2.678431789530101
        },
        {
          "time": 7.24,
          "scheduled_wall_seconds": 7.239999999990687,
          "started_wall_seconds": 2.652714705094695,
          "completed_wall_seconds": 2.667689077090472,
          "missed_deadline": false,
          "version_used": 460,
          "update_launched": false,
          "finite": false,
          "completed_version": null,
          "controller_seconds": 0.011686712969094515,
          "learner_seconds": 0.0,
          "learner_started_wall_seconds": null,
          "learner_completed_wall_seconds": null,
          "physical_clearance_m": 2.6765077515967515
        },
        {
          "time": 7.28,
          "scheduled_wall_seconds": 7.28000000002794,
          "started_wall_seconds": 2.6676950899418443,
          "completed_wall_seconds": 2.682295795995742,
          "missed_deadline": false,
          "version_used": 460,
          "update_launched": false,
          "finite": false,
          "completed_version": null,
          "controller_seconds": 0.011329197091981769,
          "learner_seconds": 0.0,
          "learner_started_wall_seconds": null,
          "learner_completed_wall_seconds": null,
          "physical_clearance_m": 2.6748922273047593
        },
        {
          "time": 7.32,
          "scheduled_wall_seconds": 7.320000000065193,
          "started_wall_seconds": 2.6823014449328184,
          "completed_wall_seconds": 2.696688004070893,
          "missed_deadline": false,
          "version_used": 460,
          "update_launched": false,
          "finite": false,
          "completed_version": null,
          "controller_seconds": 0.011309769935905933,
          "learner_seconds": 0.0,
          "learner_started_wall_seconds": null,
          "learner_completed_wall_seconds": null,
          "physical_clearance_m": 2.6736131116278794
        },
        {
          "time": 7.36,
          "scheduled_wall_seconds": 7.3600000001024455,
          "started_wall_seconds": 2.6966939349658787,
          "completed_wall_seconds": 2.711322261020541,
          "missed_deadline": false,
          "version_used": 460,
          "update_launched": false,
          "finite": false,
          "completed_version": null,
          "controller_seconds": 0.01125998399220407,
          "learner_seconds": 0.0,
          "learner_started_wall_seconds": null,
          "learner_completed_wall_seconds": null,
          "physical_clearance_m": 2.6726954385169175
        },
        {
          "time": 7.4,
          "scheduled_wall_seconds": 7.399999999906868,
          "started_wall_seconds": 2.711328261066228,
          "completed_wall_seconds": 2.7256547559518367,
          "missed_deadline": false,
          "version_used": 460,
          "update_launched": false,
          "finite": false,
          "completed_version": null,
          "controller_seconds": 0.011385329999029636,
          "learner_seconds": 0.0,
          "learner_started_wall_seconds": null,
          "learner_completed_wall_seconds": null,
          "physical_clearance_m": 2.6721628114112046
        },
        {
          "time": 7.44,
          "scheduled_wall_seconds": 7.439999999944121,
          "started_wall_seconds": 2.725660322001204,
          "completed_wall_seconds": 2.739866198040545,
          "missed_deadline": false,
          "version_used": 460,
          "update_launched": false,
          "finite": false,
          "completed_version": null,
          "controller_seconds": 0.01118832197971642,
          "learner_seconds": 0.0,
          "learner_started_wall_seconds": null,
          "learner_completed_wall_seconds": null,
          "physical_clearance_m": 2.672027866495433
        },
        {
          "time": 7.48,
          "scheduled_wall_seconds": 7.4799999999813735,
          "started_wall_seconds": 2.7398719880729914,
          "completed_wall_seconds": 2.7544171740300953,
          "missed_deadline": false,
          "version_used": 460,
          "update_launched": false,
          "finite": false,
          "completed_version": null,
          "controller_seconds": 0.011302103055641055,
          "learner_seconds": 0.0,
          "learner_started_wall_seconds": null,
          "learner_completed_wall_seconds": null,
          "physical_clearance_m": 2.6720364495642808
        },
        {
          "time": 7.5200000000000005,
          "scheduled_wall_seconds": 7.5200000000186265,
          "started_wall_seconds": 2.754422764061019,
          "completed_wall_seconds": 2.7686751789879054,
          "missed_deadline": false,
          "version_used": 460,
          "update_launched": false,
          "finite": false,
          "completed_version": null,
          "controller_seconds": 0.011293236864730716,
          "learner_seconds": 0.0,
          "learner_started_wall_seconds": null,
          "learner_completed_wall_seconds": null,
          "physical_clearance_m": 2.6723361417182114
        },
        {
          "time": 7.5600000000000005,
          "scheduled_wall_seconds": 7.560000000055879,
          "started_wall_seconds": 2.7686807978898287,
          "completed_wall_seconds": 2.783005761913955,
          "missed_deadline": false,
          "version_used": 460,
          "update_launched": false,
          "finite": false,
          "completed_version": null,
          "controller_seconds": 0.01134471083059907,
          "learner_seconds": 0.0,
          "learner_started_wall_seconds": null,
          "learner_completed_wall_seconds": null,
          "physical_clearance_m": 2.673079054010692
        },
        {
          "time": 7.6000000000000005,
          "scheduled_wall_seconds": 7.600000000093132,
          "started_wall_seconds": 2.7830114599782974,
          "completed_wall_seconds": 2.797116815112531,
          "missed_deadline": false,
          "version_used": 460,
          "update_launched": false,
          "finite": false,
          "completed_version": null,
          "controller_seconds": 0.011202925117686391,
          "learner_seconds": 0.0,
          "learner_started_wall_seconds": null,
          "learner_completed_wall_seconds": null,
          "physical_clearance_m": 2.6742797299750474
        },
        {
          "time": 7.640000000000001,
          "scheduled_wall_seconds": 7.6399999998975545,
          "started_wall_seconds": 2.7971226419322193,
          "completed_wall_seconds": 2.8112746051046997,
          "missed_deadline": false,
          "version_used": 460,
          "update_launched": false,
          "finite": false,
          "completed_version": null,
          "controller_seconds": 0.011322777019813657,
          "learner_seconds": 0.0,
          "learner_started_wall_seconds": null,
          "learner_completed_wall_seconds": null,
          "physical_clearance_m": 2.675950328958812
        },
        {
          "time": 7.68,
          "scheduled_wall_seconds": 7.679999999934807,
          "started_wall_seconds": 2.8112805150449276,
          "completed_wall_seconds": 2.825510200113058,
          "missed_deadline": false,
          "version_used": 460,
          "update_launched": false,
          "finite": false,
          "completed_version": null,
          "controller_seconds": 0.011228454066440463,
          "learner_seconds": 0.0,
          "learner_started_wall_seconds": null,
          "learner_completed_wall_seconds": null,
          "physical_clearance_m": 2.6781015797980454
        },
        {
          "time": 7.72,
          "scheduled_wall_seconds": 7.71999999997206,
          "started_wall_seconds": 2.825516100972891,
          "completed_wall_seconds": 2.8404474509879947,
          "missed_deadline": false,
          "version_used": 460,
          "update_launched": false,
          "finite": false,
          "completed_version": null,
          "controller_seconds": 0.0115609229542315,
          "learner_seconds": 0.0,
          "learner_started_wall_seconds": null,
          "learner_completed_wall_seconds": null,
          "physical_clearance_m": 2.6807384892829087
        },
        {
          "time": 7.76,
          "scheduled_wall_seconds": 7.760000000009313,
          "started_wall_seconds": 2.8404547891113907,
          "completed_wall_seconds": 2.8558662158902735,
          "missed_deadline": false,
          "version_used": 460,
          "update_launched": false,
          "finite": false,
          "completed_version": null,
          "controller_seconds": 0.012056489009410143,
          "learner_seconds": 0.0,
          "learner_started_wall_seconds": null,
          "learner_completed_wall_seconds": null,
          "physical_clearance_m": 2.679933683952395
        },
        {
          "time": 7.8,
          "scheduled_wall_seconds": 7.800000000046566,
          "started_wall_seconds": 2.855874565895647,
          "completed_wall_seconds": 2.87129128491506,
          "missed_deadline": false,
          "version_used": 460,
          "update_launched": false,
          "finite": false,
          "completed_version": null,
          "controller_seconds": 0.011946705868467689,
          "learner_seconds": 0.0,
          "learner_started_wall_seconds": null,
          "learner_completed_wall_seconds": null,
          "physical_clearance_m": 2.6743811536636986
        },
        {
          "time": 7.84,
          "scheduled_wall_seconds": 7.840000000083819,
          "started_wall_seconds": 2.871297830948606,
          "completed_wall_seconds": 2.8858068170957267,
          "missed_deadline": false,
          "version_used": 460,
          "update_launched": false,
          "finite": false,
          "completed_version": null,
          "controller_seconds": 0.011439026799052954,
          "learner_seconds": 0.0,
          "learner_started_wall_seconds": null,
          "learner_completed_wall_seconds": null,
          "physical_clearance_m": 2.669201033195559
        },
        {
          "time": 7.88,
          "scheduled_wall_seconds": 7.879999999888241,
          "started_wall_seconds": 2.8858124469406903,
          "completed_wall_seconds": 2.900356513913721,
          "missed_deadline": false,
          "version_used": 460,
          "update_launched": false,
          "finite": false,
          "completed_version": null,
          "controller_seconds": 0.011427224846556783,
          "learner_seconds": 0.0,
          "learner_started_wall_seconds": null,
          "learner_completed_wall_seconds": null,
          "physical_clearance_m": 2.664389031013552
        },
        {
          "time": 7.92,
          "scheduled_wall_seconds": 7.919999999925494,
          "started_wall_seconds": 2.9003624010365456,
          "completed_wall_seconds": 2.914770830888301,
          "missed_deadline": false,
          "version_used": 460,
          "update_launched": false,
          "finite": false,
          "completed_version": null,
          "controller_seconds": 0.011239005019888282,
          "learner_seconds": 0.0,
          "learner_started_wall_seconds": null,
          "learner_completed_wall_seconds": null,
          "physical_clearance_m": 2.659938471397463
        },
        {
          "time": 7.96,
          "scheduled_wall_seconds": 7.959999999962747,
          "started_wall_seconds": 2.9147767869289964,
          "completed_wall_seconds": 2.9293633829802275,
          "missed_deadline": false,
          "version_used": 460,
          "update_launched": false,
          "finite": false,
          "completed_version": null,
          "controller_seconds": 0.011369101935997605,
          "learner_seconds": 0.0,
          "learner_started_wall_seconds": null,
          "learner_completed_wall_seconds": null,
          "physical_clearance_m": 2.6558407712784446
        },
        {
          "time": 8.0,
          "scheduled_wall_seconds": 8.0,
          "started_wall_seconds": 2.92936927289702,
          "completed_wall_seconds": 2.9437858869787306,
          "missed_deadline": false,
          "version_used": 460,
          "update_launched": false,
          "finite": false,
          "completed_version": null,
          "controller_seconds": 0.011252578813582659,
          "learner_seconds": 0.0,
          "learner_started_wall_seconds": null,
          "learner_completed_wall_seconds": null,
          "physical_clearance_m": 2.652085917076174
        },
        {
          "time": 8.040000000000001,
          "scheduled_wall_seconds": 8.040000000037253,
          "started_wall_seconds": 2.943815409904346,
          "completed_wall_seconds": 2.958267387934029,
          "missed_deadline": false,
          "version_used": 460,
          "update_launched": false,
          "finite": false,
          "completed_version": null,
          "controller_seconds": 0.011388527927920222,
          "learner_seconds": 0.0,
          "learner_started_wall_seconds": null,
          "learner_completed_wall_seconds": null,
          "physical_clearance_m": 2.64866103418738
        },
        {
          "time": 8.08,
          "scheduled_wall_seconds": 8.080000000074506,
          "started_wall_seconds": 2.958273224066943,
          "completed_wall_seconds": 2.9726655650883913,
          "missed_deadline": false,
          "version_used": 460,
          "update_launched": false,
          "finite": false,
          "completed_version": null,
          "controller_seconds": 0.011297798017039895,
          "learner_seconds": 0.0,
          "learner_started_wall_seconds": null,
          "learner_completed_wall_seconds": null,
          "physical_clearance_m": 2.645552532753054
        },
        {
          "time": 8.120000000000001,
          "scheduled_wall_seconds": 8.120000000111759,
          "started_wall_seconds": 2.9726715779397637,
          "completed_wall_seconds": 2.98708692798391,
          "missed_deadline": false,
          "version_used": 460,
          "update_launched": false,
          "finite": false,
          "completed_version": null,
          "controller_seconds": 0.011326630134135485,
          "learner_seconds": 0.0,
          "learner_started_wall_seconds": null,
          "learner_completed_wall_seconds": null,
          "physical_clearance_m": 2.6427453924027122
        },
        {
          "time": 8.16,
          "scheduled_wall_seconds": 8.159999999916181,
          "started_wall_seconds": 2.987092877039686,
          "completed_wall_seconds": 3.0018307159189135,
          "missed_deadline": false,
          "version_used": 460,
          "update_launched": false,
          "finite": false,
          "completed_version": null,
          "controller_seconds": 0.011153866071254015,
          "learner_seconds": 0.0,
          "learner_started_wall_seconds": null,
          "learner_completed_wall_seconds": null,
          "physical_clearance_m": 2.640223877510134
        },
        {
          "time": 8.2,
          "scheduled_wall_seconds": 8.199999999953434,
          "started_wall_seconds": 3.0018365220166743,
          "completed_wall_seconds": 3.0162864679004997,
          "missed_deadline": false,
          "version_used": 460,
          "update_launched": false,
          "finite": false,
          "completed_version": null,
          "controller_seconds": 0.01130598783493042,
          "learner_seconds": 0.0,
          "learner_started_wall_seconds": null,
          "learner_completed_wall_seconds": null,
          "physical_clearance_m": 2.6379712987747825
        },
        {
          "time": 8.24,
          "scheduled_wall_seconds": 8.239999999990687,
          "started_wall_seconds": 3.016292010899633,
          "completed_wall_seconds": 3.03066275594756,
          "missed_deadline": false,
          "version_used": 460,
          "update_launched": false,
          "finite": false,
          "completed_version": null,
          "controller_seconds": 0.01132564595900476,
          "learner_seconds": 0.0,
          "learner_started_wall_seconds": null,
          "learner_completed_wall_seconds": null,
          "physical_clearance_m": 2.6359707284775413
        },
        {
          "time": 8.28,
          "scheduled_wall_seconds": 8.28000000002794,
          "started_wall_seconds": 3.0306686589028686,
          "completed_wall_seconds": 3.04600287694484,
          "missed_deadline": false,
          "version_used": 460,
          "update_launched": false,
          "finite": false,
          "completed_version": null,
          "controller_seconds": 0.01156294485554099,
          "learner_seconds": 0.0,
          "learner_started_wall_seconds": null,
          "learner_completed_wall_seconds": null,
          "physical_clearance_m": 2.634204523643557
        },
        {
          "time": 8.32,
          "scheduled_wall_seconds": 8.320000000065193,
          "started_wall_seconds": 3.046009968034923,
          "completed_wall_seconds": 3.06181605393067,
          "missed_deadline": false,
          "version_used": 460,
          "update_launched": false,
          "finite": false,
          "completed_version": null,
          "controller_seconds": 0.011752385878935456,
          "learner_seconds": 0.0,
          "learner_started_wall_seconds": null,
          "learner_completed_wall_seconds": null,
          "physical_clearance_m": 2.632655756553713
        },
        {
          "time": 8.36,
          "scheduled_wall_seconds": 8.360000000102445,
          "started_wall_seconds": 3.06182285095565,
          "completed_wall_seconds": 3.0763293199706823,
          "missed_deadline": false,
          "version_used": 460,
          "update_launched": false,
          "finite": false,
          "completed_version": null,
          "controller_seconds": 0.011659552808851004,
          "learner_seconds": 0.0,
          "learner_started_wall_seconds": null,
          "learner_completed_wall_seconds": null,
          "physical_clearance_m": 2.631307737907473
        },
        {
          "time": 8.4,
          "scheduled_wall_seconds": 8.399999999906868,
          "started_wall_seconds": 3.0763351700734347,
          "completed_wall_seconds": 3.090383216040209,
          "missed_deadline": false,
          "version_used": 460,
          "update_launched": false,
          "finite": false,
          "completed_version": null,
          "controller_seconds": 0.01145385904237628,
          "learner_seconds": 0.0,
          "learner_started_wall_seconds": null,
          "learner_completed_wall_seconds": null,
          "physical_clearance_m": 2.630143778404299
        },
        {
          "time": 8.44,
          "scheduled_wall_seconds": 8.43999999994412,
          "started_wall_seconds": 3.0903889120090753,
          "completed_wall_seconds": 3.1044529809150845,
          "missed_deadline": false,
          "version_used": 460,
          "update_launched": false,
          "finite": false,
          "completed_version": null,
          "controller_seconds": 0.01137469382956624,
          "learner_seconds": 0.0,
          "learner_started_wall_seconds": null,
          "learner_completed_wall_seconds": null,
          "physical_clearance_m": 2.629148619255129
        },
        {
          "time": 8.48,
          "scheduled_wall_seconds": 8.479999999981374,
          "started_wall_seconds": 3.1044590559322387,
          "completed_wall_seconds": 3.119315145071596,
          "missed_deadline": false,
          "version_used": 460,
          "update_launched": false,
          "finite": false,
          "completed_version": null,
          "controller_seconds": 0.011725611053407192,
          "learner_seconds": 0.0,
          "learner_started_wall_seconds": null,
          "learner_completed_wall_seconds": null,
          "physical_clearance_m": 2.628307955345217
        },
        {
          "time": 8.52,
          "scheduled_wall_seconds": 8.520000000018626,
          "started_wall_seconds": 3.1193223600275815,
          "completed_wall_seconds": 3.1335703360382468,
          "missed_deadline": false,
          "version_used": 460,
          "update_launched": false,
          "finite": false,
          "completed_version": null,
          "controller_seconds": 0.011646080994978547,
          "learner_seconds": 0.0,
          "learner_started_wall_seconds": null,
          "learner_completed_wall_seconds": null,
          "physical_clearance_m": 2.627607958396975
        },
        {
          "time": 8.56,
          "scheduled_wall_seconds": 8.56000000005588,
          "started_wall_seconds": 3.1335769090801477,
          "completed_wall_seconds": 3.1479895969387144,
          "missed_deadline": false,
          "version_used": 460,
          "update_launched": false,
          "finite": false,
          "completed_version": null,
          "controller_seconds": 0.011437022825703025,
          "learner_seconds": 0.0,
          "learner_started_wall_seconds": null,
          "learner_completed_wall_seconds": null,
          "physical_clearance_m": 2.6270367074814476
        },
        {
          "time": 8.6,
          "scheduled_wall_seconds": 8.600000000093132,
          "started_wall_seconds": 3.147995646111667,
          "completed_wall_seconds": 3.162341128103435,
          "missed_deadline": false,
          "version_used": 460,
          "update_launched": false,
          "finite": false,
          "completed_version": null,
          "controller_seconds": 0.011331306071951985,
          "learner_seconds": 0.0,
          "learner_started_wall_seconds": null,
          "learner_completed_wall_seconds": null,
          "physical_clearance_m": 2.62658490427405
        },
        {
          "time": 8.64,
          "scheduled_wall_seconds": 8.639999999897555,
          "started_wall_seconds": 3.1623468128964305,
          "completed_wall_seconds": 3.1762087401002645,
          "missed_deadline": false,
          "version_used": 460,
          "update_launched": false,
          "finite": false,
          "completed_version": null,
          "controller_seconds": 0.011304799932986498,
          "learner_seconds": 0.0,
          "learner_started_wall_seconds": null,
          "learner_completed_wall_seconds": null,
          "physical_clearance_m": 2.6262425351944603
        },
        {
          "time": 8.68,
          "scheduled_wall_seconds": 8.679999999934807,
          "started_wall_seconds": 3.1762143638916314,
          "completed_wall_seconds": 3.190116547048092,
          "missed_deadline": false,
          "version_used": 460,
          "update_launched": false,
          "finite": false,
          "completed_version": null,
          "controller_seconds": 0.011295892065390944,
          "learner_seconds": 0.0,
          "learner_started_wall_seconds": null,
          "learner_completed_wall_seconds": null,
          "physical_clearance_m": 2.6260031629410423
        },
        {
          "time": 8.72,
          "scheduled_wall_seconds": 8.71999999997206,
          "started_wall_seconds": 3.1901219899300486,
          "completed_wall_seconds": 3.2041247789748013,
          "missed_deadline": false,
          "version_used": 460,
          "update_launched": false,
          "finite": false,
          "completed_version": null,
          "controller_seconds": 0.011324666906148195,
          "learner_seconds": 0.0,
          "learner_started_wall_seconds": null,
          "learner_completed_wall_seconds": null,
          "physical_clearance_m": 2.625862019142214
        },
        {
          "time": 8.76,
          "scheduled_wall_seconds": 8.760000000009313,
          "started_wall_seconds": 3.204130352009088,
          "completed_wall_seconds": 3.2179624210111797,
          "missed_deadline": false,
          "version_used": 460,
          "update_launched": false,
          "finite": false,
          "completed_version": null,
          "controller_seconds": 0.011323637096211314,
          "learner_seconds": 0.0,
          "learner_started_wall_seconds": null,
          "learner_completed_wall_seconds": null,
          "physical_clearance_m": 2.6258157659378685
        },
        {
          "time": 8.8,
          "scheduled_wall_seconds": 8.800000000046566,
          "started_wall_seconds": 3.2179680129047483,
          "completed_wall_seconds": 3.231637324905023,
          "missed_deadline": false,
          "version_used": 460,
          "update_launched": false,
          "finite": false,
          "completed_version": null,
          "controller_seconds": 0.011214172933250666,
          "learner_seconds": 0.0,
          "learner_started_wall_seconds": null,
          "learner_completed_wall_seconds": null,
          "physical_clearance_m": 2.6258157659378685
        },
        {
          "time": 8.84,
          "scheduled_wall_seconds": 8.840000000083819,
          "started_wall_seconds": 3.2316430339124054,
          "completed_wall_seconds": 3.2456194839905947,
          "missed_deadline": false,
          "version_used": 460,
          "update_launched": false,
          "finite": false,
          "completed_version": null,
          "controller_seconds": 0.011289857095107436,
          "learner_seconds": 0.0,
          "learner_started_wall_seconds": null,
          "learner_completed_wall_seconds": null,
          "physical_clearance_m": 2.6258629728165306
        },
        {
          "time": 8.88,
          "scheduled_wall_seconds": 8.879999999888241,
          "started_wall_seconds": 3.2456250588875264,
          "completed_wall_seconds": 3.261740701040253,
          "missed_deadline": false,
          "version_used": 460,
          "update_launched": false,
          "finite": false,
          "completed_version": null,
          "controller_seconds": 0.011613243026658893,
          "learner_seconds": 0.0,
          "learner_started_wall_seconds": null,
          "learner_completed_wall_seconds": null,
          "physical_clearance_m": 2.626004831871096
        },
        {
          "time": 8.92,
          "scheduled_wall_seconds": 8.919999999925494,
          "started_wall_seconds": 3.2617485569790006,
          "completed_wall_seconds": 3.277193137910217,
          "missed_deadline": false,
          "version_used": 460,
          "update_launched": false,
          "finite": false,
          "completed_version": null,
          "controller_seconds": 0.012026622192934155,
          "learner_seconds": 0.0,
          "learner_started_wall_seconds": null,
          "learner_completed_wall_seconds": null,
          "physical_clearance_m": 2.626244442543093
        },
        {
          "time": 8.96,
          "scheduled_wall_seconds": 8.959999999962747,
          "started_wall_seconds": 3.2772012180648744,
          "completed_wall_seconds": 3.2921962800901383,
          "missed_deadline": false,
          "version_used": 460,
          "update_launched": false,
          "finite": false,
          "completed_version": null,
          "controller_seconds": 0.011736216954886913,
          "learner_seconds": 0.0,
          "learner_started_wall_seconds": null,
          "learner_completed_wall_seconds": null,
          "physical_clearance_m": 2.6265860963669456
        },
        {
          "time": 9.0,
          "scheduled_wall_seconds": 9.0,
          "started_wall_seconds": 3.2922033770009875,
          "completed_wall_seconds": 3.3065208760090172,
          "missed_deadline": false,
          "version_used": 460,
          "update_launched": false,
          "finite": false,
          "completed_version": null,
          "controller_seconds": 0.011437319917604327,
          "learner_seconds": 0.0,
          "learner_started_wall_seconds": null,
          "learner_completed_wall_seconds": null,
          "physical_clearance_m": 2.6270369459000267
        },
        {
          "time": 9.040000000000001,
          "scheduled_wall_seconds": 9.040000000037253,
          "started_wall_seconds": 3.306526318890974,
          "completed_wall_seconds": 3.3208358550909907,
          "missed_deadline": false,
          "version_used": 460,
          "update_launched": false,
          "finite": false,
          "completed_version": null,
          "controller_seconds": 0.01119189290329814,
          "learner_seconds": 0.0,
          "learner_started_wall_seconds": null,
          "learner_completed_wall_seconds": null,
          "physical_clearance_m": 2.6276048589554466
        },
        {
          "time": 9.08,
          "scheduled_wall_seconds": 9.080000000074506,
          "started_wall_seconds": 3.320841498905793,
          "completed_wall_seconds": 3.335028517059982,
          "missed_deadline": false,
          "version_used": 460,
          "update_launched": false,
          "finite": false,
          "completed_version": null,
          "controller_seconds": 0.011298128869384527,
          "learner_seconds": 0.0,
          "learner_started_wall_seconds": null,
          "learner_completed_wall_seconds": null,
          "physical_clearance_m": 2.628301041206423
        },
        {
          "time": 9.120000000000001,
          "scheduled_wall_seconds": 9.120000000111759,
          "started_wall_seconds": 3.3350342179182917,
          "completed_wall_seconds": 3.3493343389127403,
          "missed_deadline": false,
          "version_used": 460,
          "update_launched": false,
          "finite": false,
          "completed_version": null,
          "controller_seconds": 0.01124445185996592,
          "learner_seconds": 0.0,
          "learner_started_wall_seconds": null,
          "learner_completed_wall_seconds": null,
          "physical_clearance_m": 2.629136459907595
        },
        {
          "time": 9.16,
          "scheduled_wall_seconds": 9.159999999916181,
          "started_wall_seconds": 3.3493400590959936,
          "completed_wall_seconds": 3.3636160721071064,
          "missed_deadline": false,
          "version_used": 460,
          "update_launched": false,
          "finite": false,
          "completed_version": null,
          "controller_seconds": 0.011317369993776083,
          "learner_seconds": 0.0,
          "learner_started_wall_seconds": null,
          "learner_completed_wall_seconds": null,
          "physical_clearance_m": 2.630124228080813
        },
        {
          "time": 9.200000000000001,
          "scheduled_wall_seconds": 9.199999999953434,
          "started_wall_seconds": 3.363621711032465,
          "completed_wall_seconds": 3.3776129570323974,
          "missed_deadline": false,
          "version_used": 460,
          "update_launched": false,
          "finite": false,
          "completed_version": null,
          "controller_seconds": 0.011249326867982745,
          "learner_seconds": 0.0,
          "learner_started_wall_seconds": null,
          "learner_completed_wall_seconds": null,
          "physical_clearance_m": 2.63127936609656
        },
        {
          "time": 9.24,
          "scheduled_wall_seconds": 9.239999999990687,
          "started_wall_seconds": 3.3776185950264335,
          "completed_wall_seconds": 3.3918267129920423,
          "missed_deadline": false,
          "version_used": 460,
          "update_launched": false,
          "finite": false,
          "completed_version": null,
          "controller_seconds": 0.011276488890871406,
          "learner_seconds": 0.0,
          "learner_started_wall_seconds": null,
          "learner_completed_wall_seconds": null,
          "physical_clearance_m": 2.6326166559067405
        },
        {
          "time": 9.28,
          "scheduled_wall_seconds": 9.28000000002794,
          "started_wall_seconds": 3.3918322680983692,
          "completed_wall_seconds": 3.405978583963588,
          "missed_deadline": false,
          "version_used": 460,
          "update_launched": false,
          "finite": false,
          "completed_version": null,
          "controller_seconds": 0.011225437046959996,
          "learner_seconds": 0.0,
          "learner_started_wall_seconds": null,
          "learner_completed_wall_seconds": null,
          "physical_clearance_m": 2.6341523099747337
        },
        {
          "time": 9.32,
          "scheduled_wall_seconds": 9.320000000065193,
          "started_wall_seconds": 3.4059844620060176,
          "completed_wall_seconds": 3.420162820024416,
          "missed_deadline": false,
          "version_used": 460,
          "update_launched": false,
          "finite": false,
          "completed_version": null,
          "controller_seconds": 0.011315522016957402,
          "learner_seconds": 0.0,
          "learner_started_wall_seconds": null,
          "learner_completed_wall_seconds": null,
          "physical_clearance_m": 2.635903732856814
        },
        {
          "time": 9.36,
          "scheduled_wall_seconds": 9.360000000102445,
          "started_wall_seconds": 3.4201686601154506,
          "completed_wall_seconds": 3.4350123240146786,
          "missed_deadline": false,
          "version_used": 460,
          "update_launched": false,
          "finite": false,
          "completed_version": null,
          "controller_seconds": 0.011656534159556031,
          "learner_seconds": 0.0,
          "learner_started_wall_seconds": null,
          "learner_completed_wall_seconds": null,
          "physical_clearance_m": 2.637887375434939
        },
        {
          "time": 9.4,
          "scheduled_wall_seconds": 9.399999999906868,
          "started_wall_seconds": 3.435019053053111,
          "completed_wall_seconds": 3.4506419159006327,
          "missed_deadline": false,
          "version_used": 460,
          "update_launched": false,
          "finite": false,
          "completed_version": null,
          "controller_seconds": 0.01225227490067482,
          "learner_seconds": 0.0,
          "learner_started_wall_seconds": null,
          "learner_completed_wall_seconds": null,
          "physical_clearance_m": 2.6401211191025413
        },
        {
          "time": 9.44,
          "scheduled_wall_seconds": 9.43999999994412,
          "started_wall_seconds": 3.450648456113413,
          "completed_wall_seconds": 3.4660351308993995,
          "missed_deadline": false,
          "version_used": 460,
          "update_launched": false,
          "finite": false,
          "completed_version": null,
          "controller_seconds": 0.011783601017668843,
          "learner_seconds": 0.0,
          "learner_started_wall_seconds": null,
          "learner_completed_wall_seconds": null,
          "physical_clearance_m": 2.6426216531601585
        },
        {
          "time": 9.48,
          "scheduled_wall_seconds": 9.479999999981374,
          "started_wall_seconds": 3.466045190114528,
          "completed_wall_seconds": 3.480885572033003,
          "missed_deadline": false,
          "version_used": 460,
          "update_launched": false,
          "finite": false,
          "completed_version": null,
          "controller_seconds": 0.011523461900651455,
          "learner_seconds": 0.0,
          "learner_started_wall_seconds": null,
          "learner_completed_wall_seconds": null,
          "physical_clearance_m": 2.6454059053269066
        },
        {
          "time": 9.52,
          "scheduled_wall_seconds": 9.520000000018626,
          "started_wall_seconds": 3.480891687097028,
          "completed_wall_seconds": 3.4950810049194843,
          "missed_deadline": false,
          "version_used": 460,
          "update_launched": false,
          "finite": false,
          "completed_version": null,
          "controller_seconds": 0.01136917108669877,
          "learner_seconds": 0.0,
          "learner_started_wall_seconds": null,
          "learner_completed_wall_seconds": null,
          "physical_clearance_m": 2.6484898496475853
        },
        {
          "time": 9.56,
          "scheduled_wall_seconds": 9.56000000005588,
          "started_wall_seconds": 3.49508697190322,
          "completed_wall_seconds": 3.509033305104822,
          "missed_deadline": false,
          "version_used": 460,
          "update_launched": false,
          "finite": false,
          "completed_version": null,
          "controller_seconds": 0.011323129991069436,
          "learner_seconds": 0.0,
          "learner_started_wall_seconds": null,
          "learner_completed_wall_seconds": null,
          "physical_clearance_m": 2.651888268074099
        },
        {
          "time": 9.6,
          "scheduled_wall_seconds": 9.600000000093132,
          "started_wall_seconds": 3.5090390041004866,
          "completed_wall_seconds": 3.522786709945649,
          "missed_deadline": false,
          "version_used": 460,
          "update_launched": false,
          "finite": false,
          "completed_version": null,
          "controller_seconds": 0.011158892186358571,
          "learner_seconds": 0.0,
          "learner_started_wall_seconds": null,
          "learner_completed_wall_seconds": null,
          "physical_clearance_m": 2.6556157041397728
        },
        {
          "time": 9.64,
          "scheduled_wall_seconds": 9.639999999897555,
          "started_wall_seconds": 3.522792302072048,
          "completed_wall_seconds": 3.5371787599287927,
          "missed_deadline": false,
          "version_used": 460,
          "update_launched": false,
          "finite": false,
          "completed_version": null,
          "controller_seconds": 0.01126592606306076,
          "learner_seconds": 0.0,
          "learner_started_wall_seconds": null,
          "learner_completed_wall_seconds": null,
          "physical_clearance_m": 2.65968455561072
        },
        {
          "time": 9.68,
          "scheduled_wall_seconds": 9.679999999934807,
          "started_wall_seconds": 3.5371847129426897,
          "completed_wall_seconds": 3.5513618160039186,
          "missed_deadline": false,
          "version_used": 460,
          "update_launched": false,
          "finite": false,
          "completed_version": null,
          "controller_seconds": 0.011309740133583546,
          "learner_seconds": 0.0,
          "learner_started_wall_seconds": null,
          "learner_completed_wall_seconds": null,
          "physical_clearance_m": 2.664104836067263
        },
        {
          "time": 9.72,
          "scheduled_wall_seconds": 9.71999999997206,
          "started_wall_seconds": 3.5513675599358976,
          "completed_wall_seconds": 3.5655384031124413,
          "missed_deadline": false,
          "version_used": 460,
          "update_launched": false,
          "finite": false,
          "completed_version": null,
          "controller_seconds": 0.01129026710987091,
          "learner_seconds": 0.0,
          "learner_started_wall_seconds": null,
          "learner_completed_wall_seconds": null,
          "physical_clearance_m": 2.668886320671145
        },
        {
          "time": 9.76,
          "scheduled_wall_seconds": 9.760000000009313,
          "started_wall_seconds": 3.565544370096177,
          "completed_wall_seconds": 3.579715603031218,
          "missed_deadline": false,
          "version_used": 460,
          "update_launched": false,
          "finite": false,
          "completed_version": null,
          "controller_seconds": 0.011243367101997137,
          "learner_seconds": 0.0,
          "learner_started_wall_seconds": null,
          "learner_completed_wall_seconds": null,
          "physical_clearance_m": 2.674034969886843
        },
        {
          "time": 9.8,
          "scheduled_wall_seconds": 9.800000000046566,
          "started_wall_seconds": 3.579721539048478,
          "completed_wall_seconds": 3.593848987016827,
          "missed_deadline": false,
          "version_used": 460,
          "update_launched": false,
          "finite": false,
          "completed_version": null,
          "controller_seconds": 0.011305712163448334,
          "learner_seconds": 0.0,
          "learner_started_wall_seconds": null,
          "learner_completed_wall_seconds": null,
          "physical_clearance_m": 2.679556028923098
        },
        {
          "time": 9.84,
          "scheduled_wall_seconds": 9.840000000083819,
          "started_wall_seconds": 3.593854574020952,
          "completed_wall_seconds": 3.60950665990822,
          "missed_deadline": false,
          "version_used": 460,
          "update_launched": false,
          "finite": false,
          "completed_version": null,
          "controller_seconds": 0.011944051831960678,
          "learner_seconds": 0.0,
          "learner_started_wall_seconds": null,
          "learner_completed_wall_seconds": null,
          "physical_clearance_m": 2.6854514051285423
        },
        {
          "time": 9.88,
          "scheduled_wall_seconds": 9.879999999888241,
          "started_wall_seconds": 3.6095141950063407,
          "completed_wall_seconds": 3.6252706050872803,
          "missed_deadline": false,
          "version_used": 460,
          "update_launched": false,
          "finite": false,
          "completed_version": null,
          "controller_seconds": 0.012161530088633299,
          "learner_seconds": 0.0,
          "learner_started_wall_seconds": null,
          "learner_completed_wall_seconds": null,
          "physical_clearance_m": 2.691720383247439
        },
        {
          "time": 9.92,
          "scheduled_wall_seconds": 9.919999999925494,
          "started_wall_seconds": 3.625279115047306,
          "completed_wall_seconds": 3.640366353094578,
          "missed_deadline": false,
          "version_used": 460,
          "update_launched": false,
          "finite": false,
          "completed_version": null,
          "controller_seconds": 0.011689714854583144,
          "learner_seconds": 0.0,
          "learner_started_wall_seconds": null,
          "learner_completed_wall_seconds": null,
          "physical_clearance_m": 2.698359148582522
        },
        {
          "time": 9.96,
          "scheduled_wall_seconds": 9.959999999962747,
          "started_wall_seconds": 3.6403727610595524,
          "completed_wall_seconds": 3.654876104090363,
          "missed_deadline": false,
          "version_used": 460,
          "update_launched": false,
          "finite": false,
          "completed_version": null,
          "controller_seconds": 0.011427087942138314,
          "learner_seconds": 0.0,
          "learner_started_wall_seconds": null,
          "learner_completed_wall_seconds": null,
          "physical_clearance_m": 2.70536269434363
        },
        {
          "time": 10.0,
          "scheduled_wall_seconds": 10.0,
          "started_wall_seconds": 3.6548820750322193,
          "completed_wall_seconds": 3.669159864075482,
          "missed_deadline": false,
          "version_used": 460,
          "update_launched": false,
          "finite": false,
          "completed_version": null,
          "controller_seconds": 0.011207146104425192,
          "learner_seconds": 0.0,
          "learner_started_wall_seconds": null,
          "learner_completed_wall_seconds": null,
          "physical_clearance_m": 2.712721722206179
        },
        {
          "time": 10.040000000000001,
          "scheduled_wall_seconds": 10.040000000037253,
          "started_wall_seconds": 3.669165655039251,
          "completed_wall_seconds": 3.6837127059698105,
          "missed_deadline": false,
          "version_used": 460,
          "update_launched": false,
          "finite": false,
          "completed_version": null,
          "controller_seconds": 0.011360272066667676,
          "learner_seconds": 0.0,
          "learner_started_wall_seconds": null,
          "learner_completed_wall_seconds": null,
          "physical_clearance_m": 2.720424311241213
        },
        {
          "time": 10.08,
          "scheduled_wall_seconds": 10.080000000074506,
          "started_wall_seconds": 3.683718485990539,
          "completed_wall_seconds": 3.6977806959766895,
          "missed_deadline": false,
          "version_used": 460,
          "update_launched": false,
          "finite": false,
          "completed_version": null,
          "controller_seconds": 0.011210156138986349,
          "learner_seconds": 0.0,
          "learner_started_wall_seconds": null,
          "learner_completed_wall_seconds": null,
          "physical_clearance_m": 2.7284556794968284
        },
        {
          "time": 10.120000000000001,
          "scheduled_wall_seconds": 10.120000000111759,
          "started_wall_seconds": 3.6977863248903304,
          "completed_wall_seconds": 3.7120099519379437,
          "missed_deadline": false,
          "version_used": 460,
          "update_launched": false,
          "finite": false,
          "completed_version": null,
          "controller_seconds": 0.011301621096208692,
          "learner_seconds": 0.0,
          "learner_started_wall_seconds": null,
          "learner_completed_wall_seconds": null,
          "physical_clearance_m": 2.7367991376724876
        },
        {
          "time": 10.16,
          "scheduled_wall_seconds": 10.159999999916181,
          "started_wall_seconds": 3.7120158299803734,
          "completed_wall_seconds": 3.7259370589163154,
          "missed_deadline": false,
          "version_used": 460,
          "update_launched": false,
          "finite": false,
          "completed_version": null,
          "controller_seconds": 0.011197780026122928,
          "learner_seconds": 0.0,
          "learner_started_wall_seconds": null,
          "learner_completed_wall_seconds": null,
          "physical_clearance_m": 2.7454329896774925
        },
        {
          "time": 10.200000000000001,
          "scheduled_wall_seconds": 10.199999999953434,
          "started_wall_seconds": 3.7259426640812308,
          "completed_wall_seconds": 3.739947650115937,
          "missed_deadline": false,
          "version_used": 460,
          "update_launched": false,
          "finite": false,
          "completed_version": null,
          "controller_seconds": 0.011259042890742421,
          "learner_seconds": 0.0,
          "learner_started_wall_seconds": null,
          "learner_completed_wall_seconds": null,
          "physical_clearance_m": 2.754335539421145
        },
        {
          "time": 10.24,
          "scheduled_wall_seconds": 10.239999999990687,
          "started_wall_seconds": 3.7399533360730857,
          "completed_wall_seconds": 3.753867797087878,
          "missed_deadline": false,
          "version_used": 460,
          "update_launched": false,
          "finite": false,
          "completed_version": null,
          "controller_seconds": 0.01118237292394042,
          "learner_seconds": 0.0,
          "learner_started_wall_seconds": null,
          "learner_completed_wall_seconds": null,
          "physical_clearance_m": 2.7634805608597435
        },
        {
          "time": 10.28,
          "scheduled_wall_seconds": 10.28000000002794,
          "started_wall_seconds": 3.7538736809510738,
          "completed_wall_seconds": 3.7679768439847976,
          "missed_deadline": false,
          "version_used": 460,
          "update_launched": false,
          "finite": false,
          "completed_version": null,
          "controller_seconds": 0.011345277074724436,
          "learner_seconds": 0.0,
          "learner_started_wall_seconds": null,
          "learner_completed_wall_seconds": null,
          "physical_clearance_m": 2.7728403974381126
        },
        {
          "time": 10.32,
          "scheduled_wall_seconds": 10.320000000065193,
          "started_wall_seconds": 3.767982912948355,
          "completed_wall_seconds": 3.782064168015495,
          "missed_deadline": false,
          "version_used": 460,
          "update_launched": false,
          "finite": false,
          "completed_version": null,
          "controller_seconds": 0.011250396957620978,
          "learner_seconds": 0.0,
          "learner_started_wall_seconds": null,
          "learner_completed_wall_seconds": null,
          "physical_clearance_m": 2.782384293159548
        },
        {
          "time": 10.36,
          "scheduled_wall_seconds": 10.360000000102445,
          "started_wall_seconds": 3.782070087036118,
          "completed_wall_seconds": 3.7967457950580865,
          "missed_deadline": false,
          "version_used": 460,
          "update_launched": false,
          "finite": false,
          "completed_version": null,
          "controller_seconds": 0.011774603044614196,
          "learner_seconds": 0.0,
          "learner_started_wall_seconds": null,
          "learner_completed_wall_seconds": null,
          "physical_clearance_m": 2.7920800615158714
        },
        {
          "time": 10.4,
          "scheduled_wall_seconds": 10.399999999906868,
          "started_wall_seconds": 3.7967540360987186,
          "completed_wall_seconds": 3.811186417005956,
          "missed_deadline": false,
          "version_used": 460,
          "update_launched": false,
          "finite": false,
          "completed_version": null,
          "controller_seconds": 0.011513479053974152,
          "learner_seconds": 0.0,
          "learner_started_wall_seconds": null,
          "learner_completed_wall_seconds": null,
          "physical_clearance_m": 2.80189384706885
        },
        {
          "time": 10.44,
          "scheduled_wall_seconds": 10.43999999994412,
          "started_wall_seconds": 3.8111932820174843,
          "completed_wall_seconds": 3.825692425016314,
          "missed_deadline": false,
          "version_used": 460,
          "update_launched": false,
          "finite": false,
          "completed_version": null,
          "controller_seconds": 0.01141682593151927,
          "learner_seconds": 0.0,
          "learner_started_wall_seconds": null,
          "learner_completed_wall_seconds": null,
          "physical_clearance_m": 2.8117894101944603
        },
        {
          "time": 10.48,
          "scheduled_wall_seconds": 10.479999999981374,
          "started_wall_seconds": 3.8256984199397266,
          "completed_wall_seconds": 3.839773378102109,
          "missed_deadline": false,
          "version_used": 460,
          "update_launched": false,
          "finite": false,
          "completed_version": null,
          "controller_seconds": 0.011283912928774953,
          "learner_seconds": 0.0,
          "learner_started_wall_seconds": null,
          "learner_completed_wall_seconds": null,
          "physical_clearance_m": 2.821728603920046
        },
        {
          "time": 10.52,
          "scheduled_wall_seconds": 10.520000000018626,
          "started_wall_seconds": 3.839779084082693,
          "completed_wall_seconds": 3.8537025758996606,
          "missed_deadline": false,
          "version_used": 460,
          "update_launched": false,
          "finite": false,
          "completed_version": null,
          "controller_seconds": 0.01128722494468093,
          "learner_seconds": 0.0,
          "learner_started_wall_seconds": null,
          "learner_completed_wall_seconds": null,
          "physical_clearance_m": 2.8316732812729515
        },
        {
          "time": 10.56,
          "scheduled_wall_seconds": 10.56000000005588,
          "started_wall_seconds": 3.8537087119184434,
          "completed_wall_seconds": 3.867515174904838,
          "missed_deadline": false,
          "version_used": 460,
          "update_launched": false,
          "finite": false,
          "completed_version": null,
          "controller_seconds": 0.01114739291369915,
          "learner_seconds": 0.0,
          "learner_started_wall_seconds": null,
          "learner_completed_wall_seconds": null,
          "physical_clearance_m": 2.8308847352393296
        },
        {
          "time": 10.6,
          "scheduled_wall_seconds": 10.600000000093132,
          "started_wall_seconds": 3.86752086202614,
          "completed_wall_seconds": 3.881901245098561,
          "missed_deadline": false,
          "version_used": 460,
          "update_launched": false,
          "finite": false,
          "completed_version": null,
          "controller_seconds": 0.011281596031039953,
          "learner_seconds": 0.0,
          "learner_started_wall_seconds": null,
          "learner_completed_wall_seconds": null,
          "physical_clearance_m": 2.821181575907054
        },
        {
          "time": 10.64,
          "scheduled_wall_seconds": 10.639999999897555,
          "started_wall_seconds": 3.8819068900775164,
          "completed_wall_seconds": 3.8960768370889127,
          "missed_deadline": false,
          "version_used": 460,
          "update_launched": false,
          "finite": false,
          "completed_version": null,
          "controller_seconds": 0.011169955832883716,
          "learner_seconds": 0.0,
          "learner_started_wall_seconds": null,
          "learner_completed_wall_seconds": null,
          "physical_clearance_m": 2.8115334912665513
        },
        {
          "time": 10.68,
          "scheduled_wall_seconds": 10.679999999934807,
          "started_wall_seconds": 3.8960827549453825,
          "completed_wall_seconds": 3.910130281932652,
          "missed_deadline": false,
          "version_used": 460,
          "update_launched": false,
          "finite": false,
          "completed_version": null,
          "controller_seconds": 0.011288400972262025,
          "learner_seconds": 0.0,
          "learner_started_wall_seconds": null,
          "learner_completed_wall_seconds": null,
          "physical_clearance_m": 2.8019774361975816
        },
        {
          "time": 10.72,
          "scheduled_wall_seconds": 10.71999999997206,
          "started_wall_seconds": 3.910136034945026,
          "completed_wall_seconds": 3.924238021019846,
          "missed_deadline": false,
          "version_used": 460,
          "update_launched": false,
          "finite": false,
          "completed_version": null,
          "controller_seconds": 0.01115051587112248,
          "learner_seconds": 0.0,
          "learner_started_wall_seconds": null,
          "learner_completed_wall_seconds": null,
          "physical_clearance_m": 2.7925503655799058
        },
        {
          "time": 10.76,
          "scheduled_wall_seconds": 10.760000000009313,
          "started_wall_seconds": 3.924244242021814,
          "completed_wall_seconds": 3.9383942210115492,
          "missed_deadline": false,
          "version_used": 460,
          "update_launched": false,
          "finite": false,
          "completed_version": null,
          "controller_seconds": 0.011326570063829422,
          "learner_seconds": 0.0,
          "learner_started_wall_seconds": null,
          "learner_completed_wall_seconds": null,
          "physical_clearance_m": 2.783288042200389
        },
        {
          "time": 10.8,
          "scheduled_wall_seconds": 10.800000000046566,
          "started_wall_seconds": 3.938399746082723,
          "completed_wall_seconds": 3.952772252028808,
          "missed_deadline": false,
          "version_used": 460,
          "update_launched": false,
          "finite": false,
          "completed_version": null,
          "controller_seconds": 0.01125193596817553,
          "learner_seconds": 0.0,
          "learner_started_wall_seconds": null,
          "learner_completed_wall_seconds": null,
          "physical_clearance_m": 2.774226228845897
        },
        {
          "time": 10.84,
          "scheduled_wall_seconds": 10.840000000083819,
          "started_wall_seconds": 3.9527777559123933,
          "completed_wall_seconds": 3.966706885956228,
          "missed_deadline": false,
          "version_used": 460,
          "update_launched": false,
          "finite": false,
          "completed_version": null,
          "controller_seconds": 0.011312823975458741,
          "learner_seconds": 0.0,
          "learner_started_wall_seconds": null,
          "learner_completed_wall_seconds": null,
          "physical_clearance_m": 2.7653983041175034
        },
        {
          "time": 10.88,
          "scheduled_wall_seconds": 10.879999999888241,
          "started_wall_seconds": 3.96671272511594,
          "completed_wall_seconds": 3.980622432893142,
          "missed_deadline": false,
          "version_used": 460,
          "update_launched": false,
          "finite": false,
          "completed_version": null,
          "controller_seconds": 0.011189368087798357,
          "learner_seconds": 0.0,
          "learner_started_wall_seconds": null,
          "learner_completed_wall_seconds": null,
          "physical_clearance_m": 2.756836454523387
        },
        {
          "time": 10.92,
          "scheduled_wall_seconds": 10.919999999925494,
          "started_wall_seconds": 3.9806282920762897,
          "completed_wall_seconds": 3.994815758895129,
          "missed_deadline": false,
          "version_used": 460,
          "update_launched": false,
          "finite": false,
          "completed_version": null,
          "controller_seconds": 0.011250598821789026,
          "learner_seconds": 0.0,
          "learner_started_wall_seconds": null,
          "learner_completed_wall_seconds": null,
          "physical_clearance_m": 2.7485719128974107
        },
        {
          "time": 10.96,
          "scheduled_wall_seconds": 10.959999999962747,
          "started_wall_seconds": 3.9948213659226894,
          "completed_wall_seconds": 4.008812268031761,
          "missed_deadline": false,
          "version_used": 460,
          "update_launched": false,
          "finite": false,
          "completed_version": null,
          "controller_seconds": 0.011180787812918425,
          "learner_seconds": 0.0,
          "learner_started_wall_seconds": null,
          "learner_completed_wall_seconds": null,
          "physical_clearance_m": 2.7406342431433823
        },
        {
          "time": 11.0,
          "scheduled_wall_seconds": 11.0,
          "started_wall_seconds": 4.008818035945296,
          "completed_wall_seconds": 4.023194653913379,
          "missed_deadline": false,
          "version_used": 460,
          "update_launched": false,
          "finite": false,
          "completed_version": null,
          "controller_seconds": 0.011292011942714453,
          "learner_seconds": 0.0,
          "learner_started_wall_seconds": null,
          "learner_completed_wall_seconds": null,
          "physical_clearance_m": 2.733718197000804
        },
        {
          "time": 11.040000000000001,
          "scheduled_wall_seconds": 11.040000000037253,
          "started_wall_seconds": 4.023200585972518,
          "completed_wall_seconds": 4.037337556947023,
          "missed_deadline": false,
          "version_used": 460,
          "update_launched": false,
          "finite": false,
          "completed_version": null,
          "controller_seconds": 0.011213104939088225,
          "learner_seconds": 0.0,
          "learner_started_wall_seconds": null,
          "learner_completed_wall_seconds": null,
          "physical_clearance_m": 2.7279935284979966
        },
        {
          "time": 11.08,
          "scheduled_wall_seconds": 11.080000000074506,
          "started_wall_seconds": 4.037343336036429,
          "completed_wall_seconds": 4.0514767148997635,
          "missed_deadline": false,
          "version_used": 460,
          "update_launched": false,
          "finite": false,
          "completed_version": null,
          "controller_seconds": 0.011281572049483657,
          "learner_seconds": 0.0,
          "learner_started_wall_seconds": null,
          "learner_completed_wall_seconds": null,
          "physical_clearance_m": 2.7233620091803696
        },
        {
          "time": 11.120000000000001,
          "scheduled_wall_seconds": 11.120000000111759,
          "started_wall_seconds": 4.051482523093,
          "completed_wall_seconds": 4.0657083028927445,
          "missed_deadline": false,
          "version_used": 460,
          "update_launched": false,
          "finite": false,
          "completed_version": null,
          "controller_seconds": 0.01133299502544105,
          "learner_seconds": 0.0,
          "learner_started_wall_seconds": null,
          "learner_completed_wall_seconds": null,
          "physical_clearance_m": 2.7197046681769517
        },
        {
          "time": 11.16,
          "scheduled_wall_seconds": 11.159999999916181,
          "started_wall_seconds": 4.065715035889298,
          "completed_wall_seconds": 4.080887607065961,
          "missed_deadline": false,
          "version_used": 460,
          "update_launched": false,
          "finite": false,
          "completed_version": null,
          "controller_seconds": 0.01175179099664092,
          "learner_seconds": 0.0,
          "learner_started_wall_seconds": null,
          "learner_completed_wall_seconds": null,
          "physical_clearance_m": 2.7168894215949204
        },
        {
          "time": 11.200000000000001,
          "scheduled_wall_seconds": 11.199999999953434,
          "started_wall_seconds": 4.080894133076072,
          "completed_wall_seconds": 4.095651576993987,
          "missed_deadline": false,
          "version_used": 460,
          "update_launched": false,
          "finite": false,
          "completed_version": null,
          "controller_seconds": 0.011573364958167076,
          "learner_seconds": 0.0,
          "learner_started_wall_seconds": null,
          "learner_completed_wall_seconds": null,
          "physical_clearance_m": 2.714783231867137
        },
        {
          "time": 11.24,
          "scheduled_wall_seconds": 11.239999999990687,
          "started_wall_seconds": 4.095658116042614,
          "completed_wall_seconds": 4.110302950022742,
          "missed_deadline": false,
          "version_used": 460,
          "update_launched": false,
          "finite": false,
          "completed_version": null,
          "controller_seconds": 0.01129195000976324,
          "learner_seconds": 0.0,
          "learner_started_wall_seconds": null,
          "learner_completed_wall_seconds": null,
          "physical_clearance_m": 2.713256399286571
        },
        {
          "time": 11.28,
          "scheduled_wall_seconds": 11.28000000002794,
          "started_wall_seconds": 4.1103086119983345,
          "completed_wall_seconds": 4.124430698109791,
          "missed_deadline": false,
          "version_used": 460,
          "update_launched": false,
          "finite": false,
          "completed_version": null,
          "controller_seconds": 0.011192353209480643,
          "learner_seconds": 0.0,
          "learner_started_wall_seconds": null,
          "learner_completed_wall_seconds": null,
          "physical_clearance_m": 2.7121894761450913
        },
        {
          "time": 11.32,
          "scheduled_wall_seconds": 11.320000000065193,
          "started_wall_seconds": 4.124436645070091,
          "completed_wall_seconds": 4.138777126092464,
          "missed_deadline": false,
          "version_used": 460,
          "update_launched": false,
          "finite": false,
          "completed_version": null,
          "controller_seconds": 0.011482720030471683,
          "learner_seconds": 0.0,
          "learner_started_wall_seconds": null,
          "learner_completed_wall_seconds": null,
          "physical_clearance_m": 2.711475174082103
        },
        {
          "time": 11.36,
          "scheduled_wall_seconds": 11.360000000102445,
          "started_wall_seconds": 4.138782999012619,
          "completed_wall_seconds": 4.152888539014384,
          "missed_deadline": false,
          "version_used": 460,
          "update_launched": false,
          "finite": false,
          "completed_version": null,
          "controller_seconds": 0.011260711820796132,
          "learner_seconds": 0.0,
          "learner_started_wall_seconds": null,
          "learner_completed_wall_seconds": null,
          "physical_clearance_m": 2.7110209866889146
        },
        {
          "time": 11.4,
          "scheduled_wall_seconds": 11.399999999906868,
          "started_wall_seconds": 4.152894421946257,
          "completed_wall_seconds": 4.1669970999937505,
          "missed_deadline": false,
          "version_used": 460,
          "update_launched": false,
          "finite": false,
          "completed_version": null,
          "controller_seconds": 0.011309589026495814,
          "learner_seconds": 0.0,
          "learner_started_wall_seconds": null,
          "learner_completed_wall_seconds": null,
          "physical_clearance_m": 2.7107506200202134
        },
        {
          "time": 11.44,
          "scheduled_wall_seconds": 11.43999999994412,
          "started_wall_seconds": 4.167002961970866,
          "completed_wall_seconds": 4.181069948943332,
          "missed_deadline": false,
          "version_used": 460,
          "update_launched": false,
          "finite": false,
          "completed_version": null,
          "controller_seconds": 0.011221396969631314,
          "learner_seconds": 0.0,
          "learner_started_wall_seconds": null,
          "learner_completed_wall_seconds": null,
          "physical_clearance_m": 2.710604231012645
        },
        {
          "time": 11.48,
          "scheduled_wall_seconds": 11.479999999981374,
          "started_wall_seconds": 4.181075860047713,
          "completed_wall_seconds": 4.195134467910975,
          "missed_deadline": false,
          "version_used": 460,
          "update_launched": false,
          "finite": false,
          "completed_version": null,
          "controller_seconds": 0.011288306908681989,
          "learner_seconds": 0.0,
          "learner_started_wall_seconds": null,
          "learner_completed_wall_seconds": null,
          "physical_clearance_m": 2.710534135950389
        },
        {
          "time": 11.52,
          "scheduled_wall_seconds": 11.520000000018626,
          "started_wall_seconds": 4.195140310097486,
          "completed_wall_seconds": 4.209073632024229,
          "missed_deadline": false,
          "version_used": 460,
          "update_launched": false,
          "finite": false,
          "completed_version": null,
          "controller_seconds": 0.011161276139318943,
          "learner_seconds": 0.0,
          "learner_started_wall_seconds": null,
          "learner_completed_wall_seconds": null,
          "physical_clearance_m": 2.7105067178137925
        },
        {
          "time": 11.56,
          "scheduled_wall_seconds": 11.56000000005588,
          "started_wall_seconds": 4.209079656982794,
          "completed_wall_seconds": 4.223299869103357,
          "missed_deadline": false,
          "version_used": 460,
          "update_launched": false,
          "finite": false,
          "completed_version": null,
          "controller_seconds": 0.011278918944299221,
          "learner_seconds": 0.0,
          "learner_started_wall_seconds": null,
          "learner_completed_wall_seconds": null,
          "physical_clearance_m": 2.7105048104651597
        },
        {
          "time": 11.6,
          "scheduled_wall_seconds": 11.600000000093132,
          "started_wall_seconds": 4.223305823979899,
          "completed_wall_seconds": 4.23740461608395,
          "missed_deadline": false,
          "version_used": 460,
          "update_launched": false,
          "finite": false,
          "completed_version": null,
          "controller_seconds": 0.011178779182955623,
          "learner_seconds": 0.0,
          "learner_started_wall_seconds": null,
          "learner_completed_wall_seconds": null,
          "physical_clearance_m": 2.7105186387427476
        },
        {
          "time": 11.64,
          "scheduled_wall_seconds": 11.639999999897555,
          "started_wall_seconds": 4.237410271074623,
          "completed_wall_seconds": 4.2519545359537005,
          "missed_deadline": false,
          "version_used": 460,
          "update_launched": false,
          "finite": false,
          "completed_version": null,
          "controller_seconds": 0.011505150003358722,
          "learner_seconds": 0.0,
          "learner_started_wall_seconds": null,
          "learner_completed_wall_seconds": null,
          "physical_clearance_m": 2.710552732599559
        },
        {
          "time": 11.68,
          "scheduled_wall_seconds": 11.679999999934807,
          "started_wall_seconds": 4.251960684079677,
          "completed_wall_seconds": 4.266683045076206,
          "missed_deadline": false,
          "version_used": 460,
          "update_launched": false,
          "finite": false,
          "completed_version": null,
          "controller_seconds": 0.011692083906382322,
          "learner_seconds": 0.0,
          "learner_started_wall_seconds": null,
          "learner_completed_wall_seconds": null,
          "physical_clearance_m": 2.7106099530585435
        },
        {
          "time": 11.72,
          "scheduled_wall_seconds": 11.71999999997206,
          "started_wall_seconds": 4.266690880060196,
          "completed_wall_seconds": 4.281248274026439,
          "missed_deadline": false,
          "version_used": 460,
          "update_launched": false,
          "finite": false,
          "completed_version": null,
          "controller_seconds": 0.01171688293106854,
          "learner_seconds": 0.0,
          "learner_started_wall_seconds": null,
          "learner_completed_wall_seconds": null,
          "physical_clearance_m": 2.710697691095653
        },
        {
          "time": 11.76,
          "scheduled_wall_seconds": 11.760000000009313,
          "started_wall_seconds": 4.28125499910675,
          "completed_wall_seconds": 4.295449351891875,
          "missed_deadline": false,
          "version_used": 460,
          "update_launched": false,
          "finite": false,
          "completed_version": null,
          "controller_seconds": 0.011479639913886786,
          "learner_seconds": 0.0,
          "learner_started_wall_seconds": null,
          "learner_completed_wall_seconds": null,
          "physical_clearance_m": 2.710831443918529
        },
        {
          "time": 11.8,
          "scheduled_wall_seconds": 11.800000000046566,
          "started_wall_seconds": 4.295455658109859,
          "completed_wall_seconds": 4.309588469099253,
          "missed_deadline": false,
          "version_used": 460,
          "update_launched": false,
          "finite": false,
          "completed_version": null,
          "controller_seconds": 0.011380631942301989,
          "learner_seconds": 0.0,
          "learner_started_wall_seconds": null,
          "learner_completed_wall_seconds": null,
          "physical_clearance_m": 2.7110283776648667
        },
        {
          "time": 11.84,
          "scheduled_wall_seconds": 11.840000000083819,
          "started_wall_seconds": 4.309594549937174,
          "completed_wall_seconds": 4.323580903932452,
          "missed_deadline": false,
          "version_used": 460,
          "update_launched": false,
          "finite": false,
          "completed_version": null,
          "controller_seconds": 0.011349420994520187,
          "learner_seconds": 0.0,
          "learner_started_wall_seconds": null,
          "learner_completed_wall_seconds": null,
          "physical_clearance_m": 2.7113078042395737
        },
        {
          "time": 11.88,
          "scheduled_wall_seconds": 11.879999999888241,
          "started_wall_seconds": 4.323586775921285,
          "completed_wall_seconds": 4.33725948096253,
          "missed_deadline": false,
          "version_used": 460,
          "update_launched": false,
          "finite": false,
          "completed_version": null,
          "controller_seconds": 0.011298881145194173,
          "learner_seconds": 0.0,
          "learner_started_wall_seconds": null,
          "learner_completed_wall_seconds": null,
          "physical_clearance_m": 2.71168832029182
        },
        {
          "time": 11.92,
          "scheduled_wall_seconds": 11.919999999925494,
          "started_wall_seconds": 4.337265369948,
          "completed_wall_seconds": 4.350942868040875,
          "missed_deadline": false,
          "version_used": 460,
          "update_launched": false,
          "finite": false,
          "completed_version": null,
          "controller_seconds": 0.011215901002287865,
          "learner_seconds": 0.0,
          "learner_started_wall_seconds": null,
          "learner_completed_wall_seconds": null,
          "physical_clearance_m": 2.7121880456336167
        },
        {
          "time": 11.96,
          "scheduled_wall_seconds": 11.959999999962747,
          "started_wall_seconds": 4.350948790088296,
          "completed_wall_seconds": 4.364573559956625,
          "missed_deadline": false,
          "version_used": 460,
          "update_launched": false,
          "finite": false,
          "completed_version": null,
          "controller_seconds": 0.011220254004001617,
          "learner_seconds": 0.0,
          "learner_started_wall_seconds": null,
          "learner_completed_wall_seconds": null,
          "physical_clearance_m": 2.712822239054027
        },
        {
          "time": 12.0,
          "scheduled_wall_seconds": 12.0,
          "started_wall_seconds": 4.3645795080810785,
          "completed_wall_seconds": 4.378311221022159,
          "missed_deadline": false,
          "version_used": 460,
          "update_launched": false,
          "finite": false,
          "completed_version": null,
          "controller_seconds": 0.011167912976816297,
          "learner_seconds": 0.0,
          "learner_started_wall_seconds": null,
          "learner_completed_wall_seconds": null,
          "physical_clearance_m": 2.713603775156322
        },
        {
          "time": 12.040000000000001,
          "scheduled_wall_seconds": 12.040000000037253,
          "started_wall_seconds": 4.378344685072079,
          "completed_wall_seconds": 4.392328910995275,
          "missed_deadline": false,
          "version_used": 460,
          "update_launched": false,
          "finite": false,
          "completed_version": null,
          "controller_seconds": 0.011492378078401089,
          "learner_seconds": 0.0,
          "learner_started_wall_seconds": null,
          "learner_completed_wall_seconds": null,
          "physical_clearance_m": 2.714540521753612
        },
        {
          "time": 12.08,
          "scheduled_wall_seconds": 12.080000000074506,
          "started_wall_seconds": 4.392334812087938,
          "completed_wall_seconds": 4.4059770898893476,
          "missed_deadline": false,
          "version_used": 460,
          "update_launched": false,
          "finite": false,
          "completed_version": null,
          "controller_seconds": 0.011175358900800347,
          "learner_seconds": 0.0,
          "learner_started_wall_seconds": null,
          "learner_completed_wall_seconds": null,
          "physical_clearance_m": 2.7156365319617417
        },
        {
          "time": 12.120000000000001,
          "scheduled_wall_seconds": 12.120000000111759,
          "started_wall_seconds": 4.4059829399921,
          "completed_wall_seconds": 4.419755340088159,
          "missed_deadline": false,
          "version_used": 460,
          "update_launched": false,
          "finite": false,
          "completed_version": null,
          "controller_seconds": 0.011292082024738193,
          "learner_seconds": 0.0,
          "learner_started_wall_seconds": null,
          "learner_completed_wall_seconds": null,
          "physical_clearance_m": 2.7168922826178696
        },
        {
          "time": 12.16,
          "scheduled_wall_seconds": 12.159999999916181,
          "started_wall_seconds": 4.4197614919394255,
          "completed_wall_seconds": 4.4337088039610535,
          "missed_deadline": false,
          "version_used": 460,
          "update_launched": false,
          "finite": false,
          "completed_version": null,
          "controller_seconds": 0.011381234042346478,
          "learner_seconds": 0.0,
          "learner_started_wall_seconds": null,
          "learner_completed_wall_seconds": null,
          "physical_clearance_m": 2.718301813257518
        },
        {
          "time": 12.200000000000001,
          "scheduled_wall_seconds": 12.199999999953434,
          "started_wall_seconds": 4.433715105988085,
          "completed_wall_seconds": 4.447668687906116,
          "missed_deadline": false,
          "version_used": 460,
          "update_launched": false,
          "finite": false,
          "completed_version": null,
          "controller_seconds": 0.011427456978708506,
          "learner_seconds": 0.0,
          "learner_started_wall_seconds": null,
          "learner_completed_wall_seconds": null,
          "physical_clearance_m": 2.7198567792304185
        },
        {
          "time": 12.24,
          "scheduled_wall_seconds": 12.239999999990687,
          "started_wall_seconds": 4.4476747419685125,
          "completed_wall_seconds": 4.461401843931526,
          "missed_deadline": false,
          "version_used": 460,
          "update_launched": false,
          "finite": false,
          "completed_version": null,
          "controller_seconds": 0.011240431806072593,
          "learner_seconds": 0.0,
          "learner_started_wall_seconds": null,
          "learner_completed_wall_seconds": null,
          "physical_clearance_m": 2.7215428754218247
        },
        {
          "time": 12.280000000000001,
          "scheduled_wall_seconds": 12.28000000002794,
          "started_wall_seconds": 4.461407927097753,
          "completed_wall_seconds": 4.475263569969684,
          "missed_deadline": false,
          "version_used": 460,
          "update_launched": false,
          "finite": false,
          "completed_version": null,
          "controller_seconds": 0.011293906951323152,
          "learner_seconds": 0.0,
          "learner_started_wall_seconds": null,
          "learner_completed_wall_seconds": null,
          "physical_clearance_m": 2.7233434125311997
        },
        {
          "time": 12.32,
          "scheduled_wall_seconds": 12.320000000065193,
          "started_wall_seconds": 4.475269875023514,
          "completed_wall_seconds": 4.48918098397553,
          "missed_deadline": false,
          "version_used": 460,
          "update_launched": false,
          "finite": false,
          "completed_version": null,
          "controller_seconds": 0.011264914879575372,
          "learner_seconds": 0.0,
          "learner_started_wall_seconds": null,
          "learner_completed_wall_seconds": null,
          "physical_clearance_m": 2.7252371713050034
        },
        {
          "time": 12.36,
          "scheduled_wall_seconds": 12.360000000102445,
          "started_wall_seconds": 4.489187689032406,
          "completed_wall_seconds": 4.503298408119008,
          "missed_deadline": false,
          "version_used": 460,
          "update_launched": false,
          "finite": false,
          "completed_version": null,
          "controller_seconds": 0.011477885069325566,
          "learner_seconds": 0.0,
          "learner_started_wall_seconds": null,
          "learner_completed_wall_seconds": null,
          "physical_clearance_m": 2.727200786722484
        },
        {
          "time": 12.4,
          "scheduled_wall_seconds": 12.399999999906868,
          "started_wall_seconds": 4.5033048070035875,
          "completed_wall_seconds": 4.516972451936454,
          "missed_deadline": false,
          "version_used": 460,
          "update_launched": false,
          "finite": false,
          "completed_version": null,
          "controller_seconds": 0.011241192929446697,
          "learner_seconds": 0.0,
          "learner_started_wall_seconds": null,
          "learner_completed_wall_seconds": null,
          "physical_clearance_m": 2.7292089864142564
        },
        {
          "time": 12.44,
          "scheduled_wall_seconds": 12.43999999994412,
          "started_wall_seconds": 4.5169783108867705,
          "completed_wall_seconds": 4.530660253949463,
          "missed_deadline": false,
          "version_used": 460,
          "update_launched": false,
          "finite": false,
          "completed_version": null,
          "controller_seconds": 0.011324753984808922,
          "learner_seconds": 0.0,
          "learner_started_wall_seconds": null,
          "learner_completed_wall_seconds": null,
          "physical_clearance_m": 2.731233875406566
        },
        {
          "time": 12.48,
          "scheduled_wall_seconds": 12.479999999981374,
          "started_wall_seconds": 4.530666104052216,
          "completed_wall_seconds": 4.544282641960308,
          "missed_deadline": false,
          "version_used": 460,
          "update_launched": false,
          "finite": false,
          "completed_version": null,
          "controller_seconds": 0.011192644946277142,
          "learner_seconds": 0.0,
          "learner_started_wall_seconds": null,
          "learner_completed_wall_seconds": null,
          "physical_clearance_m": 2.733248273981395
        },
        {
          "time": 12.52,
          "scheduled_wall_seconds": 12.520000000018626,
          "started_wall_seconds": 4.5442885279189795,
          "completed_wall_seconds": 4.558181340107694,
          "missed_deadline": false,
          "version_used": 460,
          "update_launched": false,
          "finite": false,
          "completed_version": null,
          "controller_seconds": 0.011279281927272677,
          "learner_seconds": 0.0,
          "learner_started_wall_seconds": null,
          "learner_completed_wall_seconds": null,
          "physical_clearance_m": 2.7352230950720933
        },
        {
          "time": 12.56,
          "scheduled_wall_seconds": 12.56000000005588,
          "started_wall_seconds": 4.55818739393726,
          "completed_wall_seconds": 4.572177514899522,
          "missed_deadline": false,
          "version_used": 460,
          "update_launched": false,
          "finite": false,
          "completed_version": null,
          "controller_seconds": 0.011442994931712747,
          "learner_seconds": 0.0,
          "learner_started_wall_seconds": null,
          "learner_completed_wall_seconds": null,
          "physical_clearance_m": 2.7371304437049058
        },
        {
          "time": 12.6,
          "scheduled_wall_seconds": 12.600000000093132,
          "started_wall_seconds": 4.5721835440490395,
          "completed_wall_seconds": 4.585920522920787,
          "missed_deadline": false,
          "version_used": 460,
          "update_launched": false,
          "finite": false,
          "completed_version": null,
          "controller_seconds": 0.011265320936217904,
          "learner_seconds": 0.0,
          "learner_started_wall_seconds": null,
          "learner_completed_wall_seconds": null,
          "physical_clearance_m": 2.7389421864874985
        },
        {
          "time": 12.64,
          "scheduled_wall_seconds": 12.639999999897555,
          "started_wall_seconds": 4.585926291998476,
          "completed_wall_seconds": 4.59976370097138,
          "missed_deadline": false,
          "version_used": 460,
          "update_launched": false,
          "finite": false,
          "completed_version": null,
          "controller_seconds": 0.011196460109204054,
          "learner_seconds": 0.0,
          "learner_started_wall_seconds": null,
          "learner_completed_wall_seconds": null,
          "physical_clearance_m": 2.740631620539012
        },
        {
          "time": 12.68,
          "scheduled_wall_seconds": 12.679999999934807,
          "started_wall_seconds": 4.599769691936672,
          "completed_wall_seconds": 4.613484064117074,
          "missed_deadline": false,
          "version_used": 460,
          "update_launched": false,
          "finite": false,
          "completed_version": null,
          "controller_seconds": 0.011288939043879509,
          "learner_seconds": 0.0,
          "learner_started_wall_seconds": null,
          "learner_completed_wall_seconds": null,
          "physical_clearance_m": 2.742173711908641
        },
        {
          "time": 12.72,
          "scheduled_wall_seconds": 12.71999999997206,
          "started_wall_seconds": 4.613489987095818,
          "completed_wall_seconds": 4.627357297111303,
          "missed_deadline": false,
          "version_used": 460,
          "update_launched": false,
          "finite": false,
          "completed_version": null,
          "controller_seconds": 0.011210950091481209,
          "learner_seconds": 0.0,
          "learner_started_wall_seconds": null,
          "learner_completed_wall_seconds": null,
          "physical_clearance_m": 2.7435453339942124
        },
        {
          "time": 12.76,
          "scheduled_wall_seconds": 12.760000000009313,
          "started_wall_seconds": 4.627363739069551,
          "completed_wall_seconds": 4.642606358975172,
          "missed_deadline": false,
          "version_used": 460,
          "update_launched": false,
          "finite": false,
          "completed_version": null,
          "controller_seconds": 0.011610799934715033,
          "learner_seconds": 0.0,
          "learner_started_wall_seconds": null,
          "learner_completed_wall_seconds": null,
          "physical_clearance_m": 2.738901035865847
        },
        {
          "time": 12.8,
          "scheduled_wall_seconds": 12.800000000046566,
          "started_wall_seconds": 4.642613258911297,
          "completed_wall_seconds": 4.6574110221117735,
          "missed_deadline": false,
          "version_used": 460,
          "update_launched": false,
          "finite": false,
          "completed_version": null,
          "controller_seconds": 0.011572928866371512,
          "learner_seconds": 0.0,
          "learner_started_wall_seconds": null,
          "learner_completed_wall_seconds": null,
          "physical_clearance_m": 2.7302535940018333
        },
        {
          "time": 12.84,
          "scheduled_wall_seconds": 12.840000000083819,
          "started_wall_seconds": 4.657417101087049,
          "completed_wall_seconds": 4.671919493936002,
          "missed_deadline": false,
          "version_used": 460,
          "update_launched": false,
          "finite": false,
          "completed_version": null,
          "controller_seconds": 0.011459686094895005,
          "learner_seconds": 0.0,
          "learner_started_wall_seconds": null,
          "learner_completed_wall_seconds": null,
          "physical_clearance_m": 2.722018139442507
        },
        {
          "time": 12.88,
          "scheduled_wall_seconds": 12.879999999888241,
          "started_wall_seconds": 4.6719254029449075,
          "completed_wall_seconds": 4.68628620589152,
          "missed_deadline": false,
          "version_used": 460,
          "update_launched": false,
          "finite": false,
          "completed_version": null,
          "controller_seconds": 0.011259582126513124,
          "learner_seconds": 0.0,
          "learner_started_wall_seconds": null,
          "learner_completed_wall_seconds": null,
          "physical_clearance_m": 2.7142018247452415
        },
        {
          "time": 12.92,
          "scheduled_wall_seconds": 12.919999999925494,
          "started_wall_seconds": 4.686292668106034,
          "completed_wall_seconds": 4.70070766704157,
          "missed_deadline": false,
          "version_used": 460,
          "update_launched": false,
          "finite": false,
          "completed_version": null,
          "controller_seconds": 0.011315173003822565,
          "learner_seconds": 0.0,
          "learner_started_wall_seconds": null,
          "learner_completed_wall_seconds": null,
          "physical_clearance_m": 2.706808226188723
        },
        {
          "time": 12.96,
          "scheduled_wall_seconds": 12.959999999962747,
          "started_wall_seconds": 4.7007135569583625,
          "completed_wall_seconds": 4.715132062090561,
          "missed_deadline": false,
          "version_used": 460,
          "update_launched": false,
          "finite": false,
          "completed_version": null,
          "controller_seconds": 0.01131998491473496,
          "learner_seconds": 0.0,
          "learner_started_wall_seconds": null,
          "learner_completed_wall_seconds": null,
          "physical_clearance_m": 2.699838535865847
        },
        {
          "time": 13.0,
          "scheduled_wall_seconds": 13.0,
          "started_wall_seconds": 4.715137937106192,
          "completed_wall_seconds": 4.729568937094882,
          "missed_deadline": false,
          "version_used": 460,
          "update_launched": false,
          "finite": false,
          "completed_version": null,
          "controller_seconds": 0.011257495963945985,
          "learner_seconds": 0.0,
          "learner_started_wall_seconds": null,
          "learner_completed_wall_seconds": null,
          "physical_clearance_m": 2.693291323265139
        },
        {
          "time": 13.040000000000001,
          "scheduled_wall_seconds": 13.040000000037253,
          "started_wall_seconds": 4.729574915021658,
          "completed_wall_seconds": 4.7438844500575215,
          "missed_deadline": false,
          "version_used": 460,
          "update_launched": false,
          "finite": false,
          "completed_version": null,
          "controller_seconds": 0.011173331877216697,
          "learner_seconds": 0.0,
          "learner_started_wall_seconds": null,
          "learner_completed_wall_seconds": null,
          "physical_clearance_m": 2.687161581596438
        },
        {
          "time": 13.08,
          "scheduled_wall_seconds": 13.080000000074506,
          "started_wall_seconds": 4.743890451034531,
          "completed_wall_seconds": 4.758398100035265,
          "missed_deadline": false,
          "version_used": 460,
          "update_launched": false,
          "finite": false,
          "completed_version": null,
          "controller_seconds": 0.011263302993029356,
          "learner_seconds": 0.0,
          "learner_started_wall_seconds": null,
          "learner_completed_wall_seconds": null,
          "physical_clearance_m": 2.681443111976687
        },
        {
          "time": 13.120000000000001,
          "scheduled_wall_seconds": 13.120000000111759,
          "started_wall_seconds": 4.758404060965404,
          "completed_wall_seconds": 4.773280983092263,
          "missed_deadline": false,
          "version_used": 460,
          "update_launched": false,
          "finite": false,
          "completed_version": null,
          "controller_seconds": 0.011208164039999247,
          "learner_seconds": 0.0,
          "learner_started_wall_seconds": null,
          "learner_completed_wall_seconds": null,
          "physical_clearance_m": 2.676126377662722
        },
        {
          "time": 13.16,
          "scheduled_wall_seconds": 13.159999999916181,
          "started_wall_seconds": 4.7732871090993285,
          "completed_wall_seconds": 4.787797610973939,
          "missed_deadline": false,
          "version_used": 460,
          "update_launched": false,
          "finite": false,
          "completed_version": null,
          "controller_seconds": 0.011301356134936213,
          "learner_seconds": 0.0,
          "learner_started_wall_seconds": null,
          "learner_completed_wall_seconds": null,
          "physical_clearance_m": 2.6712006498184837
        },
        {
          "time": 13.200000000000001,
          "scheduled_wall_seconds": 13.199999999953434,
          "started_wall_seconds": 4.787803847109899,
          "completed_wall_seconds": 4.803265572991222,
          "missed_deadline": false,
          "version_used": 460,
          "update_launched": false,
          "finite": false,
          "completed_version": null,
          "controller_seconds": 0.011704140109941363,
          "learner_seconds": 0.0,
          "learner_started_wall_seconds": null,
          "learner_completed_wall_seconds": null,
          "physical_clearance_m": 2.6666530538407005
        },
        {
          "time": 13.24,
          "scheduled_wall_seconds": 13.239999999990687,
          "started_wall_seconds": 4.8032718459144235,
          "completed_wall_seconds": 4.817751497030258,
          "missed_deadline": false,
          "version_used": 460,
          "update_launched": false,
          "finite": false,
          "completed_version": null,
          "controller_seconds": 0.011371775064617395,
          "learner_seconds": 0.0,
          "learner_started_wall_seconds": null,
          "learner_completed_wall_seconds": null,
          "physical_clearance_m": 2.6624692846146263
        },
        {
          "time": 13.280000000000001,
          "scheduled_wall_seconds": 13.28000000002794,
          "started_wall_seconds": 4.8177573850844055,
          "completed_wall_seconds": 4.831981799099594,
          "missed_deadline": false,
          "version_used": 460,
          "update_launched": false,
          "finite": false,
          "completed_version": null,
          "controller_seconds": 0.011188172036781907,
          "learner_seconds": 0.0,
          "learner_started_wall_seconds": null,
          "learner_completed_wall_seconds": null,
          "physical_clearance_m": 2.6586338449326194
        },
        {
          "time": 13.32,
          "scheduled_wall_seconds": 13.320000000065193,
          "started_wall_seconds": 4.831987380981445,
          "completed_wall_seconds": 4.846283026970923,
          "missed_deadline": false,
          "version_used": 460,
          "update_launched": false,
          "finite": false,
          "completed_version": null,
          "controller_seconds": 0.0112769880797714,
          "learner_seconds": 0.0,
          "learner_started_wall_seconds": null,
          "learner_completed_wall_seconds": null,
          "physical_clearance_m": 2.655130283912722
        },
        {
          "time": 13.36,
          "scheduled_wall_seconds": 13.360000000102445,
          "started_wall_seconds": 4.84628896904178,
          "completed_wall_seconds": 4.860526496078819,
          "missed_deadline": false,
          "version_used": 460,
          "update_launched": false,
          "finite": false,
          "completed_version": null,
          "controller_seconds": 0.011181896086782217,
          "learner_seconds": 0.0,
          "learner_started_wall_seconds": null,
          "learner_completed_wall_seconds": null,
          "physical_clearance_m": 2.6519416738358177
        },
        {
          "time": 13.4,
          "scheduled_wall_seconds": 13.399999999906868,
          "started_wall_seconds": 4.860532402060926,
          "completed_wall_seconds": 4.874792319023982,
          "missed_deadline": false,
          "version_used": 460,
          "update_launched": false,
          "finite": false,
          "completed_version": null,
          "controller_seconds": 0.011350132990628481,
          "learner_seconds": 0.0,
          "learner_started_wall_seconds": null,
          "learner_completed_wall_seconds": null,
          "physical_clearance_m": 2.649050133308474
        },
        {
          "time": 13.44,
          "scheduled_wall_seconds": 13.43999999994412,
          "started_wall_seconds": 4.874798160977662,
          "completed_wall_seconds": 4.889140706975013,
          "missed_deadline": false,
          "version_used": 460,
          "update_launched": false,
          "finite": false,
          "completed_version": null,
          "controller_seconds": 0.011214453028514981,
          "learner_seconds": 0.0,
          "learner_started_wall_seconds": null,
          "learner_completed_wall_seconds": null,
          "physical_clearance_m": 2.646437065681521
        },
        {
          "time": 13.48,
          "scheduled_wall_seconds": 13.479999999981374,
          "started_wall_seconds": 4.889146520989016,
          "completed_wall_seconds": 4.903464836068451,
          "missed_deadline": false,
          "version_used": 460,
          "update_launched": false,
          "finite": false,
          "completed_version": null,
          "controller_seconds": 0.011258631944656372,
          "learner_seconds": 0.0,
          "learner_started_wall_seconds": null,
          "learner_completed_wall_seconds": null,
          "physical_clearance_m": 2.6440843511429466
        },
        {
          "time": 13.52,
          "scheduled_wall_seconds": 13.520000000018626,
          "started_wall_seconds": 4.903470787918195,
          "completed_wall_seconds": 4.917689311085269,
          "missed_deadline": false,
          "version_used": 460,
          "update_launched": false,
          "finite": false,
          "completed_version": null,
          "controller_seconds": 0.011145123047754169,
          "learner_seconds": 0.0,
          "learner_started_wall_seconds": null,
          "learner_completed_wall_seconds": null,
          "physical_clearance_m": 2.6419738698807396
        },
        {
          "time": 13.56,
          "scheduled_wall_seconds": 13.56000000005588,
          "started_wall_seconds": 4.917695057112724,
          "completed_wall_seconds": 4.932356028119102,
          "missed_deadline": false,
          "version_used": 460,
          "update_launched": false,
          "finite": false,
          "completed_version": null,
          "controller_seconds": 0.011255917139351368,
          "learner_seconds": 0.0,
          "learner_started_wall_seconds": null,
          "learner_completed_wall_seconds": null,
          "physical_clearance_m": 2.6400882173386253
        },
        {
          "time": 13.6,
          "scheduled_wall_seconds": 13.600000000093132,
          "started_wall_seconds": 4.932361935032532,
          "completed_wall_seconds": 4.946712933946401,
          "missed_deadline": false,
          "version_used": 460,
          "update_launched": false,
          "finite": false,
          "completed_version": null,
          "controller_seconds": 0.011274612043052912,
          "learner_seconds": 0.0,
          "learner_started_wall_seconds": null,
          "learner_completed_wall_seconds": null,
          "physical_clearance_m": 2.638409512123171
        },
        {
          "time": 13.64,
          "scheduled_wall_seconds": 13.639999999897555,
          "started_wall_seconds": 4.9467189649585634,
          "completed_wall_seconds": 4.960935280891135,
          "missed_deadline": false,
          "version_used": 460,
          "update_launched": false,
          "finite": false,
          "completed_version": null,
          "controller_seconds": 0.011303195031359792,
          "learner_seconds": 0.0,
          "learner_started_wall_seconds": null,
          "learner_completed_wall_seconds": null,
          "physical_clearance_m": 2.6369217801895775
        },
        {
          "time": 13.68,
          "scheduled_wall_seconds": 13.679999999934807,
          "started_wall_seconds": 4.960940923076123,
          "completed_wall_seconds": 4.975314314011484,
          "missed_deadline": false,
          "version_used": 460,
          "update_launched": false,
          "finite": false,
          "completed_version": null,
          "controller_seconds": 0.011222941800951958,
          "learner_seconds": 0.0,
          "learner_started_wall_seconds": null,
          "learner_completed_wall_seconds": null,
          "physical_clearance_m": 2.635608809074465
        },
        {
          "time": 13.72,
          "scheduled_wall_seconds": 13.71999999997206,
          "started_wall_seconds": 4.975320022087544,
          "completed_wall_seconds": 4.989627649076283,
          "missed_deadline": false,
          "version_used": 460,
          "update_launched": false,
          "finite": false,
          "completed_version": null,
          "controller_seconds": 0.01128547708503902,
          "learner_seconds": 0.0,
          "learner_started_wall_seconds": null,
          "learner_completed_wall_seconds": null,
          "physical_clearance_m": 2.6344570089188255
        },
        {
          "time": 13.76,
          "scheduled_wall_seconds": 13.760000000009313,
          "started_wall_seconds": 4.989633342018351,
          "completed_wall_seconds": 5.004077729070559,
          "missed_deadline": false,
          "version_used": 460,
          "update_launched": false,
          "finite": false,
          "completed_version": null,
          "controller_seconds": 0.011224549962207675,
          "learner_seconds": 0.0,
          "learner_started_wall_seconds": null,
          "learner_completed_wall_seconds": null,
          "physical_clearance_m": 2.6334520746079124
        },
        {
          "time": 13.8,
          "scheduled_wall_seconds": 13.800000000046566,
          "started_wall_seconds": 5.004083815030754,
          "completed_wall_seconds": 5.018654219107702,
          "missed_deadline": false,
          "version_used": 460,
          "update_launched": false,
          "finite": false,
          "completed_version": null,
          "controller_seconds": 0.011508245021104813,
          "learner_seconds": 0.0,
          "learner_started_wall_seconds": null,
          "learner_completed_wall_seconds": null,
          "physical_clearance_m": 2.632582562049929
        },
        {
          "time": 13.84,
          "scheduled_wall_seconds": 13.840000000083819,
          "started_wall_seconds": 5.018659993074834,
          "completed_wall_seconds": 5.033008582890034,
          "missed_deadline": false,
          "version_used": 460,
          "update_launched": false,
          "finite": false,
          "completed_version": null,
          "controller_seconds": 0.011152645107358694,
          "learner_seconds": 0.0,
          "learner_started_wall_seconds": null,
          "learner_completed_wall_seconds": null,
          "physical_clearance_m": 2.6318377424088157
        },
        {
          "time": 13.88,
          "scheduled_wall_seconds": 13.879999999888241,
          "started_wall_seconds": 5.033014900051057,
          "completed_wall_seconds": 5.047526502981782,
          "missed_deadline": false,
          "version_used": 460,
          "update_launched": false,
          "finite": false,
          "completed_version": null,
          "controller_seconds": 0.011285198153927922,
          "learner_seconds": 0.0,
          "learner_started_wall_seconds": null,
          "learner_completed_wall_seconds": null,
          "physical_clearance_m": 2.6312085557785667
        },
        {
          "time": 13.92,
          "scheduled_wall_seconds": 13.919999999925494,
          "started_wall_seconds": 5.047532716067508,
          "completed_wall_seconds": 5.06198916095309,
          "missed_deadline": false,
          "version_used": 460,
          "update_launched": false,
          "finite": false,
          "completed_version": null,
          "controller_seconds": 0.011243648128584027,
          "learner_seconds": 0.0,
          "learner_started_wall_seconds": null,
          "learner_completed_wall_seconds": null,
          "physical_clearance_m": 2.630688564857546
        },
        {
          "time": 13.96,
          "scheduled_wall_seconds": 13.959999999962747,
          "started_wall_seconds": 5.061995492083952,
          "completed_wall_seconds": 5.07643315102905,
          "missed_deadline": false,
          "version_used": 460,
          "update_launched": false,
          "finite": false,
          "completed_version": null,
          "controller_seconds": 0.011275777826085687,
          "learner_seconds": 0.0,
          "learner_started_wall_seconds": null,
          "learner_completed_wall_seconds": null,
          "physical_clearance_m": 2.6302718091812767
        },
        {
          "time": 14.0,
          "scheduled_wall_seconds": 14.0,
          "started_wall_seconds": 5.076438995078206,
          "completed_wall_seconds": 5.090747460955754,
          "missed_deadline": false,
          "version_used": 460,
          "update_launched": false,
          "finite": false,
          "completed_version": null,
          "controller_seconds": 0.011164756026118994,
          "learner_seconds": 0.0,
          "learner_started_wall_seconds": null,
          "learner_completed_wall_seconds": null,
          "physical_clearance_m": 2.6299549508896507
        },
        {
          "time": 14.040000000000001,
          "scheduled_wall_seconds": 14.040000000037253,
          "started_wall_seconds": 5.090755447046831,
          "completed_wall_seconds": 5.10528306895867,
          "missed_deadline": false,
          "version_used": 460,
          "update_launched": false,
          "finite": false,
          "completed_version": null,
          "controller_seconds": 0.01147425384260714,
          "learner_seconds": 0.0,
          "learner_started_wall_seconds": null,
          "learner_completed_wall_seconds": null,
          "physical_clearance_m": 2.6297363210526146
        },
        {
          "time": 14.08,
          "scheduled_wall_seconds": 14.080000000074506,
          "started_wall_seconds": 5.105289183091372,
          "completed_wall_seconds": 5.119319997960702,
          "missed_deadline": false,
          "version_used": 460,
          "update_launched": false,
          "finite": false,
          "completed_version": null,
          "controller_seconds": 0.011166627053171396,
          "learner_seconds": 0.0,
          "learner_started_wall_seconds": null,
          "learner_completed_wall_seconds": null,
          "physical_clearance_m": 2.6296163965073265
        },
        {
          "time": 14.120000000000001,
          "scheduled_wall_seconds": 14.120000000111759,
          "started_wall_seconds": 5.119326263898984,
          "completed_wall_seconds": 5.133298161905259,
          "missed_deadline": false,
          "version_used": 460,
          "update_launched": false,
          "finite": false,
          "completed_version": null,
          "controller_seconds": 0.01122941100038588,
          "learner_seconds": 0.0,
          "learner_started_wall_seconds": null,
          "learner_completed_wall_seconds": null,
          "physical_clearance_m": 2.629593985160891
        },
        {
          "time": 14.16,
          "scheduled_wall_seconds": 14.159999999916181,
          "started_wall_seconds": 5.133304039016366,
          "completed_wall_seconds": 5.147447221912444,
          "missed_deadline": false,
          "version_used": 460,
          "update_launched": false,
          "finite": false,
          "completed_version": null,
          "controller_seconds": 0.011218992061913013,
          "learner_seconds": 0.0,
          "learner_started_wall_seconds": null,
          "learner_completed_wall_seconds": null,
          "physical_clearance_m": 2.62959684618384
        },
        {
          "time": 14.200000000000001,
          "scheduled_wall_seconds": 14.199999999953434,
          "started_wall_seconds": 5.147452922072262,
          "completed_wall_seconds": 5.161438633920625,
          "missed_deadline": false,
          "version_used": 460,
          "update_launched": false,
          "finite": false,
          "completed_version": null,
          "controller_seconds": 0.011269693961367011,
          "learner_seconds": 0.0,
          "learner_started_wall_seconds": null,
          "learner_completed_wall_seconds": null,
          "physical_clearance_m": 2.6296822000351585
        },
        {
          "time": 14.24,
          "scheduled_wall_seconds": 14.239999999990687,
          "started_wall_seconds": 5.161444179015234,
          "completed_wall_seconds": 5.1755307640414685,
          "missed_deadline": false,
          "version_used": 460,
          "update_launched": false,
          "finite": false,
          "completed_version": null,
          "controller_seconds": 0.011309752939268947,
          "learner_seconds": 0.0,
          "learner_started_wall_seconds": null,
          "learner_completed_wall_seconds": null,
          "physical_clearance_m": 2.629877703270022
        },
        {
          "time": 14.280000000000001,
          "scheduled_wall_seconds": 14.28000000002794,
          "started_wall_seconds": 5.175536805065349,
          "completed_wall_seconds": 5.189799660118297,
          "missed_deadline": false,
          "version_used": 460,
          "update_launched": false,
          "finite": false,
          "completed_version": null,
          "controller_seconds": 0.011254369048401713,
          "learner_seconds": 0.0,
          "learner_started_wall_seconds": null,
          "learner_completed_wall_seconds": null,
          "physical_clearance_m": 2.630190746864382
        },
        {
          "time": 14.32,
          "scheduled_wall_seconds": 14.320000000065193,
          "started_wall_seconds": 5.189805685076863,
          "completed_wall_seconds": 5.20387417008169,
          "missed_deadline": false,
          "version_used": 460,
          "update_launched": false,
          "finite": false,
          "completed_version": null,
          "controller_seconds": 0.011214932892471552,
          "learner_seconds": 0.0,
          "learner_started_wall_seconds": null,
          "learner_completed_wall_seconds": null,
          "physical_clearance_m": 2.630631344398562
        },
        {
          "time": 14.36,
          "scheduled_wall_seconds": 14.360000000102445,
          "started_wall_seconds": 5.203879785025492,
          "completed_wall_seconds": 5.218030015937984,
          "missed_deadline": false,
          "version_used": 460,
          "update_launched": false,
          "finite": false,
          "completed_version": null,
          "controller_seconds": 0.011311304057016969,
          "learner_seconds": 0.0,
          "learner_started_wall_seconds": null,
          "learner_completed_wall_seconds": null,
          "physical_clearance_m": 2.6312097478714622
        },
        {
          "time": 14.4,
          "scheduled_wall_seconds": 14.399999999906868,
          "started_wall_seconds": 5.218035846017301,
          "completed_wall_seconds": 5.232247123960406,
          "missed_deadline": false,
          "version_used": 460,
          "update_launched": false,
          "finite": false,
          "completed_version": null,
          "controller_seconds": 0.011314458213746548,
          "learner_seconds": 0.0,
          "learner_started_wall_seconds": null,
          "learner_completed_wall_seconds": null,
          "physical_clearance_m": 2.6319381166306175
        },
        {
          "time": 14.44,
          "scheduled_wall_seconds": 14.43999999994412,
          "started_wall_seconds": 5.232252981048077,
          "completed_wall_seconds": 5.246441547991708,
          "missed_deadline": false,
          "version_used": 460,
          "update_launched": false,
          "finite": false,
          "completed_version": null,
          "controller_seconds": 0.011346765793859959,
          "learner_seconds": 0.0,
          "learner_started_wall_seconds": null,
          "learner_completed_wall_seconds": null,
          "physical_clearance_m": 2.6328295636978782
        },
        {
          "time": 14.48,
          "scheduled_wall_seconds": 14.479999999981374,
          "started_wall_seconds": 5.246447267010808,
          "completed_wall_seconds": 5.260539151029661,
          "missed_deadline": false,
          "version_used": 460,
          "update_launched": false,
          "finite": false,
          "completed_version": null,
          "controller_seconds": 0.011220116168260574,
          "learner_seconds": 0.0,
          "learner_started_wall_seconds": null,
          "learner_completed_wall_seconds": null,
          "physical_clearance_m": 2.633899347862307
        },
        {
          "time": 14.52,
          "scheduled_wall_seconds": 14.520000000018626,
          "started_wall_seconds": 5.260545044904575,
          "completed_wall_seconds": 5.274660313967615,
          "missed_deadline": false,
          "version_used": 460,
          "update_launched": false,
          "finite": false,
          "completed_version": null,
          "controller_seconds": 0.01124166906811297,
          "learner_seconds": 0.0,
          "learner_started_wall_seconds": null,
          "learner_completed_wall_seconds": null,
          "physical_clearance_m": 2.6351617742386497
        },
        {
          "time": 14.56,
          "scheduled_wall_seconds": 14.56000000005588,
          "started_wall_seconds": 5.27466610702686,
          "completed_wall_seconds": 5.288637263933197,
          "missed_deadline": false,
          "version_used": 460,
          "update_launched": false,
          "finite": false,
          "completed_version": null,
          "controller_seconds": 0.011156606022268534,
          "learner_seconds": 0.0,
          "learner_started_wall_seconds": null,
          "learner_completed_wall_seconds": null,
          "physical_clearance_m": 2.636634008964602
        },
        {
          "time": 14.6,
          "scheduled_wall_seconds": 14.600000000093132,
          "started_wall_seconds": 5.288642927072942,
          "completed_wall_seconds": 5.30285733891651,
          "missed_deadline": false,
          "version_used": 460,
          "update_launched": false,
          "finite": false,
          "completed_version": null,
          "controller_seconds": 0.01128927106037736,
          "learner_seconds": 0.0,
          "learner_started_wall_seconds": null,
          "learner_completed_wall_seconds": null,
          "physical_clearance_m": 2.638332026084963
        },
        {
          "time": 14.64,
          "scheduled_wall_seconds": 14.639999999897555,
          "started_wall_seconds": 5.302863324992359,
          "completed_wall_seconds": 5.316944502061233,
          "missed_deadline": false,
          "version_used": 460,
          "update_launched": false,
          "finite": false,
          "completed_version": null,
          "controller_seconds": 0.011217138962820172,
          "learner_seconds": 0.0,
          "learner_started_wall_seconds": null,
          "learner_completed_wall_seconds": null,
          "physical_clearance_m": 2.64027275331885
        },
        {
          "time": 14.68,
          "scheduled_wall_seconds": 14.679999999934807,
          "started_wall_seconds": 5.316950316075236,
          "completed_wall_seconds": 5.33107660501264,
          "missed_deadline": false,
          "version_used": 460,
          "update_launched": false,
          "finite": false,
          "completed_version": null,
          "controller_seconds": 0.011247370857745409,
          "learner_seconds": 0.0,
          "learner_started_wall_seconds": null,
          "learner_completed_wall_seconds": null,
          "physical_clearance_m": 2.6424733568039573
        },
        {
          "time": 14.72,
          "scheduled_wall_seconds": 14.71999999997206,
          "started_wall_seconds": 5.331082582939416,
          "completed_wall_seconds": 5.3452197320293635,
          "missed_deadline": false,
          "version_used": 460,
          "update_launched": false,
          "finite": false,
          "completed_version": null,
          "controller_seconds": 0.011226717149838805,
          "learner_seconds": 0.0,
          "learner_started_wall_seconds": null,
          "learner_completed_wall_seconds": null,
          "physical_clearance_m": 2.6449502874222435
        },
        {
          "time": 14.76,
          "scheduled_wall_seconds": 14.760000000009313,
          "started_wall_seconds": 5.345225564902648,
          "completed_wall_seconds": 5.359334100037813,
          "missed_deadline": false,
          "version_used": 460,
          "update_launched": false,
          "finite": false,
          "completed_version": null,
          "controller_seconds": 0.011294448049739003,
          "learner_seconds": 0.0,
          "learner_started_wall_seconds": null,
          "learner_completed_wall_seconds": null,
          "physical_clearance_m": 2.647719519218508
        },
        {
          "time": 14.8,
          "scheduled_wall_seconds": 14.800000000046566,
          "started_wall_seconds": 5.359339849092066,
          "completed_wall_seconds": 5.373256602091715,
          "missed_deadline": false,
          "version_used": 460,
          "update_launched": false,
          "finite": false,
          "completed_version": null,
          "controller_seconds": 0.011223409092053771,
          "learner_seconds": 0.0,
          "learner_started_wall_seconds": null,
          "learner_completed_wall_seconds": null,
          "physical_clearance_m": 2.650796549400393
        },
        {
          "time": 14.84,
          "scheduled_wall_seconds": 14.840000000083819,
          "started_wall_seconds": 5.373262260109186,
          "completed_wall_seconds": 5.387531975051388,
          "missed_deadline": false,
          "version_used": 460,
          "update_launched": false,
          "finite": false,
          "completed_version": null,
          "controller_seconds": 0.011276248842477798,
          "learner_seconds": 0.0,
          "learner_started_wall_seconds": null,
          "learner_completed_wall_seconds": null,
          "physical_clearance_m": 2.654195921501223
        },
        {
          "time": 14.88,
          "scheduled_wall_seconds": 14.879999999888241,
          "started_wall_seconds": 5.387537962989882,
          "completed_wall_seconds": 5.401783763896674,
          "missed_deadline": false,
          "version_used": 460,
          "update_launched": false,
          "finite": false,
          "completed_version": null,
          "controller_seconds": 0.011237727012485266,
          "learner_seconds": 0.0,
          "learner_started_wall_seconds": null,
          "learner_completed_wall_seconds": null,
          "physical_clearance_m": 2.657930748542849
        },
        {
          "time": 14.92,
          "scheduled_wall_seconds": 14.919999999925494,
          "started_wall_seconds": 5.401789643103257,
          "completed_wall_seconds": 5.415805405937135,
          "missed_deadline": false,
          "version_used": 460,
          "update_launched": false,
          "finite": false,
          "completed_version": null,
          "controller_seconds": 0.011280512902885675,
          "learner_seconds": 0.0,
          "learner_started_wall_seconds": null,
          "learner_completed_wall_seconds": null,
          "physical_clearance_m": 2.6620122361984886
        },
        {
          "time": 14.96,
          "scheduled_wall_seconds": 14.959999999962747,
          "started_wall_seconds": 5.415810957085341,
          "completed_wall_seconds": 5.430071210954338,
          "missed_deadline": false,
          "version_used": 460,
          "update_launched": false,
          "finite": false,
          "completed_version": null,
          "controller_seconds": 0.011258084094151855,
          "learner_seconds": 0.0,
          "learner_started_wall_seconds": null,
          "learner_completed_wall_seconds": null,
          "physical_clearance_m": 2.6664511133042015
        },
        {
          "time": 15.0,
          "scheduled_wall_seconds": 15.0,
          "started_wall_seconds": 5.430077014025301,
          "completed_wall_seconds": 5.444296933012083,
          "missed_deadline": false,
          "version_used": 460,
          "update_launched": false,
          "finite": false,
          "completed_version": null,
          "controller_seconds": 0.011233542114496231,
          "learner_seconds": 0.0,
          "learner_started_wall_seconds": null,
          "learner_completed_wall_seconds": null,
          "physical_clearance_m": 2.671255247673098
        },
        {
          "time": 15.040000000000001,
          "scheduled_wall_seconds": 15.040000000037253,
          "started_wall_seconds": 5.444302675081417,
          "completed_wall_seconds": 5.45887266099453,
          "missed_deadline": false,
          "version_used": 460,
          "update_launched": false,
          "finite": false,
          "completed_version": null,
          "controller_seconds": 0.011265941197052598,
          "learner_seconds": 0.0,
          "learner_started_wall_seconds": null,
          "learner_completed_wall_seconds": null,
          "physical_clearance_m": 2.6764305997696556
        },
        {
          "time": 15.08,
          "scheduled_wall_seconds": 15.080000000074506,
          "started_wall_seconds": 5.458878482924774,
          "completed_wall_seconds": 5.472904501948506,
          "missed_deadline": false,
          "version_used": 460,
          "update_launched": false,
          "finite": false,
          "completed_version": null,
          "controller_seconds": 0.011259566992521286,
          "learner_seconds": 0.0,
          "learner_started_wall_seconds": null,
          "learner_completed_wall_seconds": null,
          "physical_clearance_m": 2.681980745872561
        },
        {
          "time": 15.120000000000001,
          "scheduled_wall_seconds": 15.120000000111759,
          "started_wall_seconds": 5.4729101720731705,
          "completed_wall_seconds": 5.486883758101612,
          "missed_deadline": false,
          "version_used": 460,
          "update_launched": false,
          "finite": false,
          "completed_version": null,
          "controller_seconds": 0.01124818786047399,
          "learner_seconds": 0.0,
          "learner_started_wall_seconds": null,
          "learner_completed_wall_seconds": null,
          "physical_clearance_m": 2.6879073549118675
        },
        {
          "time": 15.16,
          "scheduled_wall_seconds": 15.159999999916181,
          "started_wall_seconds": 5.486889462918043,
          "completed_wall_seconds": 5.500938901910558,
          "missed_deadline": false,
          "version_used": 460,
          "update_launched": false,
          "finite": false,
          "completed_version": null,
          "controller_seconds": 0.01125298603437841,
          "learner_seconds": 0.0,
          "learner_started_wall_seconds": null,
          "learner_completed_wall_seconds": null,
          "physical_clearance_m": 2.6942085195389427
        },
        {
          "time": 15.200000000000001,
          "scheduled_wall_seconds": 15.199999999953434,
          "started_wall_seconds": 5.50094696204178,
          "completed_wall_seconds": 5.515181489055976,
          "missed_deadline": false,
          "version_used": 460,
          "update_launched": false,
          "finite": false,
          "completed_version": null,
          "controller_seconds": 0.011440393049269915,
          "learner_seconds": 0.0,
          "learner_started_wall_seconds": null,
          "learner_completed_wall_seconds": null,
          "physical_clearance_m": 2.7008806634751
        },
        {
          "time": 15.24,
          "scheduled_wall_seconds": 15.239999999990687,
          "started_wall_seconds": 5.515187457902357,
          "completed_wall_seconds": 5.5292826890945435,
          "missed_deadline": false,
          "version_used": 460,
          "update_launched": false,
          "finite": false,
          "completed_version": null,
          "controller_seconds": 0.011303105158731341,
          "learner_seconds": 0.0,
          "learner_started_wall_seconds": null,
          "learner_completed_wall_seconds": null,
          "physical_clearance_m": 2.7079168725815452
        },
        {
          "time": 15.280000000000001,
          "scheduled_wall_seconds": 15.28000000002794,
          "started_wall_seconds": 5.529293033992872,
          "completed_wall_seconds": 5.543544628890231,
          "missed_deadline": false,
          "version_used": 460,
          "update_launched": false,
          "finite": false,
          "completed_version": null,
          "controller_seconds": 0.011256968136876822,
          "learner_seconds": 0.0,
          "learner_started_wall_seconds": null,
          "learner_completed_wall_seconds": null,
          "physical_clearance_m": 2.7153073716965355
        },
        {
          "time": 15.32,
          "scheduled_wall_seconds": 15.320000000065193,
          "started_wall_seconds": 5.543550475034863,
          "completed_wall_seconds": 5.5613727970048785,
          "missed_deadline": false,
          "version_used": 460,
          "update_launched": false,
          "finite": false,
          "completed_version": null,
          "controller_seconds": 0.012967656832188368,
          "learner_seconds": 0.0,
          "learner_started_wall_seconds": null,
          "learner_completed_wall_seconds": null,
          "physical_clearance_m": 2.7230400014725364
        },
        {
          "time": 15.36,
          "scheduled_wall_seconds": 15.360000000102445,
          "started_wall_seconds": 5.561382540035993,
          "completed_wall_seconds": 5.577227470930666,
          "missed_deadline": false,
          "version_used": 460,
          "update_launched": false,
          "finite": false,
          "completed_version": null,
          "controller_seconds": 0.011529576033353806,
          "learner_seconds": 0.0,
          "learner_started_wall_seconds": null,
          "learner_completed_wall_seconds": null,
          "physical_clearance_m": 2.7310990262833275
        },
        {
          "time": 15.4,
          "scheduled_wall_seconds": 15.399999999906868,
          "started_wall_seconds": 5.577235762961209,
          "completed_wall_seconds": 5.5918455889914185,
          "missed_deadline": false,
          "version_used": 460,
          "update_launched": false,
          "finite": false,
          "completed_version": null,
          "controller_seconds": 0.01149292616173625,
          "learner_seconds": 0.0,
          "learner_started_wall_seconds": null,
          "learner_completed_wall_seconds": null,
          "physical_clearance_m": 2.739466326316897
        },
        {
          "time": 15.44,
          "scheduled_wall_seconds": 15.43999999994412,
          "started_wall_seconds": 5.591851698001847,
          "completed_wall_seconds": 5.605918030021712,
          "missed_deadline": false,
          "version_used": 460,
          "update_launched": false,
          "finite": false,
          "completed_version": null,
          "controller_seconds": 0.011219786945730448,
          "learner_seconds": 0.0,
          "learner_started_wall_seconds": null,
          "learner_completed_wall_seconds": null,
          "physical_clearance_m": 2.748121635994021
        },
        {
          "time": 15.48,
          "scheduled_wall_seconds": 15.479999999981374,
          "started_wall_seconds": 5.605923760915175,
          "completed_wall_seconds": 5.620083621935919,
          "missed_deadline": false,
          "version_used": 460,
          "update_launched": false,
          "finite": false,
          "completed_version": null,
          "controller_seconds": 0.011298733064904809,
          "learner_seconds": 0.0,
          "learner_started_wall_seconds": null,
          "learner_completed_wall_seconds": null,
          "physical_clearance_m": 2.757040636619631
        },
        {
          "time": 15.52,
          "scheduled_wall_seconds": 15.520000000018626,
          "started_wall_seconds": 5.620089317904785,
          "completed_wall_seconds": 5.634057481074706,
          "missed_deadline": false,
          "version_used": 460,
          "update_launched": false,
          "finite": false,
          "completed_version": null,
          "controller_seconds": 0.011176357977092266,
          "learner_seconds": 0.0,
          "learner_started_wall_seconds": null,
          "learner_completed_wall_seconds": null,
          "physical_clearance_m": 2.766197817405764
        },
        {
          "time": 15.56,
          "scheduled_wall_seconds": 15.56000000005588,
          "started_wall_seconds": 5.634063404984772,
          "completed_wall_seconds": 5.648262240923941,
          "missed_deadline": false,
          "version_used": 460,
          "update_launched": false,
          "finite": false,
          "completed_version": null,
          "controller_seconds": 0.011280646082013845,
          "learner_seconds": 0.0,
          "learner_started_wall_seconds": null,
          "learner_completed_wall_seconds": null,
          "physical_clearance_m": 2.775564568122927
        },
        {
          "time": 15.6,
          "scheduled_wall_seconds": 15.600000000093132,
          "started_wall_seconds": 5.648268236080185,
          "completed_wall_seconds": 5.662382323062047,
          "missed_deadline": false,
          "version_used": 460,
          "update_launched": false,
          "finite": false,
          "completed_version": null,
          "controller_seconds": 0.011255413061007857,
          "learner_seconds": 0.0,
          "learner_started_wall_seconds": null,
          "learner_completed_wall_seconds": null,
          "physical_clearance_m": 2.7851101327744163
        },
        {
          "time": 15.64,
          "scheduled_wall_seconds": 15.639999999897555,
          "started_wall_seconds": 5.66238879901357,
          "completed_wall_seconds": 5.67651862394996,
          "missed_deadline": false,
          "version_used": 460,
          "update_launched": false,
          "finite": false,
          "completed_version": null,
          "controller_seconds": 0.011281781829893589,
          "learner_seconds": 0.0,
          "learner_started_wall_seconds": null,
          "learner_completed_wall_seconds": null,
          "physical_clearance_m": 2.7948016095963157
        },
        {
          "time": 15.68,
          "scheduled_wall_seconds": 15.679999999934807,
          "started_wall_seconds": 5.676524406066164,
          "completed_wall_seconds": 5.690634639933705,
          "missed_deadline": false,
          "version_used": 460,
          "update_launched": false,
          "finite": false,
          "completed_version": null,
          "controller_seconds": 0.011234952136874199,
          "learner_seconds": 0.0,
          "learner_started_wall_seconds": null,
          "learner_completed_wall_seconds": null,
          "physical_clearance_m": 2.8046046663132347
        },
        {
          "time": 15.72,
          "scheduled_wall_seconds": 15.71999999997206,
          "started_wall_seconds": 5.690640452085063,
          "completed_wall_seconds": 5.704828212969005,
          "missed_deadline": false,
          "version_used": 460,
          "update_launched": false,
          "finite": false,
          "completed_version": null,
          "controller_seconds": 0.011255929945036769,
          "learner_seconds": 0.0,
          "learner_started_wall_seconds": null,
          "learner_completed_wall_seconds": null,
          "physical_clearance_m": 2.8144830633011497
        },
        {
          "time": 15.76,
          "scheduled_wall_seconds": 15.760000000009313,
          "started_wall_seconds": 5.704834040952846,
          "completed_wall_seconds": 5.718880771892145,
          "missed_deadline": false,
          "version_used": 460,
          "update_launched": false,
          "finite": false,
          "completed_version": null,
          "controller_seconds": 0.011204407084733248,
          "learner_seconds": 0.0,
          "learner_started_wall_seconds": null,
          "learner_completed_wall_seconds": null,
          "physical_clearance_m": 2.8243986535874046
        },
        {
          "time": 15.8,
          "scheduled_wall_seconds": 15.800000000046566,
          "started_wall_seconds": 5.718886790098622,
          "completed_wall_seconds": 5.733117417898029,
          "missed_deadline": false,
          "version_used": 460,
          "update_launched": false,
          "finite": false,
          "completed_version": null,
          "controller_seconds": 0.01128316204994917,
          "learner_seconds": 0.0,
          "learner_started_wall_seconds": null,
          "learner_completed_wall_seconds": null,
          "physical_clearance_m": 2.834313051780764
        },
        {
          "time": 15.84,
          "scheduled_wall_seconds": 15.840000000083819,
          "started_wall_seconds": 5.733123441925272,
          "completed_wall_seconds": 5.747200629906729,
          "missed_deadline": false,
          "version_used": 460,
          "update_launched": false,
          "finite": false,
          "completed_version": null,
          "controller_seconds": 0.011247265851125121,
          "learner_seconds": 0.0,
          "learner_started_wall_seconds": null,
          "learner_completed_wall_seconds": null,
          "physical_clearance_m": 2.844186441978518
        },
        {
          "time": 15.88,
          "scheduled_wall_seconds": 15.879999999888241,
          "started_wall_seconds": 5.747206436935812,
          "completed_wall_seconds": 5.761774864047766,
          "missed_deadline": false,
          "version_used": 460,
          "update_launched": false,
          "finite": false,
          "completed_version": null,
          "controller_seconds": 0.011627876898273826,
          "learner_seconds": 0.0,
          "learner_started_wall_seconds": null,
          "learner_completed_wall_seconds": null,
          "physical_clearance_m": 2.8539787698593773
        },
        {
          "time": 15.92,
          "scheduled_wall_seconds": 15.919999999925494,
          "started_wall_seconds": 5.761780727887526,
          "completed_wall_seconds": 5.775989793939516,
          "missed_deadline": false,
          "version_used": 460,
          "update_launched": false,
          "finite": false,
          "completed_version": null,
          "controller_seconds": 0.011296018958091736,
          "learner_seconds": 0.0,
          "learner_started_wall_seconds": null,
          "learner_completed_wall_seconds": null,
          "physical_clearance_m": 2.8636485505905784
        },
        {
          "time": 15.96,
          "scheduled_wall_seconds": 15.959999999962747,
          "started_wall_seconds": 5.775995956035331,
          "completed_wall_seconds": 5.790215865010396,
          "missed_deadline": false,
          "version_used": 460,
          "update_launched": false,
          "finite": false,
          "completed_version": null,
          "controller_seconds": 0.01130416407249868,
          "learner_seconds": 0.0,
          "learner_started_wall_seconds": null,
          "learner_completed_wall_seconds": null,
          "physical_clearance_m": 2.8731554914322532
        },
        {
          "time": 16.0,
          "scheduled_wall_seconds": 16.0,
          "started_wall_seconds": 5.790221696021035,
          "completed_wall_seconds": 5.804426579037681,
          "missed_deadline": false,
          "version_used": 460,
          "update_launched": false,
          "finite": false,
          "completed_version": null,
          "controller_seconds": 0.011280314065515995,
          "learner_seconds": 0.0,
          "learner_started_wall_seconds": null,
          "learner_completed_wall_seconds": null,
          "physical_clearance_m": 2.882458584388796
        },
        {
          "time": 16.04,
          "scheduled_wall_seconds": 16.040000000037253,
          "started_wall_seconds": 5.804458800004795,
          "completed_wall_seconds": 5.818628717912361,
          "missed_deadline": false,
          "version_used": 460,
          "update_launched": false,
          "finite": false,
          "completed_version": null,
          "controller_seconds": 0.011279271915555,
          "learner_seconds": 0.0,
          "learner_started_wall_seconds": null,
          "learner_completed_wall_seconds": null,
          "physical_clearance_m": 2.8915177751389183
        },
        {
          "time": 16.080000000000002,
          "scheduled_wall_seconds": 16.080000000074506,
          "started_wall_seconds": 5.818634652998298,
          "completed_wall_seconds": 5.832834529923275,
          "missed_deadline": false,
          "version_used": 460,
          "update_launched": false,
          "finite": false,
          "completed_version": null,
          "controller_seconds": 0.011239802930504084,
          "learner_seconds": 0.0,
          "learner_started_wall_seconds": null,
          "learner_completed_wall_seconds": null,
          "physical_clearance_m": 2.9002930093613304
        },
        {
          "time": 16.12,
          "scheduled_wall_seconds": 16.12000000011176,
          "started_wall_seconds": 5.832840661983937,
          "completed_wall_seconds": 5.846994542982429,
          "missed_deadline": false,
          "version_used": 460,
          "update_launched": false,
          "finite": false,
          "completed_version": null,
          "controller_seconds": 0.01125938817858696,
          "learner_seconds": 0.0,
          "learner_started_wall_seconds": null,
          "learner_completed_wall_seconds": null,
          "physical_clearance_m": 2.90874518640906
        },
        {
          "time": 16.16,
          "scheduled_wall_seconds": 16.15999999991618,
          "started_wall_seconds": 5.84700138005428,
          "completed_wall_seconds": 5.861259673023596,
          "missed_deadline": false,
          "version_used": 460,
          "update_launched": false,
          "finite": false,
          "completed_version": null,
          "controller_seconds": 0.011271481169387698,
          "learner_seconds": 0.0,
          "learner_started_wall_seconds": null,
          "learner_completed_wall_seconds": null,
          "physical_clearance_m": 2.916837112983767
        },
        {
          "time": 16.2,
          "scheduled_wall_seconds": 16.199999999953434,
          "started_wall_seconds": 5.861266354098916,
          "completed_wall_seconds": 5.875488216988742,
          "missed_deadline": false,
          "version_used": 460,
          "update_launched": false,
          "finite": false,
          "completed_version": null,
          "controller_seconds": 0.011296221055090427,
          "learner_seconds": 0.0,
          "learner_started_wall_seconds": null,
          "learner_completed_wall_seconds": null,
          "physical_clearance_m": 2.924532311042849
        },
        {
          "time": 16.240000000000002,
          "scheduled_wall_seconds": 16.239999999990687,
          "started_wall_seconds": 5.875494457082823,
          "completed_wall_seconds": 5.889778876909986,
          "missed_deadline": false,
          "version_used": 460,
          "update_launched": false,
          "finite": false,
          "completed_version": null,
          "controller_seconds": 0.011231757933273911,
          "learner_seconds": 0.0,
          "learner_started_wall_seconds": null,
          "learner_completed_wall_seconds": null,
          "physical_clearance_m": 2.931795733055178
        },
        {
          "time": 16.28,
          "scheduled_wall_seconds": 16.28000000002794,
          "started_wall_seconds": 5.889786065090448,
          "completed_wall_seconds": 5.904058912070468,
          "missed_deadline": false,
          "version_used": 460,
          "update_launched": false,
          "finite": false,
          "completed_version": null,
          "controller_seconds": 0.011272703064605594,
          "learner_seconds": 0.0,
          "learner_started_wall_seconds": null,
          "learner_completed_wall_seconds": null,
          "physical_clearance_m": 2.9385947156754173
        },
        {
          "time": 16.32,
          "scheduled_wall_seconds": 16.320000000065193,
          "started_wall_seconds": 5.9040661219041795,
          "completed_wall_seconds": 5.918187061091885,
          "missed_deadline": false,
          "version_used": 460,
          "update_launched": false,
          "finite": false,
          "completed_version": null,
          "controller_seconds": 0.011222944129258394,
          "learner_seconds": 0.0,
          "learner_started_wall_seconds": null,
          "learner_completed_wall_seconds": null,
          "physical_clearance_m": 2.944897549232546
        },
        {
          "time": 16.36,
          "scheduled_wall_seconds": 16.360000000102445,
          "started_wall_seconds": 5.91819581692107,
          "completed_wall_seconds": 5.932331399060786,
          "missed_deadline": false,
          "version_used": 460,
          "update_launched": false,
          "finite": false,
          "completed_version": null,
          "controller_seconds": 0.011284688021987677,
          "learner_seconds": 0.0,
          "learner_started_wall_seconds": null,
          "learner_completed_wall_seconds": null,
          "physical_clearance_m": 2.950676100334231
        },
        {
          "time": 16.4,
          "scheduled_wall_seconds": 16.399999999906868,
          "started_wall_seconds": 5.9323385478928685,
          "completed_wall_seconds": 5.946454181103036,
          "missed_deadline": false,
          "version_used": 460,
          "update_launched": false,
          "finite": false,
          "completed_version": null,
          "controller_seconds": 0.011228740913793445,
          "learner_seconds": 0.0,
          "learner_started_wall_seconds": null,
          "learner_completed_wall_seconds": null,
          "physical_clearance_m": 2.9559034276810325
        },
        {
          "time": 16.44,
          "scheduled_wall_seconds": 16.43999999994412,
          "started_wall_seconds": 5.946460480103269,
          "completed_wall_seconds": 5.960560030071065,
          "missed_deadline": false,
          "version_used": 460,
          "update_launched": false,
          "finite": false,
          "completed_version": null,
          "controller_seconds": 0.011246941052377224,
          "learner_seconds": 0.0,
          "learner_started_wall_seconds": null,
          "learner_completed_wall_seconds": null,
          "physical_clearance_m": 2.9605554509964622
        },
        {
          "time": 16.48,
          "scheduled_wall_seconds": 16.479999999981374,
          "started_wall_seconds": 5.96056682895869,
          "completed_wall_seconds": 5.974847682984546,
          "missed_deadline": false,
          "version_used": 460,
          "update_launched": false,
          "finite": false,
          "completed_version": null,
          "controller_seconds": 0.01119957398623228,
          "learner_seconds": 0.0,
          "learner_started_wall_seconds": null,
          "learner_completed_wall_seconds": null,
          "physical_clearance_m": 2.9646104741898216
        },
        {
          "time": 16.52,
          "scheduled_wall_seconds": 16.520000000018626,
          "started_wall_seconds": 5.974853923078626,
          "completed_wall_seconds": 5.989095835015178,
          "missed_deadline": false,
          "version_used": 460,
          "update_launched": false,
          "finite": false,
          "completed_version": null,
          "controller_seconds": 0.011309936875477433,
          "learner_seconds": 0.0,
          "learner_started_wall_seconds": null,
          "learner_completed_wall_seconds": null,
          "physical_clearance_m": 2.9680499006119407
        },
        {
          "time": 16.56,
          "scheduled_wall_seconds": 16.56000000005588,
          "started_wall_seconds": 5.989101727027446,
          "completed_wall_seconds": 6.00316310999915,
          "missed_deadline": false,
          "version_used": 460,
          "update_launched": false,
          "finite": false,
          "completed_version": null,
          "controller_seconds": 0.011231674114242196,
          "learner_seconds": 0.0,
          "learner_started_wall_seconds": null,
          "learner_completed_wall_seconds": null,
          "physical_clearance_m": 2.9708572793808616
        },
        {
          "time": 16.6,
          "scheduled_wall_seconds": 16.600000000093132,
          "started_wall_seconds": 6.003169639036059,
          "completed_wall_seconds": 6.017330680042505,
          "missed_deadline": false,
          "version_used": 460,
          "update_launched": false,
          "finite": false,
          "completed_version": null,
          "controller_seconds": 0.011274202028289437,
          "learner_seconds": 0.0,
          "learner_started_wall_seconds": null,
          "learner_completed_wall_seconds": null,
          "physical_clearance_m": 2.973020212730471
        },
        {
          "time": 16.64,
          "scheduled_wall_seconds": 16.639999999897555,
          "started_wall_seconds": 6.01733703003265,
          "completed_wall_seconds": 6.031554863089696,
          "missed_deadline": false,
          "version_used": 460,
          "update_launched": false,
          "finite": false,
          "completed_version": null,
          "controller_seconds": 0.01123355096206069,
          "learner_seconds": 0.0,
          "learner_started_wall_seconds": null,
          "learner_completed_wall_seconds": null,
          "physical_clearance_m": 2.9720800324805405
        },
        {
          "time": 16.68,
          "scheduled_wall_seconds": 16.679999999934807,
          "started_wall_seconds": 6.031561033101752,
          "completed_wall_seconds": 6.0458856099285185,
          "missed_deadline": false,
          "version_used": 460,
          "update_launched": false,
          "finite": false,
          "completed_version": null,
          "controller_seconds": 0.011242819018661976,
          "learner_seconds": 0.0,
          "learner_started_wall_seconds": null,
          "learner_completed_wall_seconds": null,
          "physical_clearance_m": 2.9671595498450425
        },
        {
          "time": 16.72,
          "scheduled_wall_seconds": 16.71999999997206,
          "started_wall_seconds": 6.045891697052866,
          "completed_wall_seconds": 6.060083205113187,
          "missed_deadline": false,
          "version_used": 460,
          "update_launched": false,
          "finite": false,
          "completed_version": null,
          "controller_seconds": 0.01126073393970728,
          "learner_seconds": 0.0,
          "learner_started_wall_seconds": null,
          "learner_completed_wall_seconds": null,
          "physical_clearance_m": 2.9617255135901597
        },
        {
          "time": 16.76,
          "scheduled_wall_seconds": 16.760000000009313,
          "started_wall_seconds": 6.06008921796456,
          "completed_wall_seconds": 6.074253011029214,
          "missed_deadline": false,
          "version_used": 460,
          "update_launched": false,
          "finite": false,
          "completed_version": null,
          "controller_seconds": 0.011286349967122078,
          "learner_seconds": 0.0,
          "learner_started_wall_seconds": null,
          "learner_completed_wall_seconds": null,
          "physical_clearance_m": 2.9557979508765366
        },
        {
          "time": 16.8,
          "scheduled_wall_seconds": 16.800000000046566,
          "started_wall_seconds": 6.074259798973799,
          "completed_wall_seconds": 6.0884256639983505,
          "missed_deadline": false,
          "version_used": 460,
          "update_launched": false,
          "finite": false,
          "completed_version": null,
          "controller_seconds": 0.01126452605240047,
          "learner_seconds": 0.0,
          "learner_started_wall_seconds": null,
          "learner_completed_wall_seconds": null,
          "physical_clearance_m": 2.9494004651435044
        },
        {
          "time": 16.84,
          "scheduled_wall_seconds": 16.84000000008382,
          "started_wall_seconds": 6.088431746000424,
          "completed_wall_seconds": 6.102714319946244,
          "missed_deadline": false,
          "version_used": 460,
          "update_launched": false,
          "finite": false,
          "completed_version": null,
          "controller_seconds": 0.011285481974482536,
          "learner_seconds": 0.0,
          "learner_started_wall_seconds": null,
          "learner_completed_wall_seconds": null,
          "physical_clearance_m": 2.9425571366675523
        },
        {
          "time": 16.88,
          "scheduled_wall_seconds": 16.87999999988824,
          "started_wall_seconds": 6.102720837108791,
          "completed_wall_seconds": 6.116965740919113,
          "missed_deadline": false,
          "version_used": 460,
          "update_launched": false,
          "finite": false,
          "completed_version": null,
          "controller_seconds": 0.01129722106270492,
          "learner_seconds": 0.0,
          "learner_started_wall_seconds": null,
          "learner_completed_wall_seconds": null,
          "physical_clearance_m": 2.9352949067481187
        },
        {
          "time": 16.92,
          "scheduled_wall_seconds": 16.919999999925494,
          "started_wall_seconds": 6.1169721719343215,
          "completed_wall_seconds": 6.131241414928809,
          "missed_deadline": false,
          "version_used": 460,
          "update_launched": false,
          "finite": false,
          "completed_version": null,
          "controller_seconds": 0.01124873012304306,
          "learner_seconds": 0.0,
          "learner_started_wall_seconds": null,
          "learner_completed_wall_seconds": null,
          "physical_clearance_m": 2.9276419087775376
        },
        {
          "time": 16.96,
          "scheduled_wall_seconds": 16.959999999962747,
          "started_wall_seconds": 6.131247435929254,
          "completed_wall_seconds": 6.1453150908928365,
          "missed_deadline": false,
          "version_used": 460,
          "update_launched": false,
          "finite": false,
          "completed_version": null,
          "controller_seconds": 0.011236615013331175,
          "learner_seconds": 0.0,
          "learner_started_wall_seconds": null,
          "learner_completed_wall_seconds": null,
          "physical_clearance_m": 2.9196274682410386
        },
        {
          "time": 17.0,
          "scheduled_wall_seconds": 17.0,
          "started_wall_seconds": 6.145320999901742,
          "completed_wall_seconds": 6.159643773920834,
          "missed_deadline": false,
          "version_used": 460,
          "update_launched": false,
          "finite": false,
          "completed_version": null,
          "controller_seconds": 0.011399595998227596,
          "learner_seconds": 0.0,
          "learner_started_wall_seconds": null,
          "learner_completed_wall_seconds": null,
          "physical_clearance_m": 2.9112837716468003
        },
        {
          "time": 17.04,
          "scheduled_wall_seconds": 17.040000000037253,
          "started_wall_seconds": 6.159650018904358,
          "completed_wall_seconds": 6.173908470897004,
          "missed_deadline": false,
          "version_used": 460,
          "update_launched": false,
          "finite": false,
          "completed_version": null,
          "controller_seconds": 0.011246531968936324,
          "learner_seconds": 0.0,
          "learner_started_wall_seconds": null,
          "learner_completed_wall_seconds": null,
          "physical_clearance_m": 2.9026427670844224
        },
        {
          "time": 17.080000000000002,
          "scheduled_wall_seconds": 17.080000000074506,
          "started_wall_seconds": 6.173915056977421,
          "completed_wall_seconds": 6.188071511918679,
          "missed_deadline": false,
          "version_used": 460,
          "update_launched": false,
          "finite": false,
          "completed_version": null,
          "controller_seconds": 0.01127045089378953,
          "learner_seconds": 0.0,
          "learner_started_wall_seconds": null,
          "learner_completed_wall_seconds": null,
          "physical_clearance_m": 2.8937385484107163
        },
        {
          "time": 17.12,
          "scheduled_wall_seconds": 17.12000000011176,
          "started_wall_seconds": 6.1880774879828095,
          "completed_wall_seconds": 6.202107816003263,
          "missed_deadline": false,
          "version_used": 460,
          "update_launched": false,
          "finite": false,
          "completed_version": null,
          "controller_seconds": 0.011190641904249787,
          "learner_seconds": 0.0,
          "learner_started_wall_seconds": null,
          "learner_completed_wall_seconds": null,
          "physical_clearance_m": 2.884605924738231
        },
        {
          "time": 17.16,
          "scheduled_wall_seconds": 17.15999999991618,
          "started_wall_seconds": 6.202113754115999,
          "completed_wall_seconds": 6.216407920001075,
          "missed_deadline": false,
          "version_used": 460,
          "update_launched": false,
          "finite": false,
          "completed_version": null,
          "controller_seconds": 0.01130017708055675,
          "learner_seconds": 0.0,
          "learner_started_wall_seconds": null,
          "learner_completed_wall_seconds": null,
          "physical_clearance_m": 2.8752808972724107
        },
        {
          "time": 17.2,
          "scheduled_wall_seconds": 17.199999999953434,
          "started_wall_seconds": 6.216416452080011,
          "completed_wall_seconds": 6.230780815938488,
          "missed_deadline": false,
          "version_used": 460,
          "update_launched": false,
          "finite": false,
          "completed_version": null,
          "controller_seconds": 0.011381810996681452,
          "learner_seconds": 0.0,
          "learner_started_wall_seconds": null,
          "learner_completed_wall_seconds": null,
          "physical_clearance_m": 2.865800182474437
        },
        {
          "time": 17.240000000000002,
          "scheduled_wall_seconds": 17.239999999990687,
          "started_wall_seconds": 6.230786602012813,
          "completed_wall_seconds": 6.244805068941787,
          "missed_deadline": false,
          "version_used": 460,
          "update_launched": false,
          "finite": false,
          "completed_version": null,
          "controller_seconds": 0.011279596947133541,
          "learner_seconds": 0.0,
          "learner_started_wall_seconds": null,
          "learner_completed_wall_seconds": null,
          "physical_clearance_m": 2.856200735224071
        },
        {
          "time": 17.28,
          "scheduled_wall_seconds": 17.28000000002794,
          "started_wall_seconds": 6.244810827076435,
          "completed_wall_seconds": 6.258644464891404,
          "missed_deadline": false,
          "version_used": 460,
          "update_launched": false,
          "finite": false,
          "completed_version": null,
          "controller_seconds": 0.011223527137190104,
          "learner_seconds": 0.0,
          "learner_started_wall_seconds": null,
          "learner_completed_wall_seconds": null,
          "physical_clearance_m": 2.846520464075389
        },
        {
          "time": 17.32,
          "scheduled_wall_seconds": 17.320000000065193,
          "started_wall_seconds": 6.258650298928842,
          "completed_wall_seconds": 6.272688461001962,
          "missed_deadline": false,
          "version_used": 460,
          "update_launched": false,
          "finite": false,
          "completed_version": null,
          "controller_seconds": 0.011267107911407948,
          "learner_seconds": 0.0,
          "learner_started_wall_seconds": null,
          "learner_completed_wall_seconds": null,
          "physical_clearance_m": 2.8367977544196274
        },
        {
          "time": 17.36,
          "scheduled_wall_seconds": 17.360000000102445,
          "started_wall_seconds": 6.2726941669825464,
          "completed_wall_seconds": 6.286758909933269,
          "missed_deadline": false,
          "version_used": 460,
          "update_launched": false,
          "finite": false,
          "completed_version": null,
          "controller_seconds": 0.011247601127251983,
          "learner_seconds": 0.0,
          "learner_started_wall_seconds": null,
          "learner_completed_wall_seconds": null,
          "physical_clearance_m": 2.8270700379737046
        },
        {
          "time": 17.400000000000002,
          "scheduled_wall_seconds": 17.399999999906868,
          "started_wall_seconds": 6.286764719057828,
          "completed_wall_seconds": 6.300863465061411,
          "missed_deadline": false,
          "version_used": 460,
          "update_launched": false,
          "finite": false,
          "completed_version": null,
          "controller_seconds": 0.01125709805637598,
          "learner_seconds": 0.0,
          "learner_started_wall_seconds": null,
          "learner_completed_wall_seconds": null,
          "physical_clearance_m": 2.817375700128856
        },
        {
          "time": 17.44,
          "scheduled_wall_seconds": 17.43999999994412,
          "started_wall_seconds": 6.300869195954874,
          "completed_wall_seconds": 6.314882036997005,
          "missed_deadline": false,
          "version_used": 460,
          "update_launched": false,
          "finite": false,
          "completed_version": null,
          "controller_seconds": 0.011236602906137705,
          "learner_seconds": 0.0,
          "learner_started_wall_seconds": null,
          "learner_completed_wall_seconds": null,
          "physical_clearance_m": 2.8077519341834214
        },
        {
          "time": 17.48,
          "scheduled_wall_seconds": 17.479999999981374,
          "started_wall_seconds": 6.3148882740642875,
          "completed_wall_seconds": 6.328975937096402,
          "missed_deadline": false,
          "version_used": 460,
          "update_launched": false,
          "finite": false,
          "completed_version": null,
          "controller_seconds": 0.011291796108707786,
          "learner_seconds": 0.0,
          "learner_started_wall_seconds": null,
          "learner_completed_wall_seconds": null,
          "physical_clearance_m": 2.798236887110057
        },
        {
          "time": 17.52,
          "scheduled_wall_seconds": 17.520000000018626,
          "started_wall_seconds": 6.328981732018292,
          "completed_wall_seconds": 6.342872293898836,
          "missed_deadline": false,
          "version_used": 460,
          "update_launched": false,
          "finite": false,
          "completed_version": null,
          "controller_seconds": 0.011215144069865346,
          "learner_seconds": 0.0,
          "learner_started_wall_seconds": null,
          "learner_completed_wall_seconds": null,
          "physical_clearance_m": 2.7888663216956284
        },
        {
          "time": 17.56,
          "scheduled_wall_seconds": 17.56000000005588,
          "started_wall_seconds": 6.34287823503837,
          "completed_wall_seconds": 6.356915144016966,
          "missed_deadline": false,
          "version_used": 460,
          "update_launched": false,
          "finite": false,
          "completed_version": null,
          "controller_seconds": 0.01130010699853301,
          "learner_seconds": 0.0,
          "learner_started_wall_seconds": null,
          "learner_completed_wall_seconds": null,
          "physical_clearance_m": 2.7796762391455796
        },
        {
          "time": 17.6,
          "scheduled_wall_seconds": 17.600000000093132,
          "started_wall_seconds": 6.35692117898725,
          "completed_wall_seconds": 6.371062275953591,
          "missed_deadline": false,
          "version_used": 460,
          "update_launched": false,
          "finite": false,
          "completed_version": null,
          "controller_seconds": 0.01123429392464459,
          "learner_seconds": 0.0,
          "learner_started_wall_seconds": null,
          "learner_completed_wall_seconds": null,
          "physical_clearance_m": 2.7707009717353013
        },
        {
          "time": 17.64,
          "scheduled_wall_seconds": 17.639999999897555,
          "started_wall_seconds": 6.371068143984303,
          "completed_wall_seconds": 6.385242151096463,
          "missed_deadline": false,
          "version_used": 460,
          "update_launched": false,
          "finite": false,
          "completed_version": null,
          "controller_seconds": 0.01128656486980617,
          "learner_seconds": 0.0,
          "learner_started_wall_seconds": null,
          "learner_completed_wall_seconds": null,
          "physical_clearance_m": 2.7619734212287095
        },
        {
          "time": 17.68,
          "scheduled_wall_seconds": 17.679999999934807,
          "started_wall_seconds": 6.385247867088765,
          "completed_wall_seconds": 6.399209795985371,
          "missed_deadline": false,
          "version_used": 460,
          "update_launched": false,
          "finite": false,
          "completed_version": null,
          "controller_seconds": 0.011235560989007354,
          "learner_seconds": 0.0,
          "learner_started_wall_seconds": null,
          "learner_completed_wall_seconds": null,
          "physical_clearance_m": 2.7535267278082993
        },
        {
          "time": 17.72,
          "scheduled_wall_seconds": 17.71999999997206,
          "started_wall_seconds": 6.399215657031164,
          "completed_wall_seconds": 6.413255942054093,
          "missed_deadline": false,
          "version_used": 460,
          "update_launched": false,
          "finite": false,
          "completed_version": null,
          "controller_seconds": 0.011280423030257225,
          "learner_seconds": 0.0,
          "learner_started_wall_seconds": null,
          "learner_completed_wall_seconds": null,
          "physical_clearance_m": 2.7453904553778794
        },
        {
          "time": 17.76,
          "scheduled_wall_seconds": 17.760000000009313,
          "started_wall_seconds": 6.413261937908828,
          "completed_wall_seconds": 6.427165593020618,
          "missed_deadline": false,
          "version_used": 460,
          "update_launched": false,
          "finite": false,
          "completed_version": null,
          "controller_seconds": 0.011172495083883405,
          "learner_seconds": 0.0,
          "learner_started_wall_seconds": null,
          "learner_completed_wall_seconds": null,
          "physical_clearance_m": 2.737592975748363
        },
        {
          "time": 17.8,
          "scheduled_wall_seconds": 17.800000000046566,
          "started_wall_seconds": 6.427171475021169,
          "completed_wall_seconds": 6.441197209060192,
          "missed_deadline": false,
          "version_used": 460,
          "update_launched": false,
          "finite": false,
          "completed_version": null,
          "controller_seconds": 0.011253741104155779,
          "learner_seconds": 0.0,
          "learner_started_wall_seconds": null,
          "learner_completed_wall_seconds": null,
          "physical_clearance_m": 2.7301600381262925
        },
        {
          "time": 17.84,
          "scheduled_wall_seconds": 17.84000000008382,
          "started_wall_seconds": 6.441202868008986,
          "completed_wall_seconds": 6.455474810907617,
          "missed_deadline": false,
          "version_used": 460,
          "update_launched": false,
          "finite": false,
          "completed_version": null,
          "controller_seconds": 0.011268350994214416,
          "learner_seconds": 0.0,
          "learner_started_wall_seconds": null,
          "learner_completed_wall_seconds": null,
          "physical_clearance_m": 2.723116438043895
        },
        {
          "time": 17.88,
          "scheduled_wall_seconds": 17.87999999988824,
          "started_wall_seconds": 6.4554806218948215,
          "completed_wall_seconds": 6.469433984020725,
          "missed_deadline": false,
          "version_used": 460,
          "update_launched": false,
          "finite": false,
          "completed_version": null,
          "controller_seconds": 0.011294618947431445,
          "learner_seconds": 0.0,
          "learner_started_wall_seconds": null,
          "learner_completed_wall_seconds": null,
          "physical_clearance_m": 2.716484586847606
        },
        {
          "time": 17.92,
          "scheduled_wall_seconds": 17.919999999925494,
          "started_wall_seconds": 6.469439503038302,
          "completed_wall_seconds": 6.483449862105772,
          "missed_deadline": false,
          "version_used": 460,
          "update_launched": false,
          "finite": false,
          "completed_version": null,
          "controller_seconds": 0.011208107927814126,
          "learner_seconds": 0.0,
          "learner_started_wall_seconds": null,
          "learner_completed_wall_seconds": null,
          "physical_clearance_m": 2.7102833196051743
        },
        {
          "time": 17.96,
          "scheduled_wall_seconds": 17.959999999962747,
          "started_wall_seconds": 6.483455622103065,
          "completed_wall_seconds": 6.49758438905701,
          "missed_deadline": false,
          "version_used": 460,
          "update_launched": false,
          "finite": false,
          "completed_version": null,
          "controller_seconds": 0.011267638998106122,
          "learner_seconds": 0.0,
          "learner_started_wall_seconds": null,
          "learner_completed_wall_seconds": null,
          "physical_clearance_m": 2.7045298024542954
        },
        {
          "time": 18.0,
          "scheduled_wall_seconds": 18.0,
          "started_wall_seconds": 6.497590444982052,
          "completed_wall_seconds": 6.511679139919579,
          "missed_deadline": false,
          "version_used": 460,
          "update_launched": false,
          "finite": false,
          "completed_version": null,
          "controller_seconds": 0.011214025085791945,
          "learner_seconds": 0.0,
          "learner_started_wall_seconds": null,
          "learner_completed_wall_seconds": null,
          "physical_clearance_m": 2.6992385789282944
        },
        {
          "time": 18.04,
          "scheduled_wall_seconds": 18.040000000037253,
          "started_wall_seconds": 6.511685190023854,
          "completed_wall_seconds": 6.525781184900552,
          "missed_deadline": false,
          "version_used": 460,
          "update_launched": false,
          "finite": false,
          "completed_version": null,
          "controller_seconds": 0.011321554891765118,
          "learner_seconds": 0.0,
          "learner_started_wall_seconds": null,
          "learner_completed_wall_seconds": null,
          "physical_clearance_m": 2.6944199010260728
        },
        {
          "time": 18.080000000000002,
          "scheduled_wall_seconds": 18.080000000074506,
          "started_wall_seconds": 6.525787157937884,
          "completed_wall_seconds": 6.539792011026293,
          "missed_deadline": false,
          "version_used": 460,
          "update_launched": false,
          "finite": false,
          "completed_version": null,
          "controller_seconds": 0.011223112000152469,
          "learner_seconds": 0.0,
          "learner_started_wall_seconds": null,
          "learner_completed_wall_seconds": null,
          "physical_clearance_m": 2.6900837823279526
        },
        {
          "time": 18.12,
          "scheduled_wall_seconds": 18.12000000011176,
          "started_wall_seconds": 6.539797686971724,
          "completed_wall_seconds": 6.553801951929927,
          "missed_deadline": false,
          "version_used": 460,
          "update_launched": false,
          "finite": false,
          "completed_version": null,
          "controller_seconds": 0.011235676007345319,
          "learner_seconds": 0.0,
          "learner_started_wall_seconds": null,
          "learner_completed_wall_seconds": null,
          "physical_clearance_m": 2.6862359448798325
        },
        {
          "time": 18.16,
          "scheduled_wall_seconds": 18.15999999991618,
          "started_wall_seconds": 6.553807768039405,
          "completed_wall_seconds": 6.567870848113671,
          "missed_deadline": false,
          "version_used": 460,
          "update_launched": false,
          "finite": false,
          "completed_version": null,
          "controller_seconds": 0.011237853905186057,
          "learner_seconds": 0.0,
          "learner_started_wall_seconds": null,
          "learner_completed_wall_seconds": null,
          "physical_clearance_m": 2.6828792497046616
        },
        {
          "time": 18.2,
          "scheduled_wall_seconds": 18.199999999953434,
          "started_wall_seconds": 6.5678767550271,
          "completed_wall_seconds": 6.582058045081794,
          "missed_deadline": false,
          "version_used": 460,
          "update_launched": false,
          "finite": false,
          "completed_version": null,
          "controller_seconds": 0.01128242607228458,
          "learner_seconds": 0.0,
          "learner_started_wall_seconds": null,
          "learner_completed_wall_seconds": null,
          "physical_clearance_m": 2.680013458383861
        },
        {
          "time": 18.240000000000002,
          "scheduled_wall_seconds": 18.239999999990687,
          "started_wall_seconds": 6.5820636339485645,
          "completed_wall_seconds": 6.596004730090499,
          "missed_deadline": false,
          "version_used": 460,
          "update_launched": false,
          "finite": false,
          "completed_version": null,
          "controller_seconds": 0.01120141102001071,
          "learner_seconds": 0.0,
          "learner_started_wall_seconds": null,
          "learner_completed_wall_seconds": null,
          "physical_clearance_m": 2.67763594831306
        },
        {
          "time": 18.28,
          "scheduled_wall_seconds": 18.28000000002794,
          "started_wall_seconds": 6.596011694055051,
          "completed_wall_seconds": 6.609979406930506,
          "missed_deadline": false,
          "version_used": 460,
          "update_launched": false,
          "finite": false,
          "completed_version": null,
          "controller_seconds": 0.011243674904108047,
          "learner_seconds": 0.0,
          "learner_started_wall_seconds": null,
          "learner_completed_wall_seconds": null,
          "physical_clearance_m": 2.675740997446361
        },
        {
          "time": 18.32,
          "scheduled_wall_seconds": 18.320000000065193,
          "started_wall_seconds": 6.6099851669278,
          "completed_wall_seconds": 6.623975553084165,
          "missed_deadline": false,
          "version_used": 460,
          "update_launched": false,
          "finite": false,
          "completed_version": null,
          "controller_seconds": 0.011272352188825607,
          "learner_seconds": 0.0,
          "learner_started_wall_seconds": null,
          "learner_completed_wall_seconds": null,
          "physical_clearance_m": 2.674320737970653
        },
        {
          "time": 18.36,
          "scheduled_wall_seconds": 18.360000000102445,
          "started_wall_seconds": 6.623981230892241,
          "completed_wall_seconds": 6.637969921110198,
          "missed_deadline": false,
          "version_used": 460,
          "update_launched": false,
          "finite": false,
          "completed_version": null,
          "controller_seconds": 0.01125658000819385,
          "learner_seconds": 0.0,
          "learner_started_wall_seconds": null,
          "learner_completed_wall_seconds": null,
          "physical_clearance_m": 2.6729802060928978
        },
        {
          "time": 18.400000000000002,
          "scheduled_wall_seconds": 18.399999999906868,
          "started_wall_seconds": 6.637975584017113,
          "completed_wall_seconds": 6.6519397490192205,
          "missed_deadline": false,
          "version_used": 460,
          "update_launched": false,
          "finite": false,
          "completed_version": null,
          "controller_seconds": 0.011230799136683345,
          "learner_seconds": 0.0,
          "learner_started_wall_seconds": null,
          "learner_completed_wall_seconds": null,
          "physical_clearance_m": 2.667921917518679
        },
        {
          "time": 18.44,
          "scheduled_wall_seconds": 18.43999999994412,
          "started_wall_seconds": 6.65194543893449,
          "completed_wall_seconds": 6.665932226926088,
          "missed_deadline": false,
          "version_used": 460,
          "update_launched": false,
          "finite": false,
          "completed_version": null,
          "controller_seconds": 0.01125786080956459,
          "learner_seconds": 0.0,
          "learner_started_wall_seconds": null,
          "learner_completed_wall_seconds": null,
          "physical_clearance_m": 2.6632300783005394
        },
        {
          "time": 18.48,
          "scheduled_wall_seconds": 18.479999999981374,
          "started_wall_seconds": 6.665937829064205,
          "completed_wall_seconds": 6.679821583908051,
          "missed_deadline": false,
          "version_used": 460,
          "update_launched": false,
          "finite": false,
          "completed_version": null,
          "controller_seconds": 0.01120877219364047,
          "learner_seconds": 0.0,
          "learner_started_wall_seconds": null,
          "learner_completed_wall_seconds": null,
          "physical_clearance_m": 2.658897535881106
        },
        {
          "time": 18.52,
          "scheduled_wall_seconds": 18.520000000018626,
          "started_wall_seconds": 6.6798273890744895,
          "completed_wall_seconds": 6.693976833019406,
          "missed_deadline": false,
          "version_used": 460,
          "update_launched": false,
          "finite": false,
          "completed_version": null,
          "controller_seconds": 0.011276375968009233,
          "learner_seconds": 0.0,
          "learner_started_wall_seconds": null,
          "learner_completed_wall_seconds": null,
          "physical_clearance_m": 2.654914753517214
        },
        {
          "time": 18.56,
          "scheduled_wall_seconds": 18.56000000005588,
          "started_wall_seconds": 6.693982475902885,
          "completed_wall_seconds": 6.70800668396987,
          "missed_deadline": false,
          "version_used": 460,
          "update_launched": false,
          "finite": false,
          "completed_version": null,
          "controller_seconds": 0.01123658288270235,
          "learner_seconds": 0.0,
          "learner_started_wall_seconds": null,
          "learner_completed_wall_seconds": null,
          "physical_clearance_m": 2.6512700486984886
        },
        {
          "time": 18.6,
          "scheduled_wall_seconds": 18.600000000093132,
          "started_wall_seconds": 6.708012423943728,
          "completed_wall_seconds": 6.722240841947496,
          "missed_deadline": false,
          "version_used": 460,
          "update_launched": false,
          "finite": false,
          "completed_version": null,
          "controller_seconds": 0.011255252873525023,
          "learner_seconds": 0.0,
          "learner_started_wall_seconds": null,
          "learner_completed_wall_seconds": null,
          "physical_clearance_m": 2.6479510236588157
        },
        {
          "time": 18.64,
          "scheduled_wall_seconds": 18.639999999897555,
          "started_wall_seconds": 6.722246533026919,
          "completed_wall_seconds": 6.736186281079426,
          "missed_deadline": false,
          "version_used": 460,
          "update_launched": false,
          "finite": false,
          "completed_version": null,
          "controller_seconds": 0.011268468108028173,
          "learner_seconds": 0.0,
          "learner_started_wall_seconds": null,
          "learner_completed_wall_seconds": null,
          "physical_clearance_m": 2.6449433732834495
        },
        {
          "time": 18.68,
          "scheduled_wall_seconds": 18.679999999934807,
          "started_wall_seconds": 6.736191923031583,
          "completed_wall_seconds": 6.7502120160497725,
          "missed_deadline": false,
          "version_used": 460,
          "update_launched": false,
          "finite": false,
          "completed_version": null,
          "controller_seconds": 0.011320190038532019,
          "learner_seconds": 0.0,
          "learner_started_wall_seconds": null,
          "learner_completed_wall_seconds": null,
          "physical_clearance_m": 2.6422320772019066
        },
        {
          "time": 18.72,
          "scheduled_wall_seconds": 18.71999999997206,
          "started_wall_seconds": 6.750217993045226,
          "completed_wall_seconds": 6.764129888964817,
          "missed_deadline": false,
          "version_used": 460,
          "update_launched": false,
          "finite": false,
          "completed_version": null,
          "controller_seconds": 0.011160040041431785,
          "learner_seconds": 0.0,
          "learner_started_wall_seconds": null,
          "learner_completed_wall_seconds": null,
          "physical_clearance_m": 2.6398004461136497
        },
        {
          "time": 18.76,
          "scheduled_wall_seconds": 18.760000000009313,
          "started_wall_seconds": 6.764135527890176,
          "completed_wall_seconds": 6.77810525894165,
          "missed_deadline": false,
          "version_used": 460,
          "update_launched": false,
          "finite": false,
          "completed_version": null,
          "controller_seconds": 0.011266522808000445,
          "learner_seconds": 0.0,
          "learner_started_wall_seconds": null,
          "learner_completed_wall_seconds": null,
          "physical_clearance_m": 2.637631552299563
        },
        {
          "time": 18.8,
          "scheduled_wall_seconds": 18.800000000046566,
          "started_wall_seconds": 6.778111064108089,
          "completed_wall_seconds": 6.7920753438957036,
          "missed_deadline": false,
          "version_used": 460,
          "update_launched": false,
          "finite": false,
          "completed_version": null,
          "controller_seconds": 0.011236476013436913,
          "learner_seconds": 0.0,
          "learner_started_wall_seconds": null,
          "learner_completed_wall_seconds": null,
          "physical_clearance_m": 2.6357084680405296
        },
        {
          "time": 18.84,
          "scheduled_wall_seconds": 18.84000000008382,
          "started_wall_seconds": 6.792081102030352,
          "completed_wall_seconds": 6.806048302911222,
          "missed_deadline": false,
          "version_used": 460,
          "update_launched": false,
          "finite": false,
          "completed_version": null,
          "controller_seconds": 0.01124349283054471,
          "learner_seconds": 0.0,
          "learner_started_wall_seconds": null,
          "learner_completed_wall_seconds": null,
          "physical_clearance_m": 2.634014742454592
        },
        {
          "time": 18.88,
          "scheduled_wall_seconds": 18.87999999988824,
          "started_wall_seconds": 6.806054315064102,
          "completed_wall_seconds": 6.819930789992213,
          "missed_deadline": false,
          "version_used": 460,
          "update_launched": false,
          "finite": false,
          "completed_version": null,
          "controller_seconds": 0.011241768021136522,
          "learner_seconds": 0.0,
          "learner_started_wall_seconds": null,
          "learner_completed_wall_seconds": null,
          "physical_clearance_m": 2.6325324941483177
        },
        {
          "time": 18.92,
          "scheduled_wall_seconds": 18.919999999925494,
          "started_wall_seconds": 6.81993674300611,
          "completed_wall_seconds": 6.833787844981998,
          "missed_deadline": false,
          "version_used": 460,
          "update_launched": false,
          "finite": false,
          "completed_version": null,
          "controller_seconds": 0.01124797505326569,
          "learner_seconds": 0.0,
          "learner_started_wall_seconds": null,
          "learner_completed_wall_seconds": null,
          "physical_clearance_m": 2.631244556984011
        },
        {
          "time": 18.96,
          "scheduled_wall_seconds": 18.959999999962747,
          "started_wall_seconds": 6.833793441997841,
          "completed_wall_seconds": 6.847609068034217,
          "missed_deadline": false,
          "version_used": 460,
          "update_launched": false,
          "finite": false,
          "completed_version": null,
          "controller_seconds": 0.011253394884988666,
          "learner_seconds": 0.0,
          "learner_started_wall_seconds": null,
          "learner_completed_wall_seconds": null,
          "physical_clearance_m": 2.6301356721726097
        },
        {
          "time": 19.0,
          "scheduled_wall_seconds": 19.0,
          "started_wall_seconds": 6.847614760044962,
          "completed_wall_seconds": 6.8614539781119674,
          "missed_deadline": false,
          "version_used": 460,
          "update_launched": false,
          "finite": false,
          "completed_version": null,
          "controller_seconds": 0.01126208296045661,
          "learner_seconds": 0.0,
          "learner_started_wall_seconds": null,
          "learner_completed_wall_seconds": null,
          "physical_clearance_m": 2.6290782857742943
        }
      ],
      "snapshot_publications": [],
      "execution_audit": {
        "scope": "actual executed integration nodes and valid applied commands; no continuous-time guarantee",
        "actual_node_count": 953,
        "actual_physical_minimum_dimensionless_by_constraint": {
          "arena_x_lower": 0.11425890159606933,
          "arena_y_lower": 0.15039377450942992,
          "altitude_lower": 0.2629791036828772,
          "arena_x_upper": 0.8541928215026855,
          "arena_y_upper": 0.8203668797016144,
          "altitude_upper": 0.6934373521185541,
          "speed": 0.9975935816764832,
          "angular_rate": 0.9993167519569397,
          "tilt": 0.975457645045515
        },
        "actual_physical_violating_nodes_by_constraint": {
          "arena_x_lower": 0,
          "arena_y_lower": 0,
          "altitude_lower": 0,
          "arena_x_upper": 0,
          "arena_y_upper": 0,
          "altitude_upper": 0,
          "speed": 0,
          "angular_rate": 0,
          "tilt": 0
        },
        "all_actual_physical_nodes_pass": true,
        "minimum_arena_margin_m": 1.0124695491790772,
        "minimum_speed_margin_m_per_s": 3.328307628631592,
        "minimum_angular_rate_margin_rad_per_s": 11.686328887939453,
        "minimum_tilt_margin_rad": 0.7636108994483948,
        "minimum_applied_motor_margin_N": 0.08007805794477463,
        "applied_motor_limit_violating_controls": 0,
        "predicted_derivative_scope": "qp and fallback describe all evaluated proposals, including rejected or unused ones; applied describes executed commands. Minima and violation counts use finite entries only; missing finite evidence is null and nonfinite proposal counts are separate. Accepted or executed residuals must be finite.",
        "qp_predicted_derivative_minimum_by_constraint": {
          "arena_x_lower": 3.9249017238616943,
          "arena_y_lower": 4.492520809173584,
          "altitude_lower": 3.9810032844543457,
          "arena_x_upper": 33.51762008666992,
          "arena_y_upper": 25.929309844970703,
          "altitude_upper": 9.42912483215332,
          "speed": 24.34042739868164,
          "angular_rate": 287.27880859375,
          "tilt": 5.7680511474609375
        },
        "qp_predicted_derivative_finite_entries_by_constraint": {
          "arena_x_lower": 952,
          "arena_y_lower": 952,
          "altitude_lower": 952,
          "arena_x_upper": 952,
          "arena_y_upper": 952,
          "altitude_upper": 952,
          "speed": 952,
          "angular_rate": 952,
          "tilt": 952
        },
        "qp_predicted_derivative_nonfinite_controls": 0,
        "qp_predicted_derivative_violating_controls": 0,
        "qp_rejected_nonfinite_proposal_controls": 0,
        "fallback_predicted_derivative_minimum_by_constraint": {
          "arena_x_lower": 4.007438659667969,
          "arena_y_lower": 4.532313346862793,
          "altitude_lower": 2.382859230041504,
          "arena_x_upper": 33.49968719482422,
          "arena_y_upper": 25.924089431762695,
          "altitude_upper": 10.639389991760254,
          "speed": 24.247583389282227,
          "angular_rate": 284.537353515625,
          "tilt": 5.559257507324219
        },
        "fallback_predicted_derivative_finite_entries_by_constraint": {
          "arena_x_lower": 952,
          "arena_y_lower": 952,
          "altitude_lower": 952,
          "arena_x_upper": 952,
          "arena_y_upper": 952,
          "altitude_upper": 952,
          "speed": 952,
          "angular_rate": 952,
          "tilt": 952
        },
        "fallback_predicted_derivative_nonfinite_controls": 0,
        "fallback_predicted_derivative_violating_controls": 0,
        "fallback_unexecuted_nonfinite_proposal_controls": 0,
        "applied_predicted_derivative_minimum_by_constraint": {
          "arena_x_lower": 3.9249017238616943,
          "arena_y_lower": 4.492520809173584,
          "altitude_lower": 3.9810032844543457,
          "arena_x_upper": 33.51762008666992,
          "arena_y_upper": 25.929309844970703,
          "altitude_upper": 9.42912483215332,
          "speed": 24.34042739868164,
          "angular_rate": 287.27880859375,
          "tilt": 5.7680511474609375
        },
        "applied_predicted_derivative_finite_entries_by_constraint": {
          "arena_x_lower": 952,
          "arena_y_lower": 952,
          "altitude_lower": 952,
          "arena_x_upper": 952,
          "arena_y_upper": 952,
          "altitude_upper": 952,
          "speed": 952,
          "angular_rate": 952,
          "tilt": 952
        },
        "applied_predicted_derivative_nonfinite_controls": 0,
        "applied_predicted_derivative_violating_controls": 0
      }
    },
    "adaptive": {
      "waypoints_completed": 0,
      "waypoints_total": 8,
      "termination": "timeout",
      "termination_time_seconds": 19.04,
      "arrival_times_seconds": [],
      "physical_collision": false,
      "minimum_physical_clearance_m": 2.58437082808683,
      "minimum_inflated_clearance_m": 2.43437082808683,
      "active_controls": 476,
      "degraded_controls": 0,
      "accepted_qp_controls": 476,
      "executed_positive_policy_dual_controls": 0,
      "emergency_controls": 0,
      "finite_updates": 475,
      "controller_service": {
        "count": 476,
        "median_seconds": 0.01132581743877381,
        "p95_seconds": 0.012139409489464015,
        "maximum_seconds": 0.025000765919685364
      },
      "learner_service": {
        "count": 475,
        "median_seconds": 0.020793210016563535,
        "p95_seconds": 0.021460217447020112,
        "maximum_seconds": 0.044695618096739054
      },
      "warmup": {
        "learner_call_seconds": [
          1.1693327138200402,
          0.021503321127966046,
          0.021337963175028563,
          0.021555233048275113,
          0.02127548004500568
        ],
        "initial_measured_update_seconds": 0.021555233048275113,
        "initial_reserved_update_seconds": 0.02694404131034389,
        "event_model_preconstruction": true
      },
      "service_exceeds_nominal_period_count": 6,
      "nominal_blocked_fraction": 0.0,
      "separate_nominal_encounter_episodes": 0,
      "encounters": [
        {
          "time": 0.0,
          "minimum_predicted_clearance_m": 2.5227322578430176,
          "closest_time_to_contact_seconds": null,
          "threatening_obstacle_count": 0,
          "close_approach_obstacle_count": 0,
          "peak_simultaneous_threats": 0,
          "nominal_blocked": false
        },
        {
          "time": 0.04,
          "minimum_predicted_clearance_m": 2.5227322578430176,
          "closest_time_to_contact_seconds": null,
          "threatening_obstacle_count": 0,
          "close_approach_obstacle_count": 0,
          "peak_simultaneous_threats": 0,
          "nominal_blocked": false
        },
        {
          "time": 0.08,
          "minimum_predicted_clearance_m": 2.5227322578430176,
          "closest_time_to_contact_seconds": null,
          "threatening_obstacle_count": 0,
          "close_approach_obstacle_count": 0,
          "peak_simultaneous_threats": 0,
          "nominal_blocked": false
        },
        {
          "time": 0.12,
          "minimum_predicted_clearance_m": 2.5227322578430176,
          "closest_time_to_contact_seconds": null,
          "threatening_obstacle_count": 0,
          "close_approach_obstacle_count": 0,
          "peak_simultaneous_threats": 0,
          "nominal_blocked": false
        },
        {
          "time": 0.16,
          "minimum_predicted_clearance_m": 2.5227322578430176,
          "closest_time_to_contact_seconds": null,
          "threatening_obstacle_count": 0,
          "close_approach_obstacle_count": 0,
          "peak_simultaneous_threats": 0,
          "nominal_blocked": false
        },
        {
          "time": 0.2,
          "minimum_predicted_clearance_m": 2.5227322578430176,
          "closest_time_to_contact_seconds": null,
          "threatening_obstacle_count": 0,
          "close_approach_obstacle_count": 0,
          "peak_simultaneous_threats": 0,
          "nominal_blocked": false
        },
        {
          "time": 0.24,
          "minimum_predicted_clearance_m": 2.5227322578430176,
          "closest_time_to_contact_seconds": null,
          "threatening_obstacle_count": 0,
          "close_approach_obstacle_count": 0,
          "peak_simultaneous_threats": 0,
          "nominal_blocked": false
        },
        {
          "time": 0.28,
          "minimum_predicted_clearance_m": 2.5227322578430176,
          "closest_time_to_contact_seconds": null,
          "threatening_obstacle_count": 0,
          "close_approach_obstacle_count": 0,
          "peak_simultaneous_threats": 0,
          "nominal_blocked": false
        },
        {
          "time": 0.32,
          "minimum_predicted_clearance_m": 2.5227322578430176,
          "closest_time_to_contact_seconds": null,
          "threatening_obstacle_count": 0,
          "close_approach_obstacle_count": 0,
          "peak_simultaneous_threats": 0,
          "nominal_blocked": false
        },
        {
          "time": 0.36,
          "minimum_predicted_clearance_m": 2.5227322578430176,
          "closest_time_to_contact_seconds": null,
          "threatening_obstacle_count": 0,
          "close_approach_obstacle_count": 0,
          "peak_simultaneous_threats": 0,
          "nominal_blocked": false
        },
        {
          "time": 0.4,
          "minimum_predicted_clearance_m": 2.5227322578430176,
          "closest_time_to_contact_seconds": null,
          "threatening_obstacle_count": 0,
          "close_approach_obstacle_count": 0,
          "peak_simultaneous_threats": 0,
          "nominal_blocked": false
        },
        {
          "time": 0.44,
          "minimum_predicted_clearance_m": 2.5227322578430176,
          "closest_time_to_contact_seconds": null,
          "threatening_obstacle_count": 0,
          "close_approach_obstacle_count": 0,
          "peak_simultaneous_threats": 0,
          "nominal_blocked": false
        },
        {
          "time": 0.48,
          "minimum_predicted_clearance_m": 2.5227322578430176,
          "closest_time_to_contact_seconds": null,
          "threatening_obstacle_count": 0,
          "close_approach_obstacle_count": 0,
          "peak_simultaneous_threats": 0,
          "nominal_blocked": false
        },
        {
          "time": 0.52,
          "minimum_predicted_clearance_m": 2.5227322578430176,
          "closest_time_to_contact_seconds": null,
          "threatening_obstacle_count": 0,
          "close_approach_obstacle_count": 0,
          "peak_simultaneous_threats": 0,
          "nominal_blocked": false
        },
        {
          "time": 0.56,
          "minimum_predicted_clearance_m": 2.5227322578430176,
          "closest_time_to_contact_seconds": null,
          "threatening_obstacle_count": 0,
          "close_approach_obstacle_count": 0,
          "peak_simultaneous_threats": 0,
          "nominal_blocked": false
        },
        {
          "time": 0.6,
          "minimum_predicted_clearance_m": 2.5227322578430176,
          "closest_time_to_contact_seconds": null,
          "threatening_obstacle_count": 0,
          "close_approach_obstacle_count": 0,
          "peak_simultaneous_threats": 0,
          "nominal_blocked": false
        },
        {
          "time": 0.64,
          "minimum_predicted_clearance_m": 2.5227322578430176,
          "closest_time_to_contact_seconds": null,
          "threatening_obstacle_count": 0,
          "close_approach_obstacle_count": 0,
          "peak_simultaneous_threats": 0,
          "nominal_blocked": false
        },
        {
          "time": 0.68,
          "minimum_predicted_clearance_m": 2.5227322578430176,
          "closest_time_to_contact_seconds": null,
          "threatening_obstacle_count": 0,
          "close_approach_obstacle_count": 0,
          "peak_simultaneous_threats": 0,
          "nominal_blocked": false
        },
        {
          "time": 0.72,
          "minimum_predicted_clearance_m": 2.5228567123413086,
          "closest_time_to_contact_seconds": null,
          "threatening_obstacle_count": 0,
          "close_approach_obstacle_count": 0,
          "peak_simultaneous_threats": 0,
          "nominal_blocked": false
        },
        {
          "time": 0.76,
          "minimum_predicted_clearance_m": 2.523404598236084,
          "closest_time_to_contact_seconds": null,
          "threatening_obstacle_count": 0,
          "close_approach_obstacle_count": 0,
          "peak_simultaneous_threats": 0,
          "nominal_blocked": false
        },
        {
          "time": 0.8,
          "minimum_predicted_clearance_m": 2.5244035720825195,
          "closest_time_to_contact_seconds": null,
          "threatening_obstacle_count": 0,
          "close_approach_obstacle_count": 0,
          "peak_simultaneous_threats": 0,
          "nominal_blocked": false
        },
        {
          "time": 0.84,
          "minimum_predicted_clearance_m": 2.525867462158203,
          "closest_time_to_contact_seconds": null,
          "threatening_obstacle_count": 0,
          "close_approach_obstacle_count": 0,
          "peak_simultaneous_threats": 0,
          "nominal_blocked": false
        },
        {
          "time": 0.88,
          "minimum_predicted_clearance_m": 2.527806282043457,
          "closest_time_to_contact_seconds": null,
          "threatening_obstacle_count": 0,
          "close_approach_obstacle_count": 0,
          "peak_simultaneous_threats": 0,
          "nominal_blocked": false
        },
        {
          "time": 0.92,
          "minimum_predicted_clearance_m": 2.5302281379699707,
          "closest_time_to_contact_seconds": null,
          "threatening_obstacle_count": 0,
          "close_approach_obstacle_count": 0,
          "peak_simultaneous_threats": 0,
          "nominal_blocked": false
        },
        {
          "time": 0.96,
          "minimum_predicted_clearance_m": 2.533139228820801,
          "closest_time_to_contact_seconds": null,
          "threatening_obstacle_count": 0,
          "close_approach_obstacle_count": 0,
          "peak_simultaneous_threats": 0,
          "nominal_blocked": false
        },
        {
          "time": 1.0,
          "minimum_predicted_clearance_m": 2.536540985107422,
          "closest_time_to_contact_seconds": null,
          "threatening_obstacle_count": 0,
          "close_approach_obstacle_count": 0,
          "peak_simultaneous_threats": 0,
          "nominal_blocked": false
        },
        {
          "time": 1.04,
          "minimum_predicted_clearance_m": 2.540432929992676,
          "closest_time_to_contact_seconds": null,
          "threatening_obstacle_count": 0,
          "close_approach_obstacle_count": 0,
          "peak_simultaneous_threats": 0,
          "nominal_blocked": false
        },
        {
          "time": 1.08,
          "minimum_predicted_clearance_m": 2.5448131561279297,
          "closest_time_to_contact_seconds": null,
          "threatening_obstacle_count": 0,
          "close_approach_obstacle_count": 0,
          "peak_simultaneous_threats": 0,
          "nominal_blocked": false
        },
        {
          "time": 1.12,
          "minimum_predicted_clearance_m": 2.5496740341186523,
          "closest_time_to_contact_seconds": null,
          "threatening_obstacle_count": 0,
          "close_approach_obstacle_count": 0,
          "peak_simultaneous_threats": 0,
          "nominal_blocked": false
        },
        {
          "time": 1.16,
          "minimum_predicted_clearance_m": 2.5550074577331543,
          "closest_time_to_contact_seconds": null,
          "threatening_obstacle_count": 0,
          "close_approach_obstacle_count": 0,
          "peak_simultaneous_threats": 0,
          "nominal_blocked": false
        },
        {
          "time": 1.2,
          "minimum_predicted_clearance_m": 2.5508687496185303,
          "closest_time_to_contact_seconds": null,
          "threatening_obstacle_count": 0,
          "close_approach_obstacle_count": 0,
          "peak_simultaneous_threats": 0,
          "nominal_blocked": false
        },
        {
          "time": 1.24,
          "minimum_predicted_clearance_m": 2.5441079139709473,
          "closest_time_to_contact_seconds": null,
          "threatening_obstacle_count": 0,
          "close_approach_obstacle_count": 0,
          "peak_simultaneous_threats": 0,
          "nominal_blocked": false
        },
        {
          "time": 1.28,
          "minimum_predicted_clearance_m": 2.537715435028076,
          "closest_time_to_contact_seconds": null,
          "threatening_obstacle_count": 0,
          "close_approach_obstacle_count": 0,
          "peak_simultaneous_threats": 0,
          "nominal_blocked": false
        },
        {
          "time": 1.32,
          "minimum_predicted_clearance_m": 2.531696081161499,
          "closest_time_to_contact_seconds": null,
          "threatening_obstacle_count": 0,
          "close_approach_obstacle_count": 0,
          "peak_simultaneous_threats": 0,
          "nominal_blocked": false
        },
        {
          "time": 1.36,
          "minimum_predicted_clearance_m": 2.5260510444641113,
          "closest_time_to_contact_seconds": null,
          "threatening_obstacle_count": 0,
          "close_approach_obstacle_count": 0,
          "peak_simultaneous_threats": 0,
          "nominal_blocked": false
        },
        {
          "time": 1.4000000000000001,
          "minimum_predicted_clearance_m": 2.5207793712615967,
          "closest_time_to_contact_seconds": null,
          "threatening_obstacle_count": 0,
          "close_approach_obstacle_count": 0,
          "peak_simultaneous_threats": 0,
          "nominal_blocked": false
        },
        {
          "time": 1.44,
          "minimum_predicted_clearance_m": 2.5158772468566895,
          "closest_time_to_contact_seconds": null,
          "threatening_obstacle_count": 0,
          "close_approach_obstacle_count": 0,
          "peak_simultaneous_threats": 0,
          "nominal_blocked": false
        },
        {
          "time": 1.48,
          "minimum_predicted_clearance_m": 2.511338472366333,
          "closest_time_to_contact_seconds": null,
          "threatening_obstacle_count": 0,
          "close_approach_obstacle_count": 0,
          "peak_simultaneous_threats": 0,
          "nominal_blocked": false
        },
        {
          "time": 1.52,
          "minimum_predicted_clearance_m": 2.507154941558838,
          "closest_time_to_contact_seconds": null,
          "threatening_obstacle_count": 0,
          "close_approach_obstacle_count": 0,
          "peak_simultaneous_threats": 0,
          "nominal_blocked": false
        },
        {
          "time": 1.56,
          "minimum_predicted_clearance_m": 2.503316640853882,
          "closest_time_to_contact_seconds": null,
          "threatening_obstacle_count": 0,
          "close_approach_obstacle_count": 0,
          "peak_simultaneous_threats": 0,
          "nominal_blocked": false
        },
        {
          "time": 1.6,
          "minimum_predicted_clearance_m": 2.4998114109039307,
          "closest_time_to_contact_seconds": null,
          "threatening_obstacle_count": 0,
          "close_approach_obstacle_count": 0,
          "peak_simultaneous_threats": 0,
          "nominal_blocked": false
        },
        {
          "time": 1.6400000000000001,
          "minimum_predicted_clearance_m": 2.496626138687134,
          "closest_time_to_contact_seconds": null,
          "threatening_obstacle_count": 0,
          "close_approach_obstacle_count": 0,
          "peak_simultaneous_threats": 0,
          "nominal_blocked": false
        },
        {
          "time": 1.68,
          "minimum_predicted_clearance_m": 2.493745803833008,
          "closest_time_to_contact_seconds": null,
          "threatening_obstacle_count": 0,
          "close_approach_obstacle_count": 0,
          "peak_simultaneous_threats": 0,
          "nominal_blocked": false
        },
        {
          "time": 1.72,
          "minimum_predicted_clearance_m": 2.491154670715332,
          "closest_time_to_contact_seconds": null,
          "threatening_obstacle_count": 0,
          "close_approach_obstacle_count": 0,
          "peak_simultaneous_threats": 0,
          "nominal_blocked": false
        },
        {
          "time": 1.76,
          "minimum_predicted_clearance_m": 2.4888365268707275,
          "closest_time_to_contact_seconds": null,
          "threatening_obstacle_count": 0,
          "close_approach_obstacle_count": 0,
          "peak_simultaneous_threats": 0,
          "nominal_blocked": false
        },
        {
          "time": 1.8,
          "minimum_predicted_clearance_m": 2.486774206161499,
          "closest_time_to_contact_seconds": null,
          "threatening_obstacle_count": 0,
          "close_approach_obstacle_count": 0,
          "peak_simultaneous_threats": 0,
          "nominal_blocked": false
        },
        {
          "time": 1.84,
          "minimum_predicted_clearance_m": 2.484950304031372,
          "closest_time_to_contact_seconds": null,
          "threatening_obstacle_count": 0,
          "close_approach_obstacle_count": 0,
          "peak_simultaneous_threats": 0,
          "nominal_blocked": false
        },
        {
          "time": 1.8800000000000001,
          "minimum_predicted_clearance_m": 2.4833478927612305,
          "closest_time_to_contact_seconds": null,
          "threatening_obstacle_count": 0,
          "close_approach_obstacle_count": 0,
          "peak_simultaneous_threats": 0,
          "nominal_blocked": false
        },
        {
          "time": 1.92,
          "minimum_predicted_clearance_m": 2.4819495677948,
          "closest_time_to_contact_seconds": null,
          "threatening_obstacle_count": 0,
          "close_approach_obstacle_count": 0,
          "peak_simultaneous_threats": 0,
          "nominal_blocked": false
        },
        {
          "time": 1.96,
          "minimum_predicted_clearance_m": 2.4807395935058594,
          "closest_time_to_contact_seconds": null,
          "threatening_obstacle_count": 0,
          "close_approach_obstacle_count": 0,
          "peak_simultaneous_threats": 0,
          "nominal_blocked": false
        },
        {
          "time": 2.0,
          "minimum_predicted_clearance_m": 2.4797017574310303,
          "closest_time_to_contact_seconds": null,
          "threatening_obstacle_count": 0,
          "close_approach_obstacle_count": 0,
          "peak_simultaneous_threats": 0,
          "nominal_blocked": false
        },
        {
          "time": 2.04,
          "minimum_predicted_clearance_m": 2.478821277618408,
          "closest_time_to_contact_seconds": null,
          "threatening_obstacle_count": 0,
          "close_approach_obstacle_count": 0,
          "peak_simultaneous_threats": 0,
          "nominal_blocked": false
        },
        {
          "time": 2.08,
          "minimum_predicted_clearance_m": 2.4780850410461426,
          "closest_time_to_contact_seconds": null,
          "threatening_obstacle_count": 0,
          "close_approach_obstacle_count": 0,
          "peak_simultaneous_threats": 0,
          "nominal_blocked": false
        },
        {
          "time": 2.12,
          "minimum_predicted_clearance_m": 2.477480173110962,
          "closest_time_to_contact_seconds": null,
          "threatening_obstacle_count": 0,
          "close_approach_obstacle_count": 0,
          "peak_simultaneous_threats": 0,
          "nominal_blocked": false
        },
        {
          "time": 2.16,
          "minimum_predicted_clearance_m": 2.476996660232544,
          "closest_time_to_contact_seconds": null,
          "threatening_obstacle_count": 0,
          "close_approach_obstacle_count": 0,
          "peak_simultaneous_threats": 0,
          "nominal_blocked": false
        },
        {
          "time": 2.2,
          "minimum_predicted_clearance_m": 2.4766249656677246,
          "closest_time_to_contact_seconds": null,
          "threatening_obstacle_count": 0,
          "close_approach_obstacle_count": 0,
          "peak_simultaneous_threats": 0,
          "nominal_blocked": false
        },
        {
          "time": 2.24,
          "minimum_predicted_clearance_m": 2.476357936859131,
          "closest_time_to_contact_seconds": null,
          "threatening_obstacle_count": 0,
          "close_approach_obstacle_count": 0,
          "peak_simultaneous_threats": 0,
          "nominal_blocked": false
        },
        {
          "time": 2.2800000000000002,
          "minimum_predicted_clearance_m": 2.4761898517608643,
          "closest_time_to_contact_seconds": null,
          "threatening_obstacle_count": 0,
          "close_approach_obstacle_count": 0,
          "peak_simultaneous_threats": 0,
          "nominal_blocked": false
        },
        {
          "time": 2.32,
          "minimum_predicted_clearance_m": 2.4761176109313965,
          "closest_time_to_contact_seconds": null,
          "threatening_obstacle_count": 0,
          "close_approach_obstacle_count": 0,
          "peak_simultaneous_threats": 0,
          "nominal_blocked": false
        },
        {
          "time": 2.36,
          "minimum_predicted_clearance_m": 2.476116895675659,
          "closest_time_to_contact_seconds": null,
          "threatening_obstacle_count": 0,
          "close_approach_obstacle_count": 0,
          "peak_simultaneous_threats": 0,
          "nominal_blocked": false
        },
        {
          "time": 2.4,
          "minimum_predicted_clearance_m": 2.476116895675659,
          "closest_time_to_contact_seconds": null,
          "threatening_obstacle_count": 0,
          "close_approach_obstacle_count": 0,
          "peak_simultaneous_threats": 0,
          "nominal_blocked": false
        },
        {
          "time": 2.44,
          "minimum_predicted_clearance_m": 2.476116895675659,
          "closest_time_to_contact_seconds": null,
          "threatening_obstacle_count": 0,
          "close_approach_obstacle_count": 0,
          "peak_simultaneous_threats": 0,
          "nominal_blocked": false
        },
        {
          "time": 2.48,
          "minimum_predicted_clearance_m": 2.476116895675659,
          "closest_time_to_contact_seconds": null,
          "threatening_obstacle_count": 0,
          "close_approach_obstacle_count": 0,
          "peak_simultaneous_threats": 0,
          "nominal_blocked": false
        },
        {
          "time": 2.52,
          "minimum_predicted_clearance_m": 2.476116895675659,
          "closest_time_to_contact_seconds": null,
          "threatening_obstacle_count": 0,
          "close_approach_obstacle_count": 0,
          "peak_simultaneous_threats": 0,
          "nominal_blocked": false
        },
        {
          "time": 2.56,
          "minimum_predicted_clearance_m": 2.476116895675659,
          "closest_time_to_contact_seconds": null,
          "threatening_obstacle_count": 0,
          "close_approach_obstacle_count": 0,
          "peak_simultaneous_threats": 0,
          "nominal_blocked": false
        },
        {
          "time": 2.6,
          "minimum_predicted_clearance_m": 2.476116895675659,
          "closest_time_to_contact_seconds": null,
          "threatening_obstacle_count": 0,
          "close_approach_obstacle_count": 0,
          "peak_simultaneous_threats": 0,
          "nominal_blocked": false
        },
        {
          "time": 2.64,
          "minimum_predicted_clearance_m": 2.476116895675659,
          "closest_time_to_contact_seconds": null,
          "threatening_obstacle_count": 0,
          "close_approach_obstacle_count": 0,
          "peak_simultaneous_threats": 0,
          "nominal_blocked": false
        },
        {
          "time": 2.68,
          "minimum_predicted_clearance_m": 2.476116895675659,
          "closest_time_to_contact_seconds": null,
          "threatening_obstacle_count": 0,
          "close_approach_obstacle_count": 0,
          "peak_simultaneous_threats": 0,
          "nominal_blocked": false
        },
        {
          "time": 2.72,
          "minimum_predicted_clearance_m": 2.476116895675659,
          "closest_time_to_contact_seconds": null,
          "threatening_obstacle_count": 0,
          "close_approach_obstacle_count": 0,
          "peak_simultaneous_threats": 0,
          "nominal_blocked": false
        },
        {
          "time": 2.7600000000000002,
          "minimum_predicted_clearance_m": 2.476116895675659,
          "closest_time_to_contact_seconds": null,
          "threatening_obstacle_count": 0,
          "close_approach_obstacle_count": 0,
          "peak_simultaneous_threats": 0,
          "nominal_blocked": false
        },
        {
          "time": 2.8000000000000003,
          "minimum_predicted_clearance_m": 2.476116895675659,
          "closest_time_to_contact_seconds": null,
          "threatening_obstacle_count": 0,
          "close_approach_obstacle_count": 0,
          "peak_simultaneous_threats": 0,
          "nominal_blocked": false
        },
        {
          "time": 2.84,
          "minimum_predicted_clearance_m": 2.476116895675659,
          "closest_time_to_contact_seconds": null,
          "threatening_obstacle_count": 0,
          "close_approach_obstacle_count": 0,
          "peak_simultaneous_threats": 0,
          "nominal_blocked": false
        },
        {
          "time": 2.88,
          "minimum_predicted_clearance_m": 2.476116895675659,
          "closest_time_to_contact_seconds": null,
          "threatening_obstacle_count": 0,
          "close_approach_obstacle_count": 0,
          "peak_simultaneous_threats": 0,
          "nominal_blocked": false
        },
        {
          "time": 2.92,
          "minimum_predicted_clearance_m": 2.476116895675659,
          "closest_time_to_contact_seconds": null,
          "threatening_obstacle_count": 0,
          "close_approach_obstacle_count": 0,
          "peak_simultaneous_threats": 0,
          "nominal_blocked": false
        },
        {
          "time": 2.96,
          "minimum_predicted_clearance_m": 2.476116895675659,
          "closest_time_to_contact_seconds": null,
          "threatening_obstacle_count": 0,
          "close_approach_obstacle_count": 0,
          "peak_simultaneous_threats": 0,
          "nominal_blocked": false
        },
        {
          "time": 3.0,
          "minimum_predicted_clearance_m": 2.434370756149292,
          "closest_time_to_contact_seconds": null,
          "threatening_obstacle_count": 0,
          "close_approach_obstacle_count": 0,
          "peak_simultaneous_threats": 0,
          "nominal_blocked": false
        },
        {
          "time": 3.04,
          "minimum_predicted_clearance_m": 2.434370756149292,
          "closest_time_to_contact_seconds": null,
          "threatening_obstacle_count": 0,
          "close_approach_obstacle_count": 0,
          "peak_simultaneous_threats": 0,
          "nominal_blocked": false
        },
        {
          "time": 3.08,
          "minimum_predicted_clearance_m": 2.434370756149292,
          "closest_time_to_contact_seconds": null,
          "threatening_obstacle_count": 0,
          "close_approach_obstacle_count": 0,
          "peak_simultaneous_threats": 0,
          "nominal_blocked": false
        },
        {
          "time": 3.12,
          "minimum_predicted_clearance_m": 2.434370756149292,
          "closest_time_to_contact_seconds": null,
          "threatening_obstacle_count": 0,
          "close_approach_obstacle_count": 0,
          "peak_simultaneous_threats": 0,
          "nominal_blocked": false
        },
        {
          "time": 3.16,
          "minimum_predicted_clearance_m": 2.434370756149292,
          "closest_time_to_contact_seconds": null,
          "threatening_obstacle_count": 0,
          "close_approach_obstacle_count": 0,
          "peak_simultaneous_threats": 0,
          "nominal_blocked": false
        },
        {
          "time": 3.2,
          "minimum_predicted_clearance_m": 2.434370756149292,
          "closest_time_to_contact_seconds": null,
          "threatening_obstacle_count": 0,
          "close_approach_obstacle_count": 0,
          "peak_simultaneous_threats": 0,
          "nominal_blocked": false
        },
        {
          "time": 3.24,
          "minimum_predicted_clearance_m": 2.434370756149292,
          "closest_time_to_contact_seconds": null,
          "threatening_obstacle_count": 0,
          "close_approach_obstacle_count": 0,
          "peak_simultaneous_threats": 0,
          "nominal_blocked": false
        },
        {
          "time": 3.2800000000000002,
          "minimum_predicted_clearance_m": 2.434370756149292,
          "closest_time_to_contact_seconds": null,
          "threatening_obstacle_count": 0,
          "close_approach_obstacle_count": 0,
          "peak_simultaneous_threats": 0,
          "nominal_blocked": false
        },
        {
          "time": 3.3200000000000003,
          "minimum_predicted_clearance_m": 2.434370756149292,
          "closest_time_to_contact_seconds": null,
          "threatening_obstacle_count": 0,
          "close_approach_obstacle_count": 0,
          "peak_simultaneous_threats": 0,
          "nominal_blocked": false
        },
        {
          "time": 3.36,
          "minimum_predicted_clearance_m": 2.434370756149292,
          "closest_time_to_contact_seconds": null,
          "threatening_obstacle_count": 0,
          "close_approach_obstacle_count": 0,
          "peak_simultaneous_threats": 0,
          "nominal_blocked": false
        },
        {
          "time": 3.4,
          "minimum_predicted_clearance_m": 2.434370756149292,
          "closest_time_to_contact_seconds": null,
          "threatening_obstacle_count": 0,
          "close_approach_obstacle_count": 0,
          "peak_simultaneous_threats": 0,
          "nominal_blocked": false
        },
        {
          "time": 3.44,
          "minimum_predicted_clearance_m": 2.434370756149292,
          "closest_time_to_contact_seconds": null,
          "threatening_obstacle_count": 0,
          "close_approach_obstacle_count": 0,
          "peak_simultaneous_threats": 0,
          "nominal_blocked": false
        },
        {
          "time": 3.48,
          "minimum_predicted_clearance_m": 2.434370756149292,
          "closest_time_to_contact_seconds": null,
          "threatening_obstacle_count": 0,
          "close_approach_obstacle_count": 0,
          "peak_simultaneous_threats": 0,
          "nominal_blocked": false
        },
        {
          "time": 3.52,
          "minimum_predicted_clearance_m": 2.434370756149292,
          "closest_time_to_contact_seconds": null,
          "threatening_obstacle_count": 0,
          "close_approach_obstacle_count": 0,
          "peak_simultaneous_threats": 0,
          "nominal_blocked": false
        },
        {
          "time": 3.56,
          "minimum_predicted_clearance_m": 2.434370756149292,
          "closest_time_to_contact_seconds": null,
          "threatening_obstacle_count": 0,
          "close_approach_obstacle_count": 0,
          "peak_simultaneous_threats": 0,
          "nominal_blocked": false
        },
        {
          "time": 3.6,
          "minimum_predicted_clearance_m": 2.434370756149292,
          "closest_time_to_contact_seconds": null,
          "threatening_obstacle_count": 0,
          "close_approach_obstacle_count": 0,
          "peak_simultaneous_threats": 0,
          "nominal_blocked": false
        },
        {
          "time": 3.64,
          "minimum_predicted_clearance_m": 2.434370756149292,
          "closest_time_to_contact_seconds": null,
          "threatening_obstacle_count": 0,
          "close_approach_obstacle_count": 0,
          "peak_simultaneous_threats": 0,
          "nominal_blocked": false
        },
        {
          "time": 3.68,
          "minimum_predicted_clearance_m": 2.434370756149292,
          "closest_time_to_contact_seconds": null,
          "threatening_obstacle_count": 0,
          "close_approach_obstacle_count": 0,
          "peak_simultaneous_threats": 0,
          "nominal_blocked": false
        },
        {
          "time": 3.72,
          "minimum_predicted_clearance_m": 2.434370756149292,
          "closest_time_to_contact_seconds": null,
          "threatening_obstacle_count": 0,
          "close_approach_obstacle_count": 0,
          "peak_simultaneous_threats": 0,
          "nominal_blocked": false
        },
        {
          "time": 3.7600000000000002,
          "minimum_predicted_clearance_m": 2.4344632625579834,
          "closest_time_to_contact_seconds": null,
          "threatening_obstacle_count": 0,
          "close_approach_obstacle_count": 0,
          "peak_simultaneous_threats": 0,
          "nominal_blocked": false
        },
        {
          "time": 3.8000000000000003,
          "minimum_predicted_clearance_m": 2.4350106716156006,
          "closest_time_to_contact_seconds": null,
          "threatening_obstacle_count": 0,
          "close_approach_obstacle_count": 0,
          "peak_simultaneous_threats": 0,
          "nominal_blocked": false
        },
        {
          "time": 3.84,
          "minimum_predicted_clearance_m": 2.436033248901367,
          "closest_time_to_contact_seconds": null,
          "threatening_obstacle_count": 0,
          "close_approach_obstacle_count": 0,
          "peak_simultaneous_threats": 0,
          "nominal_blocked": false
        },
        {
          "time": 3.88,
          "minimum_predicted_clearance_m": 2.437518835067749,
          "closest_time_to_contact_seconds": null,
          "threatening_obstacle_count": 0,
          "close_approach_obstacle_count": 0,
          "peak_simultaneous_threats": 0,
          "nominal_blocked": false
        },
        {
          "time": 3.92,
          "minimum_predicted_clearance_m": 2.439453125,
          "closest_time_to_contact_seconds": null,
          "threatening_obstacle_count": 0,
          "close_approach_obstacle_count": 0,
          "peak_simultaneous_threats": 0,
          "nominal_blocked": false
        },
        {
          "time": 3.96,
          "minimum_predicted_clearance_m": 2.4418201446533203,
          "closest_time_to_contact_seconds": null,
          "threatening_obstacle_count": 0,
          "close_approach_obstacle_count": 0,
          "peak_simultaneous_threats": 0,
          "nominal_blocked": false
        },
        {
          "time": 4.0,
          "minimum_predicted_clearance_m": 2.444603204727173,
          "closest_time_to_contact_seconds": null,
          "threatening_obstacle_count": 0,
          "close_approach_obstacle_count": 0,
          "peak_simultaneous_threats": 0,
          "nominal_blocked": false
        },
        {
          "time": 4.04,
          "minimum_predicted_clearance_m": 2.4477851390838623,
          "closest_time_to_contact_seconds": null,
          "threatening_obstacle_count": 0,
          "close_approach_obstacle_count": 0,
          "peak_simultaneous_threats": 0,
          "nominal_blocked": false
        },
        {
          "time": 4.08,
          "minimum_predicted_clearance_m": 2.4513492584228516,
          "closest_time_to_contact_seconds": null,
          "threatening_obstacle_count": 0,
          "close_approach_obstacle_count": 0,
          "peak_simultaneous_threats": 0,
          "nominal_blocked": false
        },
        {
          "time": 4.12,
          "minimum_predicted_clearance_m": 2.4552786350250244,
          "closest_time_to_contact_seconds": null,
          "threatening_obstacle_count": 0,
          "close_approach_obstacle_count": 0,
          "peak_simultaneous_threats": 0,
          "nominal_blocked": false
        },
        {
          "time": 4.16,
          "minimum_predicted_clearance_m": 2.4595587253570557,
          "closest_time_to_contact_seconds": null,
          "threatening_obstacle_count": 0,
          "close_approach_obstacle_count": 0,
          "peak_simultaneous_threats": 0,
          "nominal_blocked": false
        },
        {
          "time": 4.2,
          "minimum_predicted_clearance_m": 2.464174509048462,
          "closest_time_to_contact_seconds": null,
          "threatening_obstacle_count": 0,
          "close_approach_obstacle_count": 0,
          "peak_simultaneous_threats": 0,
          "nominal_blocked": false
        },
        {
          "time": 4.24,
          "minimum_predicted_clearance_m": 2.469113349914551,
          "closest_time_to_contact_seconds": null,
          "threatening_obstacle_count": 0,
          "close_approach_obstacle_count": 0,
          "peak_simultaneous_threats": 0,
          "nominal_blocked": false
        },
        {
          "time": 4.28,
          "minimum_predicted_clearance_m": 2.4743638038635254,
          "closest_time_to_contact_seconds": null,
          "threatening_obstacle_count": 0,
          "close_approach_obstacle_count": 0,
          "peak_simultaneous_threats": 0,
          "nominal_blocked": false
        },
        {
          "time": 4.32,
          "minimum_predicted_clearance_m": 2.4799153804779053,
          "closest_time_to_contact_seconds": null,
          "threatening_obstacle_count": 0,
          "close_approach_obstacle_count": 0,
          "peak_simultaneous_threats": 0,
          "nominal_blocked": false
        },
        {
          "time": 4.36,
          "minimum_predicted_clearance_m": 2.4857594966888428,
          "closest_time_to_contact_seconds": null,
          "threatening_obstacle_count": 0,
          "close_approach_obstacle_count": 0,
          "peak_simultaneous_threats": 0,
          "nominal_blocked": false
        },
        {
          "time": 4.4,
          "minimum_predicted_clearance_m": 2.491888999938965,
          "closest_time_to_contact_seconds": null,
          "threatening_obstacle_count": 0,
          "close_approach_obstacle_count": 0,
          "peak_simultaneous_threats": 0,
          "nominal_blocked": false
        },
        {
          "time": 4.44,
          "minimum_predicted_clearance_m": 2.498297691345215,
          "closest_time_to_contact_seconds": null,
          "threatening_obstacle_count": 0,
          "close_approach_obstacle_count": 0,
          "peak_simultaneous_threats": 0,
          "nominal_blocked": false
        },
        {
          "time": 4.48,
          "minimum_predicted_clearance_m": 2.5049803256988525,
          "closest_time_to_contact_seconds": null,
          "threatening_obstacle_count": 0,
          "close_approach_obstacle_count": 0,
          "peak_simultaneous_threats": 0,
          "nominal_blocked": false
        },
        {
          "time": 4.5200000000000005,
          "minimum_predicted_clearance_m": 2.511932134628296,
          "closest_time_to_contact_seconds": null,
          "threatening_obstacle_count": 0,
          "close_approach_obstacle_count": 0,
          "peak_simultaneous_threats": 0,
          "nominal_blocked": false
        },
        {
          "time": 4.5600000000000005,
          "minimum_predicted_clearance_m": 2.515394687652588,
          "closest_time_to_contact_seconds": null,
          "threatening_obstacle_count": 0,
          "close_approach_obstacle_count": 0,
          "peak_simultaneous_threats": 0,
          "nominal_blocked": false
        },
        {
          "time": 4.6000000000000005,
          "minimum_predicted_clearance_m": 2.515394687652588,
          "closest_time_to_contact_seconds": null,
          "threatening_obstacle_count": 0,
          "close_approach_obstacle_count": 0,
          "peak_simultaneous_threats": 0,
          "nominal_blocked": false
        },
        {
          "time": 4.64,
          "minimum_predicted_clearance_m": 2.515394687652588,
          "closest_time_to_contact_seconds": null,
          "threatening_obstacle_count": 0,
          "close_approach_obstacle_count": 0,
          "peak_simultaneous_threats": 0,
          "nominal_blocked": false
        },
        {
          "time": 4.68,
          "minimum_predicted_clearance_m": 2.515394687652588,
          "closest_time_to_contact_seconds": null,
          "threatening_obstacle_count": 0,
          "close_approach_obstacle_count": 0,
          "peak_simultaneous_threats": 0,
          "nominal_blocked": false
        },
        {
          "time": 4.72,
          "minimum_predicted_clearance_m": 2.515394687652588,
          "closest_time_to_contact_seconds": null,
          "threatening_obstacle_count": 0,
          "close_approach_obstacle_count": 0,
          "peak_simultaneous_threats": 0,
          "nominal_blocked": false
        },
        {
          "time": 4.76,
          "minimum_predicted_clearance_m": 2.515394687652588,
          "closest_time_to_contact_seconds": null,
          "threatening_obstacle_count": 0,
          "close_approach_obstacle_count": 0,
          "peak_simultaneous_threats": 0,
          "nominal_blocked": false
        },
        {
          "time": 4.8,
          "minimum_predicted_clearance_m": 2.515394687652588,
          "closest_time_to_contact_seconds": null,
          "threatening_obstacle_count": 0,
          "close_approach_obstacle_count": 0,
          "peak_simultaneous_threats": 0,
          "nominal_blocked": false
        },
        {
          "time": 4.84,
          "minimum_predicted_clearance_m": 2.515397548675537,
          "closest_time_to_contact_seconds": null,
          "threatening_obstacle_count": 0,
          "close_approach_obstacle_count": 0,
          "peak_simultaneous_threats": 0,
          "nominal_blocked": false
        },
        {
          "time": 4.88,
          "minimum_predicted_clearance_m": 2.5156002044677734,
          "closest_time_to_contact_seconds": null,
          "threatening_obstacle_count": 0,
          "close_approach_obstacle_count": 0,
          "peak_simultaneous_threats": 0,
          "nominal_blocked": false
        },
        {
          "time": 4.92,
          "minimum_predicted_clearance_m": 2.516146183013916,
          "closest_time_to_contact_seconds": null,
          "threatening_obstacle_count": 0,
          "close_approach_obstacle_count": 0,
          "peak_simultaneous_threats": 0,
          "nominal_blocked": false
        },
        {
          "time": 4.96,
          "minimum_predicted_clearance_m": 2.51702880859375,
          "closest_time_to_contact_seconds": null,
          "threatening_obstacle_count": 0,
          "close_approach_obstacle_count": 0,
          "peak_simultaneous_threats": 0,
          "nominal_blocked": false
        },
        {
          "time": 5.0,
          "minimum_predicted_clearance_m": 2.518238067626953,
          "closest_time_to_contact_seconds": null,
          "threatening_obstacle_count": 0,
          "close_approach_obstacle_count": 0,
          "peak_simultaneous_threats": 0,
          "nominal_blocked": false
        },
        {
          "time": 5.04,
          "minimum_predicted_clearance_m": 2.5197620391845703,
          "closest_time_to_contact_seconds": null,
          "threatening_obstacle_count": 0,
          "close_approach_obstacle_count": 0,
          "peak_simultaneous_threats": 0,
          "nominal_blocked": false
        },
        {
          "time": 5.08,
          "minimum_predicted_clearance_m": 2.5215845108032227,
          "closest_time_to_contact_seconds": null,
          "threatening_obstacle_count": 0,
          "close_approach_obstacle_count": 0,
          "peak_simultaneous_threats": 0,
          "nominal_blocked": false
        },
        {
          "time": 5.12,
          "minimum_predicted_clearance_m": 2.523688793182373,
          "closest_time_to_contact_seconds": null,
          "threatening_obstacle_count": 0,
          "close_approach_obstacle_count": 0,
          "peak_simultaneous_threats": 0,
          "nominal_blocked": false
        },
        {
          "time": 5.16,
          "minimum_predicted_clearance_m": 2.5260534286499023,
          "closest_time_to_contact_seconds": null,
          "threatening_obstacle_count": 0,
          "close_approach_obstacle_count": 0,
          "peak_simultaneous_threats": 0,
          "nominal_blocked": false
        },
        {
          "time": 5.2,
          "minimum_predicted_clearance_m": 2.528655529022217,
          "closest_time_to_contact_seconds": null,
          "threatening_obstacle_count": 0,
          "close_approach_obstacle_count": 0,
          "peak_simultaneous_threats": 0,
          "nominal_blocked": false
        },
        {
          "time": 5.24,
          "minimum_predicted_clearance_m": 2.5314717292785645,
          "closest_time_to_contact_seconds": null,
          "threatening_obstacle_count": 0,
          "close_approach_obstacle_count": 0,
          "peak_simultaneous_threats": 0,
          "nominal_blocked": false
        },
        {
          "time": 5.28,
          "minimum_predicted_clearance_m": 2.5344738960266113,
          "closest_time_to_contact_seconds": null,
          "threatening_obstacle_count": 0,
          "close_approach_obstacle_count": 0,
          "peak_simultaneous_threats": 0,
          "nominal_blocked": false
        },
        {
          "time": 5.32,
          "minimum_predicted_clearance_m": 2.5376343727111816,
          "closest_time_to_contact_seconds": null,
          "threatening_obstacle_count": 0,
          "close_approach_obstacle_count": 0,
          "peak_simultaneous_threats": 0,
          "nominal_blocked": false
        },
        {
          "time": 5.36,
          "minimum_predicted_clearance_m": 2.5409250259399414,
          "closest_time_to_contact_seconds": null,
          "threatening_obstacle_count": 0,
          "close_approach_obstacle_count": 0,
          "peak_simultaneous_threats": 0,
          "nominal_blocked": false
        },
        {
          "time": 5.4,
          "minimum_predicted_clearance_m": 2.5443153381347656,
          "closest_time_to_contact_seconds": null,
          "threatening_obstacle_count": 0,
          "close_approach_obstacle_count": 0,
          "peak_simultaneous_threats": 0,
          "nominal_blocked": false
        },
        {
          "time": 5.44,
          "minimum_predicted_clearance_m": 2.5477747917175293,
          "closest_time_to_contact_seconds": null,
          "threatening_obstacle_count": 0,
          "close_approach_obstacle_count": 0,
          "peak_simultaneous_threats": 0,
          "nominal_blocked": false
        },
        {
          "time": 5.48,
          "minimum_predicted_clearance_m": 2.5512733459472656,
          "closest_time_to_contact_seconds": null,
          "threatening_obstacle_count": 0,
          "close_approach_obstacle_count": 0,
          "peak_simultaneous_threats": 0,
          "nominal_blocked": false
        },
        {
          "time": 5.5200000000000005,
          "minimum_predicted_clearance_m": 2.554780960083008,
          "closest_time_to_contact_seconds": null,
          "threatening_obstacle_count": 0,
          "close_approach_obstacle_count": 0,
          "peak_simultaneous_threats": 0,
          "nominal_blocked": false
        },
        {
          "time": 5.5600000000000005,
          "minimum_predicted_clearance_m": 2.5582666397094727,
          "closest_time_to_contact_seconds": null,
          "threatening_obstacle_count": 0,
          "close_approach_obstacle_count": 0,
          "peak_simultaneous_threats": 0,
          "nominal_blocked": false
        },
        {
          "time": 5.6000000000000005,
          "minimum_predicted_clearance_m": 2.561413288116455,
          "closest_time_to_contact_seconds": null,
          "threatening_obstacle_count": 0,
          "close_approach_obstacle_count": 0,
          "peak_simultaneous_threats": 0,
          "nominal_blocked": false
        },
        {
          "time": 5.64,
          "minimum_predicted_clearance_m": 2.5580921173095703,
          "closest_time_to_contact_seconds": null,
          "threatening_obstacle_count": 0,
          "close_approach_obstacle_count": 0,
          "peak_simultaneous_threats": 0,
          "nominal_blocked": false
        },
        {
          "time": 5.68,
          "minimum_predicted_clearance_m": 2.5547428131103516,
          "closest_time_to_contact_seconds": null,
          "threatening_obstacle_count": 0,
          "close_approach_obstacle_count": 0,
          "peak_simultaneous_threats": 0,
          "nominal_blocked": false
        },
        {
          "time": 5.72,
          "minimum_predicted_clearance_m": 2.5513949394226074,
          "closest_time_to_contact_seconds": null,
          "threatening_obstacle_count": 0,
          "close_approach_obstacle_count": 0,
          "peak_simultaneous_threats": 0,
          "nominal_blocked": false
        },
        {
          "time": 5.76,
          "minimum_predicted_clearance_m": 2.548079490661621,
          "closest_time_to_contact_seconds": null,
          "threatening_obstacle_count": 0,
          "close_approach_obstacle_count": 0,
          "peak_simultaneous_threats": 0,
          "nominal_blocked": false
        },
        {
          "time": 5.8,
          "minimum_predicted_clearance_m": 2.544827938079834,
          "closest_time_to_contact_seconds": null,
          "threatening_obstacle_count": 0,
          "close_approach_obstacle_count": 0,
          "peak_simultaneous_threats": 0,
          "nominal_blocked": false
        },
        {
          "time": 5.84,
          "minimum_predicted_clearance_m": 2.5416722297668457,
          "closest_time_to_contact_seconds": null,
          "threatening_obstacle_count": 0,
          "close_approach_obstacle_count": 0,
          "peak_simultaneous_threats": 0,
          "nominal_blocked": false
        },
        {
          "time": 5.88,
          "minimum_predicted_clearance_m": 2.5386433601379395,
          "closest_time_to_contact_seconds": null,
          "threatening_obstacle_count": 0,
          "close_approach_obstacle_count": 0,
          "peak_simultaneous_threats": 0,
          "nominal_blocked": false
        },
        {
          "time": 5.92,
          "minimum_predicted_clearance_m": 2.535773754119873,
          "closest_time_to_contact_seconds": null,
          "threatening_obstacle_count": 0,
          "close_approach_obstacle_count": 0,
          "peak_simultaneous_threats": 0,
          "nominal_blocked": false
        },
        {
          "time": 5.96,
          "minimum_predicted_clearance_m": 2.533094882965088,
          "closest_time_to_contact_seconds": null,
          "threatening_obstacle_count": 0,
          "close_approach_obstacle_count": 0,
          "peak_simultaneous_threats": 0,
          "nominal_blocked": false
        },
        {
          "time": 6.0,
          "minimum_predicted_clearance_m": 2.530637264251709,
          "closest_time_to_contact_seconds": null,
          "threatening_obstacle_count": 0,
          "close_approach_obstacle_count": 0,
          "peak_simultaneous_threats": 0,
          "nominal_blocked": false
        },
        {
          "time": 6.04,
          "minimum_predicted_clearance_m": 2.5284318923950195,
          "closest_time_to_contact_seconds": null,
          "threatening_obstacle_count": 0,
          "close_approach_obstacle_count": 0,
          "peak_simultaneous_threats": 0,
          "nominal_blocked": false
        },
        {
          "time": 6.08,
          "minimum_predicted_clearance_m": 2.52650785446167,
          "closest_time_to_contact_seconds": null,
          "threatening_obstacle_count": 0,
          "close_approach_obstacle_count": 0,
          "peak_simultaneous_threats": 0,
          "nominal_blocked": false
        },
        {
          "time": 6.12,
          "minimum_predicted_clearance_m": 2.5248923301696777,
          "closest_time_to_contact_seconds": null,
          "threatening_obstacle_count": 0,
          "close_approach_obstacle_count": 0,
          "peak_simultaneous_threats": 0,
          "nominal_blocked": false
        },
        {
          "time": 6.16,
          "minimum_predicted_clearance_m": 2.5236129760742188,
          "closest_time_to_contact_seconds": null,
          "threatening_obstacle_count": 0,
          "close_approach_obstacle_count": 0,
          "peak_simultaneous_threats": 0,
          "nominal_blocked": false
        },
        {
          "time": 6.2,
          "minimum_predicted_clearance_m": 2.522695541381836,
          "closest_time_to_contact_seconds": null,
          "threatening_obstacle_count": 0,
          "close_approach_obstacle_count": 0,
          "peak_simultaneous_threats": 0,
          "nominal_blocked": false
        },
        {
          "time": 6.24,
          "minimum_predicted_clearance_m": 2.522162914276123,
          "closest_time_to_contact_seconds": null,
          "threatening_obstacle_count": 0,
          "close_approach_obstacle_count": 0,
          "peak_simultaneous_threats": 0,
          "nominal_blocked": false
        },
        {
          "time": 6.28,
          "minimum_predicted_clearance_m": 2.5220279693603516,
          "closest_time_to_contact_seconds": null,
          "threatening_obstacle_count": 0,
          "close_approach_obstacle_count": 0,
          "peak_simultaneous_threats": 0,
          "nominal_blocked": false
        },
        {
          "time": 6.32,
          "minimum_predicted_clearance_m": 2.5220279693603516,
          "closest_time_to_contact_seconds": null,
          "threatening_obstacle_count": 0,
          "close_approach_obstacle_count": 0,
          "peak_simultaneous_threats": 0,
          "nominal_blocked": false
        },
        {
          "time": 6.36,
          "minimum_predicted_clearance_m": 2.5220279693603516,
          "closest_time_to_contact_seconds": null,
          "threatening_obstacle_count": 0,
          "close_approach_obstacle_count": 0,
          "peak_simultaneous_threats": 0,
          "nominal_blocked": false
        },
        {
          "time": 6.4,
          "minimum_predicted_clearance_m": 2.5220279693603516,
          "closest_time_to_contact_seconds": null,
          "threatening_obstacle_count": 0,
          "close_approach_obstacle_count": 0,
          "peak_simultaneous_threats": 0,
          "nominal_blocked": false
        },
        {
          "time": 6.44,
          "minimum_predicted_clearance_m": 2.5220279693603516,
          "closest_time_to_contact_seconds": null,
          "threatening_obstacle_count": 0,
          "close_approach_obstacle_count": 0,
          "peak_simultaneous_threats": 0,
          "nominal_blocked": false
        },
        {
          "time": 6.48,
          "minimum_predicted_clearance_m": 2.5220279693603516,
          "closest_time_to_contact_seconds": null,
          "threatening_obstacle_count": 0,
          "close_approach_obstacle_count": 0,
          "peak_simultaneous_threats": 0,
          "nominal_blocked": false
        },
        {
          "time": 6.5200000000000005,
          "minimum_predicted_clearance_m": 2.5220279693603516,
          "closest_time_to_contact_seconds": null,
          "threatening_obstacle_count": 0,
          "close_approach_obstacle_count": 0,
          "peak_simultaneous_threats": 0,
          "nominal_blocked": false
        },
        {
          "time": 6.5600000000000005,
          "minimum_predicted_clearance_m": 2.5220279693603516,
          "closest_time_to_contact_seconds": null,
          "threatening_obstacle_count": 0,
          "close_approach_obstacle_count": 0,
          "peak_simultaneous_threats": 0,
          "nominal_blocked": false
        },
        {
          "time": 6.6000000000000005,
          "minimum_predicted_clearance_m": 2.5220279693603516,
          "closest_time_to_contact_seconds": null,
          "threatening_obstacle_count": 0,
          "close_approach_obstacle_count": 0,
          "peak_simultaneous_threats": 0,
          "nominal_blocked": false
        },
        {
          "time": 6.640000000000001,
          "minimum_predicted_clearance_m": 2.5220279693603516,
          "closest_time_to_contact_seconds": null,
          "threatening_obstacle_count": 0,
          "close_approach_obstacle_count": 0,
          "peak_simultaneous_threats": 0,
          "nominal_blocked": false
        },
        {
          "time": 6.68,
          "minimum_predicted_clearance_m": 2.5192010402679443,
          "closest_time_to_contact_seconds": null,
          "threatening_obstacle_count": 0,
          "close_approach_obstacle_count": 0,
          "peak_simultaneous_threats": 0,
          "nominal_blocked": false
        },
        {
          "time": 6.72,
          "minimum_predicted_clearance_m": 2.5143890380859375,
          "closest_time_to_contact_seconds": null,
          "threatening_obstacle_count": 0,
          "close_approach_obstacle_count": 0,
          "peak_simultaneous_threats": 0,
          "nominal_blocked": false
        },
        {
          "time": 6.76,
          "minimum_predicted_clearance_m": 2.5099387168884277,
          "closest_time_to_contact_seconds": null,
          "threatening_obstacle_count": 0,
          "close_approach_obstacle_count": 0,
          "peak_simultaneous_threats": 0,
          "nominal_blocked": false
        },
        {
          "time": 6.8,
          "minimum_predicted_clearance_m": 2.505841016769409,
          "closest_time_to_contact_seconds": null,
          "threatening_obstacle_count": 0,
          "close_approach_obstacle_count": 0,
          "peak_simultaneous_threats": 0,
          "nominal_blocked": false
        },
        {
          "time": 6.84,
          "minimum_predicted_clearance_m": 2.5020861625671387,
          "closest_time_to_contact_seconds": null,
          "threatening_obstacle_count": 0,
          "close_approach_obstacle_count": 0,
          "peak_simultaneous_threats": 0,
          "nominal_blocked": false
        },
        {
          "time": 6.88,
          "minimum_predicted_clearance_m": 2.4986612796783447,
          "closest_time_to_contact_seconds": null,
          "threatening_obstacle_count": 0,
          "close_approach_obstacle_count": 0,
          "peak_simultaneous_threats": 0,
          "nominal_blocked": false
        },
        {
          "time": 6.92,
          "minimum_predicted_clearance_m": 2.4955527782440186,
          "closest_time_to_contact_seconds": null,
          "threatening_obstacle_count": 0,
          "close_approach_obstacle_count": 0,
          "peak_simultaneous_threats": 0,
          "nominal_blocked": false
        },
        {
          "time": 6.96,
          "minimum_predicted_clearance_m": 2.4927453994750977,
          "closest_time_to_contact_seconds": null,
          "threatening_obstacle_count": 0,
          "close_approach_obstacle_count": 0,
          "peak_simultaneous_threats": 0,
          "nominal_blocked": false
        },
        {
          "time": 7.0,
          "minimum_predicted_clearance_m": 2.4902238845825195,
          "closest_time_to_contact_seconds": null,
          "threatening_obstacle_count": 0,
          "close_approach_obstacle_count": 0,
          "peak_simultaneous_threats": 0,
          "nominal_blocked": false
        },
        {
          "time": 7.04,
          "minimum_predicted_clearance_m": 2.487971305847168,
          "closest_time_to_contact_seconds": null,
          "threatening_obstacle_count": 0,
          "close_approach_obstacle_count": 0,
          "peak_simultaneous_threats": 0,
          "nominal_blocked": false
        },
        {
          "time": 7.08,
          "minimum_predicted_clearance_m": 2.4859707355499268,
          "closest_time_to_contact_seconds": null,
          "threatening_obstacle_count": 0,
          "close_approach_obstacle_count": 0,
          "peak_simultaneous_threats": 0,
          "nominal_blocked": false
        },
        {
          "time": 7.12,
          "minimum_predicted_clearance_m": 2.4842045307159424,
          "closest_time_to_contact_seconds": null,
          "threatening_obstacle_count": 0,
          "close_approach_obstacle_count": 0,
          "peak_simultaneous_threats": 0,
          "nominal_blocked": false
        },
        {
          "time": 7.16,
          "minimum_predicted_clearance_m": 2.4826557636260986,
          "closest_time_to_contact_seconds": null,
          "threatening_obstacle_count": 0,
          "close_approach_obstacle_count": 0,
          "peak_simultaneous_threats": 0,
          "nominal_blocked": false
        },
        {
          "time": 7.2,
          "minimum_predicted_clearance_m": 2.4813077449798584,
          "closest_time_to_contact_seconds": null,
          "threatening_obstacle_count": 0,
          "close_approach_obstacle_count": 0,
          "peak_simultaneous_threats": 0,
          "nominal_blocked": false
        },
        {
          "time": 7.24,
          "minimum_predicted_clearance_m": 2.4801437854766846,
          "closest_time_to_contact_seconds": null,
          "threatening_obstacle_count": 0,
          "close_approach_obstacle_count": 0,
          "peak_simultaneous_threats": 0,
          "nominal_blocked": false
        },
        {
          "time": 7.28,
          "minimum_predicted_clearance_m": 2.4791486263275146,
          "closest_time_to_contact_seconds": null,
          "threatening_obstacle_count": 0,
          "close_approach_obstacle_count": 0,
          "peak_simultaneous_threats": 0,
          "nominal_blocked": false
        },
        {
          "time": 7.32,
          "minimum_predicted_clearance_m": 2.4783079624176025,
          "closest_time_to_contact_seconds": null,
          "threatening_obstacle_count": 0,
          "close_approach_obstacle_count": 0,
          "peak_simultaneous_threats": 0,
          "nominal_blocked": false
        },
        {
          "time": 7.36,
          "minimum_predicted_clearance_m": 2.4776079654693604,
          "closest_time_to_contact_seconds": null,
          "threatening_obstacle_count": 0,
          "close_approach_obstacle_count": 0,
          "peak_simultaneous_threats": 0,
          "nominal_blocked": false
        },
        {
          "time": 7.4,
          "minimum_predicted_clearance_m": 2.477036714553833,
          "closest_time_to_contact_seconds": null,
          "threatening_obstacle_count": 0,
          "close_approach_obstacle_count": 0,
          "peak_simultaneous_threats": 0,
          "nominal_blocked": false
        },
        {
          "time": 7.44,
          "minimum_predicted_clearance_m": 2.4765849113464355,
          "closest_time_to_contact_seconds": null,
          "threatening_obstacle_count": 0,
          "close_approach_obstacle_count": 0,
          "peak_simultaneous_threats": 0,
          "nominal_blocked": false
        },
        {
          "time": 7.48,
          "minimum_predicted_clearance_m": 2.4762425422668457,
          "closest_time_to_contact_seconds": null,
          "threatening_obstacle_count": 0,
          "close_approach_obstacle_count": 0,
          "peak_simultaneous_threats": 0,
          "nominal_blocked": false
        },
        {
          "time": 7.5200000000000005,
          "minimum_predicted_clearance_m": 2.4760031700134277,
          "closest_time_to_contact_seconds": null,
          "threatening_obstacle_count": 0,
          "close_approach_obstacle_count": 0,
          "peak_simultaneous_threats": 0,
          "nominal_blocked": false
        },
        {
          "time": 7.5600000000000005,
          "minimum_predicted_clearance_m": 2.4758620262145996,
          "closest_time_to_contact_seconds": null,
          "threatening_obstacle_count": 0,
          "close_approach_obstacle_count": 0,
          "peak_simultaneous_threats": 0,
          "nominal_blocked": false
        },
        {
          "time": 7.6000000000000005,
          "minimum_predicted_clearance_m": 2.475815773010254,
          "closest_time_to_contact_seconds": null,
          "threatening_obstacle_count": 0,
          "close_approach_obstacle_count": 0,
          "peak_simultaneous_threats": 0,
          "nominal_blocked": false
        },
        {
          "time": 7.640000000000001,
          "minimum_predicted_clearance_m": 2.475815773010254,
          "closest_time_to_contact_seconds": null,
          "threatening_obstacle_count": 0,
          "close_approach_obstacle_count": 0,
          "peak_simultaneous_threats": 0,
          "nominal_blocked": false
        },
        {
          "time": 7.68,
          "minimum_predicted_clearance_m": 2.475815773010254,
          "closest_time_to_contact_seconds": null,
          "threatening_obstacle_count": 0,
          "close_approach_obstacle_count": 0,
          "peak_simultaneous_threats": 0,
          "nominal_blocked": false
        },
        {
          "time": 7.72,
          "minimum_predicted_clearance_m": 2.475815773010254,
          "closest_time_to_contact_seconds": null,
          "threatening_obstacle_count": 0,
          "close_approach_obstacle_count": 0,
          "peak_simultaneous_threats": 0,
          "nominal_blocked": false
        },
        {
          "time": 7.76,
          "minimum_predicted_clearance_m": 2.475815773010254,
          "closest_time_to_contact_seconds": null,
          "threatening_obstacle_count": 0,
          "close_approach_obstacle_count": 0,
          "peak_simultaneous_threats": 0,
          "nominal_blocked": false
        },
        {
          "time": 7.8,
          "minimum_predicted_clearance_m": 2.475815773010254,
          "closest_time_to_contact_seconds": null,
          "threatening_obstacle_count": 0,
          "close_approach_obstacle_count": 0,
          "peak_simultaneous_threats": 0,
          "nominal_blocked": false
        },
        {
          "time": 7.84,
          "minimum_predicted_clearance_m": 2.475815773010254,
          "closest_time_to_contact_seconds": null,
          "threatening_obstacle_count": 0,
          "close_approach_obstacle_count": 0,
          "peak_simultaneous_threats": 0,
          "nominal_blocked": false
        },
        {
          "time": 7.88,
          "minimum_predicted_clearance_m": 2.475815773010254,
          "closest_time_to_contact_seconds": null,
          "threatening_obstacle_count": 0,
          "close_approach_obstacle_count": 0,
          "peak_simultaneous_threats": 0,
          "nominal_blocked": false
        },
        {
          "time": 7.92,
          "minimum_predicted_clearance_m": 2.475815773010254,
          "closest_time_to_contact_seconds": null,
          "threatening_obstacle_count": 0,
          "close_approach_obstacle_count": 0,
          "peak_simultaneous_threats": 0,
          "nominal_blocked": false
        },
        {
          "time": 7.96,
          "minimum_predicted_clearance_m": 2.475815773010254,
          "closest_time_to_contact_seconds": null,
          "threatening_obstacle_count": 0,
          "close_approach_obstacle_count": 0,
          "peak_simultaneous_threats": 0,
          "nominal_blocked": false
        },
        {
          "time": 8.0,
          "minimum_predicted_clearance_m": 2.475815773010254,
          "closest_time_to_contact_seconds": null,
          "threatening_obstacle_count": 0,
          "close_approach_obstacle_count": 0,
          "peak_simultaneous_threats": 0,
          "nominal_blocked": false
        },
        {
          "time": 8.040000000000001,
          "minimum_predicted_clearance_m": 2.475815773010254,
          "closest_time_to_contact_seconds": null,
          "threatening_obstacle_count": 0,
          "close_approach_obstacle_count": 0,
          "peak_simultaneous_threats": 0,
          "nominal_blocked": false
        },
        {
          "time": 8.08,
          "minimum_predicted_clearance_m": 2.475815773010254,
          "closest_time_to_contact_seconds": null,
          "threatening_obstacle_count": 0,
          "close_approach_obstacle_count": 0,
          "peak_simultaneous_threats": 0,
          "nominal_blocked": false
        },
        {
          "time": 8.120000000000001,
          "minimum_predicted_clearance_m": 2.475815773010254,
          "closest_time_to_contact_seconds": null,
          "threatening_obstacle_count": 0,
          "close_approach_obstacle_count": 0,
          "peak_simultaneous_threats": 0,
          "nominal_blocked": false
        },
        {
          "time": 8.16,
          "minimum_predicted_clearance_m": 2.475815773010254,
          "closest_time_to_contact_seconds": null,
          "threatening_obstacle_count": 0,
          "close_approach_obstacle_count": 0,
          "peak_simultaneous_threats": 0,
          "nominal_blocked": false
        },
        {
          "time": 8.2,
          "minimum_predicted_clearance_m": 2.475815773010254,
          "closest_time_to_contact_seconds": null,
          "threatening_obstacle_count": 0,
          "close_approach_obstacle_count": 0,
          "peak_simultaneous_threats": 0,
          "nominal_blocked": false
        },
        {
          "time": 8.24,
          "minimum_predicted_clearance_m": 2.475815773010254,
          "closest_time_to_contact_seconds": null,
          "threatening_obstacle_count": 0,
          "close_approach_obstacle_count": 0,
          "peak_simultaneous_threats": 0,
          "nominal_blocked": false
        },
        {
          "time": 8.28,
          "minimum_predicted_clearance_m": 2.475815773010254,
          "closest_time_to_contact_seconds": null,
          "threatening_obstacle_count": 0,
          "close_approach_obstacle_count": 0,
          "peak_simultaneous_threats": 0,
          "nominal_blocked": false
        },
        {
          "time": 8.32,
          "minimum_predicted_clearance_m": 2.475815773010254,
          "closest_time_to_contact_seconds": null,
          "threatening_obstacle_count": 0,
          "close_approach_obstacle_count": 0,
          "peak_simultaneous_threats": 0,
          "nominal_blocked": false
        },
        {
          "time": 8.36,
          "minimum_predicted_clearance_m": 2.475815773010254,
          "closest_time_to_contact_seconds": null,
          "threatening_obstacle_count": 0,
          "close_approach_obstacle_count": 0,
          "peak_simultaneous_threats": 0,
          "nominal_blocked": false
        },
        {
          "time": 8.4,
          "minimum_predicted_clearance_m": 2.475815773010254,
          "closest_time_to_contact_seconds": null,
          "threatening_obstacle_count": 0,
          "close_approach_obstacle_count": 0,
          "peak_simultaneous_threats": 0,
          "nominal_blocked": false
        },
        {
          "time": 8.44,
          "minimum_predicted_clearance_m": 2.475815773010254,
          "closest_time_to_contact_seconds": null,
          "threatening_obstacle_count": 0,
          "close_approach_obstacle_count": 0,
          "peak_simultaneous_threats": 0,
          "nominal_blocked": false
        },
        {
          "time": 8.48,
          "minimum_predicted_clearance_m": 2.475815773010254,
          "closest_time_to_contact_seconds": null,
          "threatening_obstacle_count": 0,
          "close_approach_obstacle_count": 0,
          "peak_simultaneous_threats": 0,
          "nominal_blocked": false
        },
        {
          "time": 8.52,
          "minimum_predicted_clearance_m": 2.475815773010254,
          "closest_time_to_contact_seconds": null,
          "threatening_obstacle_count": 0,
          "close_approach_obstacle_count": 0,
          "peak_simultaneous_threats": 0,
          "nominal_blocked": false
        },
        {
          "time": 8.56,
          "minimum_predicted_clearance_m": 2.475815773010254,
          "closest_time_to_contact_seconds": null,
          "threatening_obstacle_count": 0,
          "close_approach_obstacle_count": 0,
          "peak_simultaneous_threats": 0,
          "nominal_blocked": false
        },
        {
          "time": 8.6,
          "minimum_predicted_clearance_m": 2.475815773010254,
          "closest_time_to_contact_seconds": null,
          "threatening_obstacle_count": 0,
          "close_approach_obstacle_count": 0,
          "peak_simultaneous_threats": 0,
          "nominal_blocked": false
        },
        {
          "time": 8.64,
          "minimum_predicted_clearance_m": 2.475815773010254,
          "closest_time_to_contact_seconds": null,
          "threatening_obstacle_count": 0,
          "close_approach_obstacle_count": 0,
          "peak_simultaneous_threats": 0,
          "nominal_blocked": false
        },
        {
          "time": 8.68,
          "minimum_predicted_clearance_m": 2.475815773010254,
          "closest_time_to_contact_seconds": null,
          "threatening_obstacle_count": 0,
          "close_approach_obstacle_count": 0,
          "peak_simultaneous_threats": 0,
          "nominal_blocked": false
        },
        {
          "time": 8.72,
          "minimum_predicted_clearance_m": 2.475815773010254,
          "closest_time_to_contact_seconds": null,
          "threatening_obstacle_count": 0,
          "close_approach_obstacle_count": 0,
          "peak_simultaneous_threats": 0,
          "nominal_blocked": false
        },
        {
          "time": 8.76,
          "minimum_predicted_clearance_m": 2.475815773010254,
          "closest_time_to_contact_seconds": null,
          "threatening_obstacle_count": 0,
          "close_approach_obstacle_count": 0,
          "peak_simultaneous_threats": 0,
          "nominal_blocked": false
        },
        {
          "time": 8.8,
          "minimum_predicted_clearance_m": 2.475815773010254,
          "closest_time_to_contact_seconds": null,
          "threatening_obstacle_count": 0,
          "close_approach_obstacle_count": 0,
          "peak_simultaneous_threats": 0,
          "nominal_blocked": false
        },
        {
          "time": 8.84,
          "minimum_predicted_clearance_m": 2.475862979888916,
          "closest_time_to_contact_seconds": null,
          "threatening_obstacle_count": 0,
          "close_approach_obstacle_count": 0,
          "peak_simultaneous_threats": 0,
          "nominal_blocked": false
        },
        {
          "time": 8.88,
          "minimum_predicted_clearance_m": 2.4760048389434814,
          "closest_time_to_contact_seconds": null,
          "threatening_obstacle_count": 0,
          "close_approach_obstacle_count": 0,
          "peak_simultaneous_threats": 0,
          "nominal_blocked": false
        },
        {
          "time": 8.92,
          "minimum_predicted_clearance_m": 2.4762444496154785,
          "closest_time_to_contact_seconds": null,
          "threatening_obstacle_count": 0,
          "close_approach_obstacle_count": 0,
          "peak_simultaneous_threats": 0,
          "nominal_blocked": false
        },
        {
          "time": 8.96,
          "minimum_predicted_clearance_m": 2.476586103439331,
          "closest_time_to_contact_seconds": null,
          "threatening_obstacle_count": 0,
          "close_approach_obstacle_count": 0,
          "peak_simultaneous_threats": 0,
          "nominal_blocked": false
        },
        {
          "time": 9.0,
          "minimum_predicted_clearance_m": 2.477036952972412,
          "closest_time_to_contact_seconds": null,
          "threatening_obstacle_count": 0,
          "close_approach_obstacle_count": 0,
          "peak_simultaneous_threats": 0,
          "nominal_blocked": false
        },
        {
          "time": 9.040000000000001,
          "minimum_predicted_clearance_m": 2.477604866027832,
          "closest_time_to_contact_seconds": null,
          "threatening_obstacle_count": 0,
          "close_approach_obstacle_count": 0,
          "peak_simultaneous_threats": 0,
          "nominal_blocked": false
        },
        {
          "time": 9.08,
          "minimum_predicted_clearance_m": 2.4783010482788086,
          "closest_time_to_contact_seconds": null,
          "threatening_obstacle_count": 0,
          "close_approach_obstacle_count": 0,
          "peak_simultaneous_threats": 0,
          "nominal_blocked": false
        },
        {
          "time": 9.120000000000001,
          "minimum_predicted_clearance_m": 2.4791364669799805,
          "closest_time_to_contact_seconds": null,
          "threatening_obstacle_count": 0,
          "close_approach_obstacle_count": 0,
          "peak_simultaneous_threats": 0,
          "nominal_blocked": false
        },
        {
          "time": 9.16,
          "minimum_predicted_clearance_m": 2.4801242351531982,
          "closest_time_to_contact_seconds": null,
          "threatening_obstacle_count": 0,
          "close_approach_obstacle_count": 0,
          "peak_simultaneous_threats": 0,
          "nominal_blocked": false
        },
        {
          "time": 9.200000000000001,
          "minimum_predicted_clearance_m": 2.4812793731689453,
          "closest_time_to_contact_seconds": null,
          "threatening_obstacle_count": 0,
          "close_approach_obstacle_count": 0,
          "peak_simultaneous_threats": 0,
          "nominal_blocked": false
        },
        {
          "time": 9.24,
          "minimum_predicted_clearance_m": 2.482616662979126,
          "closest_time_to_contact_seconds": null,
          "threatening_obstacle_count": 0,
          "close_approach_obstacle_count": 0,
          "peak_simultaneous_threats": 0,
          "nominal_blocked": false
        },
        {
          "time": 9.28,
          "minimum_predicted_clearance_m": 2.484152317047119,
          "closest_time_to_contact_seconds": null,
          "threatening_obstacle_count": 0,
          "close_approach_obstacle_count": 0,
          "peak_simultaneous_threats": 0,
          "nominal_blocked": false
        },
        {
          "time": 9.32,
          "minimum_predicted_clearance_m": 2.485903739929199,
          "closest_time_to_contact_seconds": null,
          "threatening_obstacle_count": 0,
          "close_approach_obstacle_count": 0,
          "peak_simultaneous_threats": 0,
          "nominal_blocked": false
        },
        {
          "time": 9.36,
          "minimum_predicted_clearance_m": 2.487887382507324,
          "closest_time_to_contact_seconds": null,
          "threatening_obstacle_count": 0,
          "close_approach_obstacle_count": 0,
          "peak_simultaneous_threats": 0,
          "nominal_blocked": false
        },
        {
          "time": 9.4,
          "minimum_predicted_clearance_m": 2.4901211261749268,
          "closest_time_to_contact_seconds": null,
          "threatening_obstacle_count": 0,
          "close_approach_obstacle_count": 0,
          "peak_simultaneous_threats": 0,
          "nominal_blocked": false
        },
        {
          "time": 9.44,
          "minimum_predicted_clearance_m": 2.492621660232544,
          "closest_time_to_contact_seconds": null,
          "threatening_obstacle_count": 0,
          "close_approach_obstacle_count": 0,
          "peak_simultaneous_threats": 0,
          "nominal_blocked": false
        },
        {
          "time": 9.48,
          "minimum_predicted_clearance_m": 2.495405912399292,
          "closest_time_to_contact_seconds": null,
          "threatening_obstacle_count": 0,
          "close_approach_obstacle_count": 0,
          "peak_simultaneous_threats": 0,
          "nominal_blocked": false
        },
        {
          "time": 9.52,
          "minimum_predicted_clearance_m": 2.4984898567199707,
          "closest_time_to_contact_seconds": null,
          "threatening_obstacle_count": 0,
          "close_approach_obstacle_count": 0,
          "peak_simultaneous_threats": 0,
          "nominal_blocked": false
        },
        {
          "time": 9.56,
          "minimum_predicted_clearance_m": 2.5018882751464844,
          "closest_time_to_contact_seconds": null,
          "threatening_obstacle_count": 0,
          "close_approach_obstacle_count": 0,
          "peak_simultaneous_threats": 0,
          "nominal_blocked": false
        },
        {
          "time": 9.6,
          "minimum_predicted_clearance_m": 2.505615711212158,
          "closest_time_to_contact_seconds": null,
          "threatening_obstacle_count": 0,
          "close_approach_obstacle_count": 0,
          "peak_simultaneous_threats": 0,
          "nominal_blocked": false
        },
        {
          "time": 9.64,
          "minimum_predicted_clearance_m": 2.5096845626831055,
          "closest_time_to_contact_seconds": null,
          "threatening_obstacle_count": 0,
          "close_approach_obstacle_count": 0,
          "peak_simultaneous_threats": 0,
          "nominal_blocked": false
        },
        {
          "time": 9.68,
          "minimum_predicted_clearance_m": 2.5141048431396484,
          "closest_time_to_contact_seconds": null,
          "threatening_obstacle_count": 0,
          "close_approach_obstacle_count": 0,
          "peak_simultaneous_threats": 0,
          "nominal_blocked": false
        },
        {
          "time": 9.72,
          "minimum_predicted_clearance_m": 2.5188863277435303,
          "closest_time_to_contact_seconds": null,
          "threatening_obstacle_count": 0,
          "close_approach_obstacle_count": 0,
          "peak_simultaneous_threats": 0,
          "nominal_blocked": false
        },
        {
          "time": 9.76,
          "minimum_predicted_clearance_m": 2.5240349769592285,
          "closest_time_to_contact_seconds": null,
          "threatening_obstacle_count": 0,
          "close_approach_obstacle_count": 0,
          "peak_simultaneous_threats": 0,
          "nominal_blocked": false
        },
        {
          "time": 9.8,
          "minimum_predicted_clearance_m": 2.5295560359954834,
          "closest_time_to_contact_seconds": null,
          "threatening_obstacle_count": 0,
          "close_approach_obstacle_count": 0,
          "peak_simultaneous_threats": 0,
          "nominal_blocked": false
        },
        {
          "time": 9.84,
          "minimum_predicted_clearance_m": 2.5354514122009277,
          "closest_time_to_contact_seconds": null,
          "threatening_obstacle_count": 0,
          "close_approach_obstacle_count": 0,
          "peak_simultaneous_threats": 0,
          "nominal_blocked": false
        },
        {
          "time": 9.88,
          "minimum_predicted_clearance_m": 2.541720390319824,
          "closest_time_to_contact_seconds": null,
          "threatening_obstacle_count": 0,
          "close_approach_obstacle_count": 0,
          "peak_simultaneous_threats": 0,
          "nominal_blocked": false
        },
        {
          "time": 9.92,
          "minimum_predicted_clearance_m": 2.5483591556549072,
          "closest_time_to_contact_seconds": null,
          "threatening_obstacle_count": 0,
          "close_approach_obstacle_count": 0,
          "peak_simultaneous_threats": 0,
          "nominal_blocked": false
        },
        {
          "time": 9.96,
          "minimum_predicted_clearance_m": 2.5553627014160156,
          "closest_time_to_contact_seconds": null,
          "threatening_obstacle_count": 0,
          "close_approach_obstacle_count": 0,
          "peak_simultaneous_threats": 0,
          "nominal_blocked": false
        },
        {
          "time": 10.0,
          "minimum_predicted_clearance_m": 2.556722640991211,
          "closest_time_to_contact_seconds": null,
          "threatening_obstacle_count": 0,
          "close_approach_obstacle_count": 0,
          "peak_simultaneous_threats": 0,
          "nominal_blocked": false
        },
        {
          "time": 10.040000000000001,
          "minimum_predicted_clearance_m": 2.551238536834717,
          "closest_time_to_contact_seconds": null,
          "threatening_obstacle_count": 0,
          "close_approach_obstacle_count": 0,
          "peak_simultaneous_threats": 0,
          "nominal_blocked": false
        },
        {
          "time": 10.08,
          "minimum_predicted_clearance_m": 2.5462236404418945,
          "closest_time_to_contact_seconds": null,
          "threatening_obstacle_count": 0,
          "close_approach_obstacle_count": 0,
          "peak_simultaneous_threats": 0,
          "nominal_blocked": false
        },
        {
          "time": 10.120000000000001,
          "minimum_predicted_clearance_m": 2.54168701171875,
          "closest_time_to_contact_seconds": null,
          "threatening_obstacle_count": 0,
          "close_approach_obstacle_count": 0,
          "peak_simultaneous_threats": 0,
          "nominal_blocked": false
        },
        {
          "time": 10.16,
          "minimum_predicted_clearance_m": 2.5376367568969727,
          "closest_time_to_contact_seconds": null,
          "threatening_obstacle_count": 0,
          "close_approach_obstacle_count": 0,
          "peak_simultaneous_threats": 0,
          "nominal_blocked": false
        },
        {
          "time": 10.200000000000001,
          "minimum_predicted_clearance_m": 2.5340757369995117,
          "closest_time_to_contact_seconds": null,
          "threatening_obstacle_count": 0,
          "close_approach_obstacle_count": 0,
          "peak_simultaneous_threats": 0,
          "nominal_blocked": false
        },
        {
          "time": 10.24,
          "minimum_predicted_clearance_m": 2.531005859375,
          "closest_time_to_contact_seconds": null,
          "threatening_obstacle_count": 0,
          "close_approach_obstacle_count": 0,
          "peak_simultaneous_threats": 0,
          "nominal_blocked": false
        },
        {
          "time": 10.28,
          "minimum_predicted_clearance_m": 2.528426170349121,
          "closest_time_to_contact_seconds": null,
          "threatening_obstacle_count": 0,
          "close_approach_obstacle_count": 0,
          "peak_simultaneous_threats": 0,
          "nominal_blocked": false
        },
        {
          "time": 10.32,
          "minimum_predicted_clearance_m": 2.5263314247131348,
          "closest_time_to_contact_seconds": null,
          "threatening_obstacle_count": 0,
          "close_approach_obstacle_count": 0,
          "peak_simultaneous_threats": 0,
          "nominal_blocked": false
        },
        {
          "time": 10.36,
          "minimum_predicted_clearance_m": 2.5247154235839844,
          "closest_time_to_contact_seconds": null,
          "threatening_obstacle_count": 0,
          "close_approach_obstacle_count": 0,
          "peak_simultaneous_threats": 0,
          "nominal_blocked": false
        },
        {
          "time": 10.4,
          "minimum_predicted_clearance_m": 2.5235671997070312,
          "closest_time_to_contact_seconds": null,
          "threatening_obstacle_count": 0,
          "close_approach_obstacle_count": 0,
          "peak_simultaneous_threats": 0,
          "nominal_blocked": false
        },
        {
          "time": 10.44,
          "minimum_predicted_clearance_m": 2.5228753089904785,
          "closest_time_to_contact_seconds": null,
          "threatening_obstacle_count": 0,
          "close_approach_obstacle_count": 0,
          "peak_simultaneous_threats": 0,
          "nominal_blocked": false
        },
        {
          "time": 10.48,
          "minimum_predicted_clearance_m": 2.5226235389709473,
          "closest_time_to_contact_seconds": null,
          "threatening_obstacle_count": 0,
          "close_approach_obstacle_count": 0,
          "peak_simultaneous_threats": 0,
          "nominal_blocked": false
        },
        {
          "time": 10.52,
          "minimum_predicted_clearance_m": 2.5226221084594727,
          "closest_time_to_contact_seconds": null,
          "threatening_obstacle_count": 0,
          "close_approach_obstacle_count": 0,
          "peak_simultaneous_threats": 0,
          "nominal_blocked": false
        },
        {
          "time": 10.56,
          "minimum_predicted_clearance_m": 2.5226221084594727,
          "closest_time_to_contact_seconds": null,
          "threatening_obstacle_count": 0,
          "close_approach_obstacle_count": 0,
          "peak_simultaneous_threats": 0,
          "nominal_blocked": false
        },
        {
          "time": 10.6,
          "minimum_predicted_clearance_m": 2.5226221084594727,
          "closest_time_to_contact_seconds": null,
          "threatening_obstacle_count": 0,
          "close_approach_obstacle_count": 0,
          "peak_simultaneous_threats": 0,
          "nominal_blocked": false
        },
        {
          "time": 10.64,
          "minimum_predicted_clearance_m": 2.5226221084594727,
          "closest_time_to_contact_seconds": null,
          "threatening_obstacle_count": 0,
          "close_approach_obstacle_count": 0,
          "peak_simultaneous_threats": 0,
          "nominal_blocked": false
        },
        {
          "time": 10.68,
          "minimum_predicted_clearance_m": 2.5226221084594727,
          "closest_time_to_contact_seconds": null,
          "threatening_obstacle_count": 0,
          "close_approach_obstacle_count": 0,
          "peak_simultaneous_threats": 0,
          "nominal_blocked": false
        },
        {
          "time": 10.72,
          "minimum_predicted_clearance_m": 2.5226221084594727,
          "closest_time_to_contact_seconds": null,
          "threatening_obstacle_count": 0,
          "close_approach_obstacle_count": 0,
          "peak_simultaneous_threats": 0,
          "nominal_blocked": false
        },
        {
          "time": 10.76,
          "minimum_predicted_clearance_m": 2.5226221084594727,
          "closest_time_to_contact_seconds": null,
          "threatening_obstacle_count": 0,
          "close_approach_obstacle_count": 0,
          "peak_simultaneous_threats": 0,
          "nominal_blocked": false
        },
        {
          "time": 10.8,
          "minimum_predicted_clearance_m": 2.5226221084594727,
          "closest_time_to_contact_seconds": null,
          "threatening_obstacle_count": 0,
          "close_approach_obstacle_count": 0,
          "peak_simultaneous_threats": 0,
          "nominal_blocked": false
        },
        {
          "time": 10.84,
          "minimum_predicted_clearance_m": 2.5226221084594727,
          "closest_time_to_contact_seconds": null,
          "threatening_obstacle_count": 0,
          "close_approach_obstacle_count": 0,
          "peak_simultaneous_threats": 0,
          "nominal_blocked": false
        },
        {
          "time": 10.88,
          "minimum_predicted_clearance_m": 2.5226221084594727,
          "closest_time_to_contact_seconds": null,
          "threatening_obstacle_count": 0,
          "close_approach_obstacle_count": 0,
          "peak_simultaneous_threats": 0,
          "nominal_blocked": false
        },
        {
          "time": 10.92,
          "minimum_predicted_clearance_m": 2.5226221084594727,
          "closest_time_to_contact_seconds": null,
          "threatening_obstacle_count": 0,
          "close_approach_obstacle_count": 0,
          "peak_simultaneous_threats": 0,
          "nominal_blocked": false
        },
        {
          "time": 10.96,
          "minimum_predicted_clearance_m": 2.5226221084594727,
          "closest_time_to_contact_seconds": null,
          "threatening_obstacle_count": 0,
          "close_approach_obstacle_count": 0,
          "peak_simultaneous_threats": 0,
          "nominal_blocked": false
        },
        {
          "time": 11.0,
          "minimum_predicted_clearance_m": 2.560504913330078,
          "closest_time_to_contact_seconds": null,
          "threatening_obstacle_count": 0,
          "close_approach_obstacle_count": 0,
          "peak_simultaneous_threats": 0,
          "nominal_blocked": false
        },
        {
          "time": 11.040000000000001,
          "minimum_predicted_clearance_m": 2.560504913330078,
          "closest_time_to_contact_seconds": null,
          "threatening_obstacle_count": 0,
          "close_approach_obstacle_count": 0,
          "peak_simultaneous_threats": 0,
          "nominal_blocked": false
        },
        {
          "time": 11.08,
          "minimum_predicted_clearance_m": 2.560504913330078,
          "closest_time_to_contact_seconds": null,
          "threatening_obstacle_count": 0,
          "close_approach_obstacle_count": 0,
          "peak_simultaneous_threats": 0,
          "nominal_blocked": false
        },
        {
          "time": 11.120000000000001,
          "minimum_predicted_clearance_m": 2.560504913330078,
          "closest_time_to_contact_seconds": null,
          "threatening_obstacle_count": 0,
          "close_approach_obstacle_count": 0,
          "peak_simultaneous_threats": 0,
          "nominal_blocked": false
        },
        {
          "time": 11.16,
          "minimum_predicted_clearance_m": 2.560504913330078,
          "closest_time_to_contact_seconds": null,
          "threatening_obstacle_count": 0,
          "close_approach_obstacle_count": 0,
          "peak_simultaneous_threats": 0,
          "nominal_blocked": false
        },
        {
          "time": 11.200000000000001,
          "minimum_predicted_clearance_m": 2.560504913330078,
          "closest_time_to_contact_seconds": null,
          "threatening_obstacle_count": 0,
          "close_approach_obstacle_count": 0,
          "peak_simultaneous_threats": 0,
          "nominal_blocked": false
        },
        {
          "time": 11.24,
          "minimum_predicted_clearance_m": 2.560504913330078,
          "closest_time_to_contact_seconds": null,
          "threatening_obstacle_count": 0,
          "close_approach_obstacle_count": 0,
          "peak_simultaneous_threats": 0,
          "nominal_blocked": false
        },
        {
          "time": 11.28,
          "minimum_predicted_clearance_m": 2.560504913330078,
          "closest_time_to_contact_seconds": null,
          "threatening_obstacle_count": 0,
          "close_approach_obstacle_count": 0,
          "peak_simultaneous_threats": 0,
          "nominal_blocked": false
        },
        {
          "time": 11.32,
          "minimum_predicted_clearance_m": 2.560504913330078,
          "closest_time_to_contact_seconds": null,
          "threatening_obstacle_count": 0,
          "close_approach_obstacle_count": 0,
          "peak_simultaneous_threats": 0,
          "nominal_blocked": false
        },
        {
          "time": 11.36,
          "minimum_predicted_clearance_m": 2.560504913330078,
          "closest_time_to_contact_seconds": null,
          "threatening_obstacle_count": 0,
          "close_approach_obstacle_count": 0,
          "peak_simultaneous_threats": 0,
          "nominal_blocked": false
        },
        {
          "time": 11.4,
          "minimum_predicted_clearance_m": 2.560504913330078,
          "closest_time_to_contact_seconds": null,
          "threatening_obstacle_count": 0,
          "close_approach_obstacle_count": 0,
          "peak_simultaneous_threats": 0,
          "nominal_blocked": false
        },
        {
          "time": 11.44,
          "minimum_predicted_clearance_m": 2.560504913330078,
          "closest_time_to_contact_seconds": null,
          "threatening_obstacle_count": 0,
          "close_approach_obstacle_count": 0,
          "peak_simultaneous_threats": 0,
          "nominal_blocked": false
        },
        {
          "time": 11.48,
          "minimum_predicted_clearance_m": 2.560504913330078,
          "closest_time_to_contact_seconds": null,
          "threatening_obstacle_count": 0,
          "close_approach_obstacle_count": 0,
          "peak_simultaneous_threats": 0,
          "nominal_blocked": false
        },
        {
          "time": 11.52,
          "minimum_predicted_clearance_m": 2.560504913330078,
          "closest_time_to_contact_seconds": null,
          "threatening_obstacle_count": 0,
          "close_approach_obstacle_count": 0,
          "peak_simultaneous_threats": 0,
          "nominal_blocked": false
        },
        {
          "time": 11.56,
          "minimum_predicted_clearance_m": 2.560504913330078,
          "closest_time_to_contact_seconds": null,
          "threatening_obstacle_count": 0,
          "close_approach_obstacle_count": 0,
          "peak_simultaneous_threats": 0,
          "nominal_blocked": false
        },
        {
          "time": 11.6,
          "minimum_predicted_clearance_m": 2.560518741607666,
          "closest_time_to_contact_seconds": null,
          "threatening_obstacle_count": 0,
          "close_approach_obstacle_count": 0,
          "peak_simultaneous_threats": 0,
          "nominal_blocked": false
        },
        {
          "time": 11.64,
          "minimum_predicted_clearance_m": 2.5605525970458984,
          "closest_time_to_contact_seconds": null,
          "threatening_obstacle_count": 0,
          "close_approach_obstacle_count": 0,
          "peak_simultaneous_threats": 0,
          "nominal_blocked": false
        },
        {
          "time": 11.68,
          "minimum_predicted_clearance_m": 2.560609817504883,
          "closest_time_to_contact_seconds": null,
          "threatening_obstacle_count": 0,
          "close_approach_obstacle_count": 0,
          "peak_simultaneous_threats": 0,
          "nominal_blocked": false
        },
        {
          "time": 11.72,
          "minimum_predicted_clearance_m": 2.560697555541992,
          "closest_time_to_contact_seconds": null,
          "threatening_obstacle_count": 0,
          "close_approach_obstacle_count": 0,
          "peak_simultaneous_threats": 0,
          "nominal_blocked": false
        },
        {
          "time": 11.76,
          "minimum_predicted_clearance_m": 2.5568082332611084,
          "closest_time_to_contact_seconds": null,
          "threatening_obstacle_count": 0,
          "close_approach_obstacle_count": 0,
          "peak_simultaneous_threats": 0,
          "nominal_blocked": false
        },
        {
          "time": 11.8,
          "minimum_predicted_clearance_m": 2.5498385429382324,
          "closest_time_to_contact_seconds": null,
          "threatening_obstacle_count": 0,
          "close_approach_obstacle_count": 0,
          "peak_simultaneous_threats": 0,
          "nominal_blocked": false
        },
        {
          "time": 11.84,
          "minimum_predicted_clearance_m": 2.5432910919189453,
          "closest_time_to_contact_seconds": null,
          "threatening_obstacle_count": 0,
          "close_approach_obstacle_count": 0,
          "peak_simultaneous_threats": 0,
          "nominal_blocked": false
        },
        {
          "time": 11.88,
          "minimum_predicted_clearance_m": 2.5371615886688232,
          "closest_time_to_contact_seconds": null,
          "threatening_obstacle_count": 0,
          "close_approach_obstacle_count": 0,
          "peak_simultaneous_threats": 0,
          "nominal_blocked": false
        },
        {
          "time": 11.92,
          "minimum_predicted_clearance_m": 2.5314431190490723,
          "closest_time_to_contact_seconds": null,
          "threatening_obstacle_count": 0,
          "close_approach_obstacle_count": 0,
          "peak_simultaneous_threats": 0,
          "nominal_blocked": false
        },
        {
          "time": 11.96,
          "minimum_predicted_clearance_m": 2.5261263847351074,
          "closest_time_to_contact_seconds": null,
          "threatening_obstacle_count": 0,
          "close_approach_obstacle_count": 0,
          "peak_simultaneous_threats": 0,
          "nominal_blocked": false
        },
        {
          "time": 12.0,
          "minimum_predicted_clearance_m": 2.521200656890869,
          "closest_time_to_contact_seconds": null,
          "threatening_obstacle_count": 0,
          "close_approach_obstacle_count": 0,
          "peak_simultaneous_threats": 0,
          "nominal_blocked": false
        },
        {
          "time": 12.040000000000001,
          "minimum_predicted_clearance_m": 2.516653060913086,
          "closest_time_to_contact_seconds": null,
          "threatening_obstacle_count": 0,
          "close_approach_obstacle_count": 0,
          "peak_simultaneous_threats": 0,
          "nominal_blocked": false
        },
        {
          "time": 12.08,
          "minimum_predicted_clearance_m": 2.5124692916870117,
          "closest_time_to_contact_seconds": null,
          "threatening_obstacle_count": 0,
          "close_approach_obstacle_count": 0,
          "peak_simultaneous_threats": 0,
          "nominal_blocked": false
        },
        {
          "time": 12.120000000000001,
          "minimum_predicted_clearance_m": 2.508633613586426,
          "closest_time_to_contact_seconds": null,
          "threatening_obstacle_count": 0,
          "close_approach_obstacle_count": 0,
          "peak_simultaneous_threats": 0,
          "nominal_blocked": false
        },
        {
          "time": 12.16,
          "minimum_predicted_clearance_m": 2.5051302909851074,
          "closest_time_to_contact_seconds": null,
          "threatening_obstacle_count": 0,
          "close_approach_obstacle_count": 0,
          "peak_simultaneous_threats": 0,
          "nominal_blocked": false
        },
        {
          "time": 12.200000000000001,
          "minimum_predicted_clearance_m": 2.501941680908203,
          "closest_time_to_contact_seconds": null,
          "threatening_obstacle_count": 0,
          "close_approach_obstacle_count": 0,
          "peak_simultaneous_threats": 0,
          "nominal_blocked": false
        },
        {
          "time": 12.24,
          "minimum_predicted_clearance_m": 2.4990501403808594,
          "closest_time_to_contact_seconds": null,
          "threatening_obstacle_count": 0,
          "close_approach_obstacle_count": 0,
          "peak_simultaneous_threats": 0,
          "nominal_blocked": false
        },
        {
          "time": 12.280000000000001,
          "minimum_predicted_clearance_m": 2.4964370727539062,
          "closest_time_to_contact_seconds": null,
          "threatening_obstacle_count": 0,
          "close_approach_obstacle_count": 0,
          "peak_simultaneous_threats": 0,
          "nominal_blocked": false
        },
        {
          "time": 12.32,
          "minimum_predicted_clearance_m": 2.494084358215332,
          "closest_time_to_contact_seconds": null,
          "threatening_obstacle_count": 0,
          "close_approach_obstacle_count": 0,
          "peak_simultaneous_threats": 0,
          "nominal_blocked": false
        },
        {
          "time": 12.36,
          "minimum_predicted_clearance_m": 2.491973876953125,
          "closest_time_to_contact_seconds": null,
          "threatening_obstacle_count": 0,
          "close_approach_obstacle_count": 0,
          "peak_simultaneous_threats": 0,
          "nominal_blocked": false
        },
        {
          "time": 12.4,
          "minimum_predicted_clearance_m": 2.4900882244110107,
          "closest_time_to_contact_seconds": null,
          "threatening_obstacle_count": 0,
          "close_approach_obstacle_count": 0,
          "peak_simultaneous_threats": 0,
          "nominal_blocked": false
        },
        {
          "time": 12.44,
          "minimum_predicted_clearance_m": 2.4884095191955566,
          "closest_time_to_contact_seconds": null,
          "threatening_obstacle_count": 0,
          "close_approach_obstacle_count": 0,
          "peak_simultaneous_threats": 0,
          "nominal_blocked": false
        },
        {
          "time": 12.48,
          "minimum_predicted_clearance_m": 2.486921787261963,
          "closest_time_to_contact_seconds": null,
          "threatening_obstacle_count": 0,
          "close_approach_obstacle_count": 0,
          "peak_simultaneous_threats": 0,
          "nominal_blocked": false
        },
        {
          "time": 12.52,
          "minimum_predicted_clearance_m": 2.4856088161468506,
          "closest_time_to_contact_seconds": null,
          "threatening_obstacle_count": 0,
          "close_approach_obstacle_count": 0,
          "peak_simultaneous_threats": 0,
          "nominal_blocked": false
        },
        {
          "time": 12.56,
          "minimum_predicted_clearance_m": 2.484457015991211,
          "closest_time_to_contact_seconds": null,
          "threatening_obstacle_count": 0,
          "close_approach_obstacle_count": 0,
          "peak_simultaneous_threats": 0,
          "nominal_blocked": false
        },
        {
          "time": 12.6,
          "minimum_predicted_clearance_m": 2.483452081680298,
          "closest_time_to_contact_seconds": null,
          "threatening_obstacle_count": 0,
          "close_approach_obstacle_count": 0,
          "peak_simultaneous_threats": 0,
          "nominal_blocked": false
        },
        {
          "time": 12.64,
          "minimum_predicted_clearance_m": 2.4825825691223145,
          "closest_time_to_contact_seconds": null,
          "threatening_obstacle_count": 0,
          "close_approach_obstacle_count": 0,
          "peak_simultaneous_threats": 0,
          "nominal_blocked": false
        },
        {
          "time": 12.68,
          "minimum_predicted_clearance_m": 2.481837749481201,
          "closest_time_to_contact_seconds": null,
          "threatening_obstacle_count": 0,
          "close_approach_obstacle_count": 0,
          "peak_simultaneous_threats": 0,
          "nominal_blocked": false
        },
        {
          "time": 12.72,
          "minimum_predicted_clearance_m": 2.481208562850952,
          "closest_time_to_contact_seconds": null,
          "threatening_obstacle_count": 0,
          "close_approach_obstacle_count": 0,
          "peak_simultaneous_threats": 0,
          "nominal_blocked": false
        },
        {
          "time": 12.76,
          "minimum_predicted_clearance_m": 2.4806885719299316,
          "closest_time_to_contact_seconds": null,
          "threatening_obstacle_count": 0,
          "close_approach_obstacle_count": 0,
          "peak_simultaneous_threats": 0,
          "nominal_blocked": false
        },
        {
          "time": 12.8,
          "minimum_predicted_clearance_m": 2.480271816253662,
          "closest_time_to_contact_seconds": null,
          "threatening_obstacle_count": 0,
          "close_approach_obstacle_count": 0,
          "peak_simultaneous_threats": 0,
          "nominal_blocked": false
        },
        {
          "time": 12.84,
          "minimum_predicted_clearance_m": 2.479954957962036,
          "closest_time_to_contact_seconds": null,
          "threatening_obstacle_count": 0,
          "close_approach_obstacle_count": 0,
          "peak_simultaneous_threats": 0,
          "nominal_blocked": false
        },
        {
          "time": 12.88,
          "minimum_predicted_clearance_m": 2.479736328125,
          "closest_time_to_contact_seconds": null,
          "threatening_obstacle_count": 0,
          "close_approach_obstacle_count": 0,
          "peak_simultaneous_threats": 0,
          "nominal_blocked": false
        },
        {
          "time": 12.92,
          "minimum_predicted_clearance_m": 2.479616403579712,
          "closest_time_to_contact_seconds": null,
          "threatening_obstacle_count": 0,
          "close_approach_obstacle_count": 0,
          "peak_simultaneous_threats": 0,
          "nominal_blocked": false
        },
        {
          "time": 12.96,
          "minimum_predicted_clearance_m": 2.4795939922332764,
          "closest_time_to_contact_seconds": null,
          "threatening_obstacle_count": 0,
          "close_approach_obstacle_count": 0,
          "peak_simultaneous_threats": 0,
          "nominal_blocked": false
        },
        {
          "time": 13.0,
          "minimum_predicted_clearance_m": 2.4795939922332764,
          "closest_time_to_contact_seconds": null,
          "threatening_obstacle_count": 0,
          "close_approach_obstacle_count": 0,
          "peak_simultaneous_threats": 0,
          "nominal_blocked": false
        },
        {
          "time": 13.040000000000001,
          "minimum_predicted_clearance_m": 2.4795939922332764,
          "closest_time_to_contact_seconds": null,
          "threatening_obstacle_count": 0,
          "close_approach_obstacle_count": 0,
          "peak_simultaneous_threats": 0,
          "nominal_blocked": false
        },
        {
          "time": 13.08,
          "minimum_predicted_clearance_m": 2.4795939922332764,
          "closest_time_to_contact_seconds": null,
          "threatening_obstacle_count": 0,
          "close_approach_obstacle_count": 0,
          "peak_simultaneous_threats": 0,
          "nominal_blocked": false
        },
        {
          "time": 13.120000000000001,
          "minimum_predicted_clearance_m": 2.4795939922332764,
          "closest_time_to_contact_seconds": null,
          "threatening_obstacle_count": 0,
          "close_approach_obstacle_count": 0,
          "peak_simultaneous_threats": 0,
          "nominal_blocked": false
        },
        {
          "time": 13.16,
          "minimum_predicted_clearance_m": 2.4795939922332764,
          "closest_time_to_contact_seconds": null,
          "threatening_obstacle_count": 0,
          "close_approach_obstacle_count": 0,
          "peak_simultaneous_threats": 0,
          "nominal_blocked": false
        },
        {
          "time": 13.200000000000001,
          "minimum_predicted_clearance_m": 2.4795939922332764,
          "closest_time_to_contact_seconds": null,
          "threatening_obstacle_count": 0,
          "close_approach_obstacle_count": 0,
          "peak_simultaneous_threats": 0,
          "nominal_blocked": false
        },
        {
          "time": 13.24,
          "minimum_predicted_clearance_m": 2.4795939922332764,
          "closest_time_to_contact_seconds": null,
          "threatening_obstacle_count": 0,
          "close_approach_obstacle_count": 0,
          "peak_simultaneous_threats": 0,
          "nominal_blocked": false
        },
        {
          "time": 13.280000000000001,
          "minimum_predicted_clearance_m": 2.4795939922332764,
          "closest_time_to_contact_seconds": null,
          "threatening_obstacle_count": 0,
          "close_approach_obstacle_count": 0,
          "peak_simultaneous_threats": 0,
          "nominal_blocked": false
        },
        {
          "time": 13.32,
          "minimum_predicted_clearance_m": 2.4795939922332764,
          "closest_time_to_contact_seconds": null,
          "threatening_obstacle_count": 0,
          "close_approach_obstacle_count": 0,
          "peak_simultaneous_threats": 0,
          "nominal_blocked": false
        },
        {
          "time": 13.36,
          "minimum_predicted_clearance_m": 2.4795939922332764,
          "closest_time_to_contact_seconds": null,
          "threatening_obstacle_count": 0,
          "close_approach_obstacle_count": 0,
          "peak_simultaneous_threats": 0,
          "nominal_blocked": false
        },
        {
          "time": 13.4,
          "minimum_predicted_clearance_m": 2.4795939922332764,
          "closest_time_to_contact_seconds": null,
          "threatening_obstacle_count": 0,
          "close_approach_obstacle_count": 0,
          "peak_simultaneous_threats": 0,
          "nominal_blocked": false
        },
        {
          "time": 13.44,
          "minimum_predicted_clearance_m": 2.4795939922332764,
          "closest_time_to_contact_seconds": null,
          "threatening_obstacle_count": 0,
          "close_approach_obstacle_count": 0,
          "peak_simultaneous_threats": 0,
          "nominal_blocked": false
        },
        {
          "time": 13.48,
          "minimum_predicted_clearance_m": 2.4795939922332764,
          "closest_time_to_contact_seconds": null,
          "threatening_obstacle_count": 0,
          "close_approach_obstacle_count": 0,
          "peak_simultaneous_threats": 0,
          "nominal_blocked": false
        },
        {
          "time": 13.52,
          "minimum_predicted_clearance_m": 2.4795939922332764,
          "closest_time_to_contact_seconds": null,
          "threatening_obstacle_count": 0,
          "close_approach_obstacle_count": 0,
          "peak_simultaneous_threats": 0,
          "nominal_blocked": false
        },
        {
          "time": 13.56,
          "minimum_predicted_clearance_m": 2.4795939922332764,
          "closest_time_to_contact_seconds": null,
          "threatening_obstacle_count": 0,
          "close_approach_obstacle_count": 0,
          "peak_simultaneous_threats": 0,
          "nominal_blocked": false
        },
        {
          "time": 13.6,
          "minimum_predicted_clearance_m": 2.4795939922332764,
          "closest_time_to_contact_seconds": null,
          "threatening_obstacle_count": 0,
          "close_approach_obstacle_count": 0,
          "peak_simultaneous_threats": 0,
          "nominal_blocked": false
        },
        {
          "time": 13.64,
          "minimum_predicted_clearance_m": 2.4795939922332764,
          "closest_time_to_contact_seconds": null,
          "threatening_obstacle_count": 0,
          "close_approach_obstacle_count": 0,
          "peak_simultaneous_threats": 0,
          "nominal_blocked": false
        },
        {
          "time": 13.68,
          "minimum_predicted_clearance_m": 2.4795939922332764,
          "closest_time_to_contact_seconds": null,
          "threatening_obstacle_count": 0,
          "close_approach_obstacle_count": 0,
          "peak_simultaneous_threats": 0,
          "nominal_blocked": false
        },
        {
          "time": 13.72,
          "minimum_predicted_clearance_m": 2.4795939922332764,
          "closest_time_to_contact_seconds": null,
          "threatening_obstacle_count": 0,
          "close_approach_obstacle_count": 0,
          "peak_simultaneous_threats": 0,
          "nominal_blocked": false
        },
        {
          "time": 13.76,
          "minimum_predicted_clearance_m": 2.4795939922332764,
          "closest_time_to_contact_seconds": null,
          "threatening_obstacle_count": 0,
          "close_approach_obstacle_count": 0,
          "peak_simultaneous_threats": 0,
          "nominal_blocked": false
        },
        {
          "time": 13.8,
          "minimum_predicted_clearance_m": 2.4795939922332764,
          "closest_time_to_contact_seconds": null,
          "threatening_obstacle_count": 0,
          "close_approach_obstacle_count": 0,
          "peak_simultaneous_threats": 0,
          "nominal_blocked": false
        },
        {
          "time": 13.84,
          "minimum_predicted_clearance_m": 2.4795939922332764,
          "closest_time_to_contact_seconds": null,
          "threatening_obstacle_count": 0,
          "close_approach_obstacle_count": 0,
          "peak_simultaneous_threats": 0,
          "nominal_blocked": false
        },
        {
          "time": 13.88,
          "minimum_predicted_clearance_m": 2.4795939922332764,
          "closest_time_to_contact_seconds": null,
          "threatening_obstacle_count": 0,
          "close_approach_obstacle_count": 0,
          "peak_simultaneous_threats": 0,
          "nominal_blocked": false
        },
        {
          "time": 13.92,
          "minimum_predicted_clearance_m": 2.4795939922332764,
          "closest_time_to_contact_seconds": null,
          "threatening_obstacle_count": 0,
          "close_approach_obstacle_count": 0,
          "peak_simultaneous_threats": 0,
          "nominal_blocked": false
        },
        {
          "time": 13.96,
          "minimum_predicted_clearance_m": 2.4795939922332764,
          "closest_time_to_contact_seconds": null,
          "threatening_obstacle_count": 0,
          "close_approach_obstacle_count": 0,
          "peak_simultaneous_threats": 0,
          "nominal_blocked": false
        },
        {
          "time": 14.0,
          "minimum_predicted_clearance_m": 2.4795939922332764,
          "closest_time_to_contact_seconds": null,
          "threatening_obstacle_count": 0,
          "close_approach_obstacle_count": 0,
          "peak_simultaneous_threats": 0,
          "nominal_blocked": false
        },
        {
          "time": 14.040000000000001,
          "minimum_predicted_clearance_m": 2.4795939922332764,
          "closest_time_to_contact_seconds": null,
          "threatening_obstacle_count": 0,
          "close_approach_obstacle_count": 0,
          "peak_simultaneous_threats": 0,
          "nominal_blocked": false
        },
        {
          "time": 14.08,
          "minimum_predicted_clearance_m": 2.4795939922332764,
          "closest_time_to_contact_seconds": null,
          "threatening_obstacle_count": 0,
          "close_approach_obstacle_count": 0,
          "peak_simultaneous_threats": 0,
          "nominal_blocked": false
        },
        {
          "time": 14.120000000000001,
          "minimum_predicted_clearance_m": 2.4795939922332764,
          "closest_time_to_contact_seconds": null,
          "threatening_obstacle_count": 0,
          "close_approach_obstacle_count": 0,
          "peak_simultaneous_threats": 0,
          "nominal_blocked": false
        },
        {
          "time": 14.16,
          "minimum_predicted_clearance_m": 2.4795968532562256,
          "closest_time_to_contact_seconds": null,
          "threatening_obstacle_count": 0,
          "close_approach_obstacle_count": 0,
          "peak_simultaneous_threats": 0,
          "nominal_blocked": false
        },
        {
          "time": 14.200000000000001,
          "minimum_predicted_clearance_m": 2.479682207107544,
          "closest_time_to_contact_seconds": null,
          "threatening_obstacle_count": 0,
          "close_approach_obstacle_count": 0,
          "peak_simultaneous_threats": 0,
          "nominal_blocked": false
        },
        {
          "time": 14.24,
          "minimum_predicted_clearance_m": 2.4798777103424072,
          "closest_time_to_contact_seconds": null,
          "threatening_obstacle_count": 0,
          "close_approach_obstacle_count": 0,
          "peak_simultaneous_threats": 0,
          "nominal_blocked": false
        },
        {
          "time": 14.280000000000001,
          "minimum_predicted_clearance_m": 2.4801907539367676,
          "closest_time_to_contact_seconds": null,
          "threatening_obstacle_count": 0,
          "close_approach_obstacle_count": 0,
          "peak_simultaneous_threats": 0,
          "nominal_blocked": false
        },
        {
          "time": 14.32,
          "minimum_predicted_clearance_m": 2.4806313514709473,
          "closest_time_to_contact_seconds": null,
          "threatening_obstacle_count": 0,
          "close_approach_obstacle_count": 0,
          "peak_simultaneous_threats": 0,
          "nominal_blocked": false
        },
        {
          "time": 14.36,
          "minimum_predicted_clearance_m": 2.4812097549438477,
          "closest_time_to_contact_seconds": null,
          "threatening_obstacle_count": 0,
          "close_approach_obstacle_count": 0,
          "peak_simultaneous_threats": 0,
          "nominal_blocked": false
        },
        {
          "time": 14.4,
          "minimum_predicted_clearance_m": 2.481938123703003,
          "closest_time_to_contact_seconds": null,
          "threatening_obstacle_count": 0,
          "close_approach_obstacle_count": 0,
          "peak_simultaneous_threats": 0,
          "nominal_blocked": false
        },
        {
          "time": 14.44,
          "minimum_predicted_clearance_m": 2.4828295707702637,
          "closest_time_to_contact_seconds": null,
          "threatening_obstacle_count": 0,
          "close_approach_obstacle_count": 0,
          "peak_simultaneous_threats": 0,
          "nominal_blocked": false
        },
        {
          "time": 14.48,
          "minimum_predicted_clearance_m": 2.4838993549346924,
          "closest_time_to_contact_seconds": null,
          "threatening_obstacle_count": 0,
          "close_approach_obstacle_count": 0,
          "peak_simultaneous_threats": 0,
          "nominal_blocked": false
        },
        {
          "time": 14.52,
          "minimum_predicted_clearance_m": 2.485161781311035,
          "closest_time_to_contact_seconds": null,
          "threatening_obstacle_count": 0,
          "close_approach_obstacle_count": 0,
          "peak_simultaneous_threats": 0,
          "nominal_blocked": false
        },
        {
          "time": 14.56,
          "minimum_predicted_clearance_m": 2.4866340160369873,
          "closest_time_to_contact_seconds": null,
          "threatening_obstacle_count": 0,
          "close_approach_obstacle_count": 0,
          "peak_simultaneous_threats": 0,
          "nominal_blocked": false
        },
        {
          "time": 14.6,
          "minimum_predicted_clearance_m": 2.4883320331573486,
          "closest_time_to_contact_seconds": null,
          "threatening_obstacle_count": 0,
          "close_approach_obstacle_count": 0,
          "peak_simultaneous_threats": 0,
          "nominal_blocked": false
        },
        {
          "time": 14.64,
          "minimum_predicted_clearance_m": 2.4902727603912354,
          "closest_time_to_contact_seconds": null,
          "threatening_obstacle_count": 0,
          "close_approach_obstacle_count": 0,
          "peak_simultaneous_threats": 0,
          "nominal_blocked": false
        },
        {
          "time": 14.68,
          "minimum_predicted_clearance_m": 2.4924733638763428,
          "closest_time_to_contact_seconds": null,
          "threatening_obstacle_count": 0,
          "close_approach_obstacle_count": 0,
          "peak_simultaneous_threats": 0,
          "nominal_blocked": false
        },
        {
          "time": 14.72,
          "minimum_predicted_clearance_m": 2.494950294494629,
          "closest_time_to_contact_seconds": null,
          "threatening_obstacle_count": 0,
          "close_approach_obstacle_count": 0,
          "peak_simultaneous_threats": 0,
          "nominal_blocked": false
        },
        {
          "time": 14.76,
          "minimum_predicted_clearance_m": 2.4977195262908936,
          "closest_time_to_contact_seconds": null,
          "threatening_obstacle_count": 0,
          "close_approach_obstacle_count": 0,
          "peak_simultaneous_threats": 0,
          "nominal_blocked": false
        },
        {
          "time": 14.8,
          "minimum_predicted_clearance_m": 2.5007965564727783,
          "closest_time_to_contact_seconds": null,
          "threatening_obstacle_count": 0,
          "close_approach_obstacle_count": 0,
          "peak_simultaneous_threats": 0,
          "nominal_blocked": false
        },
        {
          "time": 14.84,
          "minimum_predicted_clearance_m": 2.5041959285736084,
          "closest_time_to_contact_seconds": null,
          "threatening_obstacle_count": 0,
          "close_approach_obstacle_count": 0,
          "peak_simultaneous_threats": 0,
          "nominal_blocked": false
        },
        {
          "time": 14.88,
          "minimum_predicted_clearance_m": 2.5079307556152344,
          "closest_time_to_contact_seconds": null,
          "threatening_obstacle_count": 0,
          "close_approach_obstacle_count": 0,
          "peak_simultaneous_threats": 0,
          "nominal_blocked": false
        },
        {
          "time": 14.92,
          "minimum_predicted_clearance_m": 2.512012243270874,
          "closest_time_to_contact_seconds": null,
          "threatening_obstacle_count": 0,
          "close_approach_obstacle_count": 0,
          "peak_simultaneous_threats": 0,
          "nominal_blocked": false
        },
        {
          "time": 14.96,
          "minimum_predicted_clearance_m": 2.516451120376587,
          "closest_time_to_contact_seconds": null,
          "threatening_obstacle_count": 0,
          "close_approach_obstacle_count": 0,
          "peak_simultaneous_threats": 0,
          "nominal_blocked": false
        },
        {
          "time": 15.0,
          "minimum_predicted_clearance_m": 2.5212552547454834,
          "closest_time_to_contact_seconds": null,
          "threatening_obstacle_count": 0,
          "close_approach_obstacle_count": 0,
          "peak_simultaneous_threats": 0,
          "nominal_blocked": false
        },
        {
          "time": 15.040000000000001,
          "minimum_predicted_clearance_m": 2.526430606842041,
          "closest_time_to_contact_seconds": null,
          "threatening_obstacle_count": 0,
          "close_approach_obstacle_count": 0,
          "peak_simultaneous_threats": 0,
          "nominal_blocked": false
        },
        {
          "time": 15.08,
          "minimum_predicted_clearance_m": 2.5319807529449463,
          "closest_time_to_contact_seconds": null,
          "threatening_obstacle_count": 0,
          "close_approach_obstacle_count": 0,
          "peak_simultaneous_threats": 0,
          "nominal_blocked": false
        },
        {
          "time": 15.120000000000001,
          "minimum_predicted_clearance_m": 2.537907361984253,
          "closest_time_to_contact_seconds": null,
          "threatening_obstacle_count": 0,
          "close_approach_obstacle_count": 0,
          "peak_simultaneous_threats": 0,
          "nominal_blocked": false
        },
        {
          "time": 15.16,
          "minimum_predicted_clearance_m": 2.544208526611328,
          "closest_time_to_contact_seconds": null,
          "threatening_obstacle_count": 0,
          "close_approach_obstacle_count": 0,
          "peak_simultaneous_threats": 0,
          "nominal_blocked": false
        },
        {
          "time": 15.200000000000001,
          "minimum_predicted_clearance_m": 2.5508806705474854,
          "closest_time_to_contact_seconds": null,
          "threatening_obstacle_count": 0,
          "close_approach_obstacle_count": 0,
          "peak_simultaneous_threats": 0,
          "nominal_blocked": false
        },
        {
          "time": 15.24,
          "minimum_predicted_clearance_m": 2.5579168796539307,
          "closest_time_to_contact_seconds": null,
          "threatening_obstacle_count": 0,
          "close_approach_obstacle_count": 0,
          "peak_simultaneous_threats": 0,
          "nominal_blocked": false
        },
        {
          "time": 15.280000000000001,
          "minimum_predicted_clearance_m": 2.565307378768921,
          "closest_time_to_contact_seconds": null,
          "threatening_obstacle_count": 0,
          "close_approach_obstacle_count": 0,
          "peak_simultaneous_threats": 0,
          "nominal_blocked": false
        },
        {
          "time": 15.32,
          "minimum_predicted_clearance_m": 2.573040008544922,
          "closest_time_to_contact_seconds": null,
          "threatening_obstacle_count": 0,
          "close_approach_obstacle_count": 0,
          "peak_simultaneous_threats": 0,
          "nominal_blocked": false
        },
        {
          "time": 15.36,
          "minimum_predicted_clearance_m": 2.581099033355713,
          "closest_time_to_contact_seconds": null,
          "threatening_obstacle_count": 0,
          "close_approach_obstacle_count": 0,
          "peak_simultaneous_threats": 0,
          "nominal_blocked": false
        },
        {
          "time": 15.4,
          "minimum_predicted_clearance_m": 2.5894663333892822,
          "closest_time_to_contact_seconds": null,
          "threatening_obstacle_count": 0,
          "close_approach_obstacle_count": 0,
          "peak_simultaneous_threats": 0,
          "nominal_blocked": false
        },
        {
          "time": 15.44,
          "minimum_predicted_clearance_m": 2.5981216430664062,
          "closest_time_to_contact_seconds": null,
          "threatening_obstacle_count": 0,
          "close_approach_obstacle_count": 0,
          "peak_simultaneous_threats": 0,
          "nominal_blocked": false
        },
        {
          "time": 15.48,
          "minimum_predicted_clearance_m": 2.6070406436920166,
          "closest_time_to_contact_seconds": null,
          "threatening_obstacle_count": 0,
          "close_approach_obstacle_count": 0,
          "peak_simultaneous_threats": 0,
          "nominal_blocked": false
        },
        {
          "time": 15.52,
          "minimum_predicted_clearance_m": 2.6161978244781494,
          "closest_time_to_contact_seconds": null,
          "threatening_obstacle_count": 0,
          "close_approach_obstacle_count": 0,
          "peak_simultaneous_threats": 0,
          "nominal_blocked": false
        },
        {
          "time": 15.56,
          "minimum_predicted_clearance_m": 2.6255645751953125,
          "closest_time_to_contact_seconds": null,
          "threatening_obstacle_count": 0,
          "close_approach_obstacle_count": 0,
          "peak_simultaneous_threats": 0,
          "nominal_blocked": false
        },
        {
          "time": 15.6,
          "minimum_predicted_clearance_m": 2.6351101398468018,
          "closest_time_to_contact_seconds": null,
          "threatening_obstacle_count": 0,
          "close_approach_obstacle_count": 0,
          "peak_simultaneous_threats": 0,
          "nominal_blocked": false
        },
        {
          "time": 15.64,
          "minimum_predicted_clearance_m": 2.644801616668701,
          "closest_time_to_contact_seconds": null,
          "threatening_obstacle_count": 0,
          "close_approach_obstacle_count": 0,
          "peak_simultaneous_threats": 0,
          "nominal_blocked": false
        },
        {
          "time": 15.68,
          "minimum_predicted_clearance_m": 2.65460467338562,
          "closest_time_to_contact_seconds": null,
          "threatening_obstacle_count": 0,
          "close_approach_obstacle_count": 0,
          "peak_simultaneous_threats": 0,
          "nominal_blocked": false
        },
        {
          "time": 15.72,
          "minimum_predicted_clearance_m": 2.664483070373535,
          "closest_time_to_contact_seconds": null,
          "threatening_obstacle_count": 0,
          "close_approach_obstacle_count": 0,
          "peak_simultaneous_threats": 0,
          "nominal_blocked": false
        },
        {
          "time": 15.76,
          "minimum_predicted_clearance_m": 2.67439866065979,
          "closest_time_to_contact_seconds": null,
          "threatening_obstacle_count": 0,
          "close_approach_obstacle_count": 0,
          "peak_simultaneous_threats": 0,
          "nominal_blocked": false
        },
        {
          "time": 15.8,
          "minimum_predicted_clearance_m": 2.6843130588531494,
          "closest_time_to_contact_seconds": null,
          "threatening_obstacle_count": 0,
          "close_approach_obstacle_count": 0,
          "peak_simultaneous_threats": 0,
          "nominal_blocked": false
        },
        {
          "time": 15.84,
          "minimum_predicted_clearance_m": 2.6941864490509033,
          "closest_time_to_contact_seconds": null,
          "threatening_obstacle_count": 0,
          "close_approach_obstacle_count": 0,
          "peak_simultaneous_threats": 0,
          "nominal_blocked": false
        },
        {
          "time": 15.88,
          "minimum_predicted_clearance_m": 2.7039787769317627,
          "closest_time_to_contact_seconds": null,
          "threatening_obstacle_count": 0,
          "close_approach_obstacle_count": 0,
          "peak_simultaneous_threats": 0,
          "nominal_blocked": false
        },
        {
          "time": 15.92,
          "minimum_predicted_clearance_m": 2.713648557662964,
          "closest_time_to_contact_seconds": null,
          "threatening_obstacle_count": 0,
          "close_approach_obstacle_count": 0,
          "peak_simultaneous_threats": 0,
          "nominal_blocked": false
        },
        {
          "time": 15.96,
          "minimum_predicted_clearance_m": 2.7231554985046387,
          "closest_time_to_contact_seconds": null,
          "threatening_obstacle_count": 0,
          "close_approach_obstacle_count": 0,
          "peak_simultaneous_threats": 0,
          "nominal_blocked": false
        },
        {
          "time": 16.0,
          "minimum_predicted_clearance_m": 2.72528076171875,
          "closest_time_to_contact_seconds": null,
          "threatening_obstacle_count": 0,
          "close_approach_obstacle_count": 0,
          "peak_simultaneous_threats": 0,
          "nominal_blocked": false
        },
        {
          "time": 16.04,
          "minimum_predicted_clearance_m": 2.7158002853393555,
          "closest_time_to_contact_seconds": null,
          "threatening_obstacle_count": 0,
          "close_approach_obstacle_count": 0,
          "peak_simultaneous_threats": 0,
          "nominal_blocked": false
        },
        {
          "time": 16.080000000000002,
          "minimum_predicted_clearance_m": 2.70620059967041,
          "closest_time_to_contact_seconds": null,
          "threatening_obstacle_count": 0,
          "close_approach_obstacle_count": 0,
          "peak_simultaneous_threats": 0,
          "nominal_blocked": false
        },
        {
          "time": 16.12,
          "minimum_predicted_clearance_m": 2.6965203285217285,
          "closest_time_to_contact_seconds": null,
          "threatening_obstacle_count": 0,
          "close_approach_obstacle_count": 0,
          "peak_simultaneous_threats": 0,
          "nominal_blocked": false
        },
        {
          "time": 16.16,
          "minimum_predicted_clearance_m": 2.686797618865967,
          "closest_time_to_contact_seconds": null,
          "threatening_obstacle_count": 0,
          "close_approach_obstacle_count": 0,
          "peak_simultaneous_threats": 0,
          "nominal_blocked": false
        },
        {
          "time": 16.2,
          "minimum_predicted_clearance_m": 2.677070140838623,
          "closest_time_to_contact_seconds": null,
          "threatening_obstacle_count": 0,
          "close_approach_obstacle_count": 0,
          "peak_simultaneous_threats": 0,
          "nominal_blocked": false
        },
        {
          "time": 16.240000000000002,
          "minimum_predicted_clearance_m": 2.6673755645751953,
          "closest_time_to_contact_seconds": null,
          "threatening_obstacle_count": 0,
          "close_approach_obstacle_count": 0,
          "peak_simultaneous_threats": 0,
          "nominal_blocked": false
        },
        {
          "time": 16.28,
          "minimum_predicted_clearance_m": 2.65775203704834,
          "closest_time_to_contact_seconds": null,
          "threatening_obstacle_count": 0,
          "close_approach_obstacle_count": 0,
          "peak_simultaneous_threats": 0,
          "nominal_blocked": false
        },
        {
          "time": 16.32,
          "minimum_predicted_clearance_m": 2.6482367515563965,
          "closest_time_to_contact_seconds": null,
          "threatening_obstacle_count": 0,
          "close_approach_obstacle_count": 0,
          "peak_simultaneous_threats": 0,
          "nominal_blocked": false
        },
        {
          "time": 16.36,
          "minimum_predicted_clearance_m": 2.638866424560547,
          "closest_time_to_contact_seconds": null,
          "threatening_obstacle_count": 0,
          "close_approach_obstacle_count": 0,
          "peak_simultaneous_threats": 0,
          "nominal_blocked": false
        },
        {
          "time": 16.4,
          "minimum_predicted_clearance_m": 2.629676342010498,
          "closest_time_to_contact_seconds": null,
          "threatening_obstacle_count": 0,
          "close_approach_obstacle_count": 0,
          "peak_simultaneous_threats": 0,
          "nominal_blocked": false
        },
        {
          "time": 16.44,
          "minimum_predicted_clearance_m": 2.6207008361816406,
          "closest_time_to_contact_seconds": null,
          "threatening_obstacle_count": 0,
          "close_approach_obstacle_count": 0,
          "peak_simultaneous_threats": 0,
          "nominal_blocked": false
        },
        {
          "time": 16.48,
          "minimum_predicted_clearance_m": 2.611973285675049,
          "closest_time_to_contact_seconds": null,
          "threatening_obstacle_count": 0,
          "close_approach_obstacle_count": 0,
          "peak_simultaneous_threats": 0,
          "nominal_blocked": false
        },
        {
          "time": 16.52,
          "minimum_predicted_clearance_m": 2.6035265922546387,
          "closest_time_to_contact_seconds": null,
          "threatening_obstacle_count": 0,
          "close_approach_obstacle_count": 0,
          "peak_simultaneous_threats": 0,
          "nominal_blocked": false
        },
        {
          "time": 16.56,
          "minimum_predicted_clearance_m": 2.5953903198242188,
          "closest_time_to_contact_seconds": null,
          "threatening_obstacle_count": 0,
          "close_approach_obstacle_count": 0,
          "peak_simultaneous_threats": 0,
          "nominal_blocked": false
        },
        {
          "time": 16.6,
          "minimum_predicted_clearance_m": 2.5875930786132812,
          "closest_time_to_contact_seconds": null,
          "threatening_obstacle_count": 0,
          "close_approach_obstacle_count": 0,
          "peak_simultaneous_threats": 0,
          "nominal_blocked": false
        },
        {
          "time": 16.64,
          "minimum_predicted_clearance_m": 2.580160140991211,
          "closest_time_to_contact_seconds": null,
          "threatening_obstacle_count": 0,
          "close_approach_obstacle_count": 0,
          "peak_simultaneous_threats": 0,
          "nominal_blocked": false
        },
        {
          "time": 16.68,
          "minimum_predicted_clearance_m": 2.5731163024902344,
          "closest_time_to_contact_seconds": null,
          "threatening_obstacle_count": 0,
          "close_approach_obstacle_count": 0,
          "peak_simultaneous_threats": 0,
          "nominal_blocked": false
        },
        {
          "time": 16.72,
          "minimum_predicted_clearance_m": 2.5664844512939453,
          "closest_time_to_contact_seconds": null,
          "threatening_obstacle_count": 0,
          "close_approach_obstacle_count": 0,
          "peak_simultaneous_threats": 0,
          "nominal_blocked": false
        },
        {
          "time": 16.76,
          "minimum_predicted_clearance_m": 2.5602831840515137,
          "closest_time_to_contact_seconds": null,
          "threatening_obstacle_count": 0,
          "close_approach_obstacle_count": 0,
          "peak_simultaneous_threats": 0,
          "nominal_blocked": false
        },
        {
          "time": 16.8,
          "minimum_predicted_clearance_m": 2.5545296669006348,
          "closest_time_to_contact_seconds": null,
          "threatening_obstacle_count": 0,
          "close_approach_obstacle_count": 0,
          "peak_simultaneous_threats": 0,
          "nominal_blocked": false
        },
        {
          "time": 16.84,
          "minimum_predicted_clearance_m": 2.549238681793213,
          "closest_time_to_contact_seconds": null,
          "threatening_obstacle_count": 0,
          "close_approach_obstacle_count": 0,
          "peak_simultaneous_threats": 0,
          "nominal_blocked": false
        },
        {
          "time": 16.88,
          "minimum_predicted_clearance_m": 2.544419765472412,
          "closest_time_to_contact_seconds": null,
          "threatening_obstacle_count": 0,
          "close_approach_obstacle_count": 0,
          "peak_simultaneous_threats": 0,
          "nominal_blocked": false
        },
        {
          "time": 16.92,
          "minimum_predicted_clearance_m": 2.540083885192871,
          "closest_time_to_contact_seconds": null,
          "threatening_obstacle_count": 0,
          "close_approach_obstacle_count": 0,
          "peak_simultaneous_threats": 0,
          "nominal_blocked": false
        },
        {
          "time": 16.96,
          "minimum_predicted_clearance_m": 2.536235809326172,
          "closest_time_to_contact_seconds": null,
          "threatening_obstacle_count": 0,
          "close_approach_obstacle_count": 0,
          "peak_simultaneous_threats": 0,
          "nominal_blocked": false
        },
        {
          "time": 17.0,
          "minimum_predicted_clearance_m": 2.53287935256958,
          "closest_time_to_contact_seconds": null,
          "threatening_obstacle_count": 0,
          "close_approach_obstacle_count": 0,
          "peak_simultaneous_threats": 0,
          "nominal_blocked": false
        },
        {
          "time": 17.04,
          "minimum_predicted_clearance_m": 2.5300135612487793,
          "closest_time_to_contact_seconds": null,
          "threatening_obstacle_count": 0,
          "close_approach_obstacle_count": 0,
          "peak_simultaneous_threats": 0,
          "nominal_blocked": false
        },
        {
          "time": 17.080000000000002,
          "minimum_predicted_clearance_m": 2.5276360511779785,
          "closest_time_to_contact_seconds": null,
          "threatening_obstacle_count": 0,
          "close_approach_obstacle_count": 0,
          "peak_simultaneous_threats": 0,
          "nominal_blocked": false
        },
        {
          "time": 17.12,
          "minimum_predicted_clearance_m": 2.5257411003112793,
          "closest_time_to_contact_seconds": null,
          "threatening_obstacle_count": 0,
          "close_approach_obstacle_count": 0,
          "peak_simultaneous_threats": 0,
          "nominal_blocked": false
        },
        {
          "time": 17.16,
          "minimum_predicted_clearance_m": 2.524320602416992,
          "closest_time_to_contact_seconds": null,
          "threatening_obstacle_count": 0,
          "close_approach_obstacle_count": 0,
          "peak_simultaneous_threats": 0,
          "nominal_blocked": false
        },
        {
          "time": 17.2,
          "minimum_predicted_clearance_m": 2.522980213165283,
          "closest_time_to_contact_seconds": null,
          "threatening_obstacle_count": 0,
          "close_approach_obstacle_count": 0,
          "peak_simultaneous_threats": 0,
          "nominal_blocked": false
        },
        {
          "time": 17.240000000000002,
          "minimum_predicted_clearance_m": 2.5179219245910645,
          "closest_time_to_contact_seconds": null,
          "threatening_obstacle_count": 0,
          "close_approach_obstacle_count": 0,
          "peak_simultaneous_threats": 0,
          "nominal_blocked": false
        },
        {
          "time": 17.28,
          "minimum_predicted_clearance_m": 2.513230085372925,
          "closest_time_to_contact_seconds": null,
          "threatening_obstacle_count": 0,
          "close_approach_obstacle_count": 0,
          "peak_simultaneous_threats": 0,
          "nominal_blocked": false
        },
        {
          "time": 17.32,
          "minimum_predicted_clearance_m": 2.508897542953491,
          "closest_time_to_contact_seconds": null,
          "threatening_obstacle_count": 0,
          "close_approach_obstacle_count": 0,
          "peak_simultaneous_threats": 0,
          "nominal_blocked": false
        },
        {
          "time": 17.36,
          "minimum_predicted_clearance_m": 2.5049147605895996,
          "closest_time_to_contact_seconds": null,
          "threatening_obstacle_count": 0,
          "close_approach_obstacle_count": 0,
          "peak_simultaneous_threats": 0,
          "nominal_blocked": false
        },
        {
          "time": 17.400000000000002,
          "minimum_predicted_clearance_m": 2.501270055770874,
          "closest_time_to_contact_seconds": null,
          "threatening_obstacle_count": 0,
          "close_approach_obstacle_count": 0,
          "peak_simultaneous_threats": 0,
          "nominal_blocked": false
        },
        {
          "time": 17.44,
          "minimum_predicted_clearance_m": 2.497951030731201,
          "closest_time_to_contact_seconds": null,
          "threatening_obstacle_count": 0,
          "close_approach_obstacle_count": 0,
          "peak_simultaneous_threats": 0,
          "nominal_blocked": false
        },
        {
          "time": 17.48,
          "minimum_predicted_clearance_m": 2.494943380355835,
          "closest_time_to_contact_seconds": null,
          "threatening_obstacle_count": 0,
          "close_approach_obstacle_count": 0,
          "peak_simultaneous_threats": 0,
          "nominal_blocked": false
        },
        {
          "time": 17.52,
          "minimum_predicted_clearance_m": 2.492232084274292,
          "closest_time_to_contact_seconds": null,
          "threatening_obstacle_count": 0,
          "close_approach_obstacle_count": 0,
          "peak_simultaneous_threats": 0,
          "nominal_blocked": false
        },
        {
          "time": 17.56,
          "minimum_predicted_clearance_m": 2.489800453186035,
          "closest_time_to_contact_seconds": null,
          "threatening_obstacle_count": 0,
          "close_approach_obstacle_count": 0,
          "peak_simultaneous_threats": 0,
          "nominal_blocked": false
        },
        {
          "time": 17.6,
          "minimum_predicted_clearance_m": 2.4876315593719482,
          "closest_time_to_contact_seconds": null,
          "threatening_obstacle_count": 0,
          "close_approach_obstacle_count": 0,
          "peak_simultaneous_threats": 0,
          "nominal_blocked": false
        },
        {
          "time": 17.64,
          "minimum_predicted_clearance_m": 2.485708475112915,
          "closest_time_to_contact_seconds": null,
          "threatening_obstacle_count": 0,
          "close_approach_obstacle_count": 0,
          "peak_simultaneous_threats": 0,
          "nominal_blocked": false
        },
        {
          "time": 17.68,
          "minimum_predicted_clearance_m": 2.4840147495269775,
          "closest_time_to_contact_seconds": null,
          "threatening_obstacle_count": 0,
          "close_approach_obstacle_count": 0,
          "peak_simultaneous_threats": 0,
          "nominal_blocked": false
        },
        {
          "time": 17.72,
          "minimum_predicted_clearance_m": 2.482532501220703,
          "closest_time_to_contact_seconds": null,
          "threatening_obstacle_count": 0,
          "close_approach_obstacle_count": 0,
          "peak_simultaneous_threats": 0,
          "nominal_blocked": false
        },
        {
          "time": 17.76,
          "minimum_predicted_clearance_m": 2.4812445640563965,
          "closest_time_to_contact_seconds": null,
          "threatening_obstacle_count": 0,
          "close_approach_obstacle_count": 0,
          "peak_simultaneous_threats": 0,
          "nominal_blocked": false
        },
        {
          "time": 17.8,
          "minimum_predicted_clearance_m": 2.480135679244995,
          "closest_time_to_contact_seconds": null,
          "threatening_obstacle_count": 0,
          "close_approach_obstacle_count": 0,
          "peak_simultaneous_threats": 0,
          "nominal_blocked": false
        },
        {
          "time": 17.84,
          "minimum_predicted_clearance_m": 2.4791903495788574,
          "closest_time_to_contact_seconds": null,
          "threatening_obstacle_count": 0,
          "close_approach_obstacle_count": 0,
          "peak_simultaneous_threats": 0,
          "nominal_blocked": false
        },
        {
          "time": 17.88,
          "minimum_predicted_clearance_m": 2.4783945083618164,
          "closest_time_to_contact_seconds": null,
          "threatening_obstacle_count": 0,
          "close_approach_obstacle_count": 0,
          "peak_simultaneous_threats": 0,
          "nominal_blocked": false
        },
        {
          "time": 17.92,
          "minimum_predicted_clearance_m": 2.4777355194091797,
          "closest_time_to_contact_seconds": null,
          "threatening_obstacle_count": 0,
          "close_approach_obstacle_count": 0,
          "peak_simultaneous_threats": 0,
          "nominal_blocked": false
        },
        {
          "time": 17.96,
          "minimum_predicted_clearance_m": 2.4772017002105713,
          "closest_time_to_contact_seconds": null,
          "threatening_obstacle_count": 0,
          "close_approach_obstacle_count": 0,
          "peak_simultaneous_threats": 0,
          "nominal_blocked": false
        },
        {
          "time": 18.0,
          "minimum_predicted_clearance_m": 2.476783275604248,
          "closest_time_to_contact_seconds": null,
          "threatening_obstacle_count": 0,
          "close_approach_obstacle_count": 0,
          "peak_simultaneous_threats": 0,
          "nominal_blocked": false
        },
        {
          "time": 18.04,
          "minimum_predicted_clearance_m": 2.4764726161956787,
          "closest_time_to_contact_seconds": null,
          "threatening_obstacle_count": 0,
          "close_approach_obstacle_count": 0,
          "peak_simultaneous_threats": 0,
          "nominal_blocked": false
        },
        {
          "time": 18.080000000000002,
          "minimum_predicted_clearance_m": 2.4762630462646484,
          "closest_time_to_contact_seconds": null,
          "threatening_obstacle_count": 0,
          "close_approach_obstacle_count": 0,
          "peak_simultaneous_threats": 0,
          "nominal_blocked": false
        },
        {
          "time": 18.12,
          "minimum_predicted_clearance_m": 2.4761505126953125,
          "closest_time_to_contact_seconds": null,
          "threatening_obstacle_count": 0,
          "close_approach_obstacle_count": 0,
          "peak_simultaneous_threats": 0,
          "nominal_blocked": false
        },
        {
          "time": 18.16,
          "minimum_predicted_clearance_m": 2.4761295318603516,
          "closest_time_to_contact_seconds": null,
          "threatening_obstacle_count": 0,
          "close_approach_obstacle_count": 0,
          "peak_simultaneous_threats": 0,
          "nominal_blocked": false
        },
        {
          "time": 18.2,
          "minimum_predicted_clearance_m": 2.4761295318603516,
          "closest_time_to_contact_seconds": null,
          "threatening_obstacle_count": 0,
          "close_approach_obstacle_count": 0,
          "peak_simultaneous_threats": 0,
          "nominal_blocked": false
        },
        {
          "time": 18.240000000000002,
          "minimum_predicted_clearance_m": 2.4761295318603516,
          "closest_time_to_contact_seconds": null,
          "threatening_obstacle_count": 0,
          "close_approach_obstacle_count": 0,
          "peak_simultaneous_threats": 0,
          "nominal_blocked": false
        },
        {
          "time": 18.28,
          "minimum_predicted_clearance_m": 2.4761295318603516,
          "closest_time_to_contact_seconds": null,
          "threatening_obstacle_count": 0,
          "close_approach_obstacle_count": 0,
          "peak_simultaneous_threats": 0,
          "nominal_blocked": false
        },
        {
          "time": 18.32,
          "minimum_predicted_clearance_m": 2.4761295318603516,
          "closest_time_to_contact_seconds": null,
          "threatening_obstacle_count": 0,
          "close_approach_obstacle_count": 0,
          "peak_simultaneous_threats": 0,
          "nominal_blocked": false
        },
        {
          "time": 18.36,
          "minimum_predicted_clearance_m": 2.4761295318603516,
          "closest_time_to_contact_seconds": null,
          "threatening_obstacle_count": 0,
          "close_approach_obstacle_count": 0,
          "peak_simultaneous_threats": 0,
          "nominal_blocked": false
        },
        {
          "time": 18.400000000000002,
          "minimum_predicted_clearance_m": 2.4761295318603516,
          "closest_time_to_contact_seconds": null,
          "threatening_obstacle_count": 0,
          "close_approach_obstacle_count": 0,
          "peak_simultaneous_threats": 0,
          "nominal_blocked": false
        },
        {
          "time": 18.44,
          "minimum_predicted_clearance_m": 2.4761295318603516,
          "closest_time_to_contact_seconds": null,
          "threatening_obstacle_count": 0,
          "close_approach_obstacle_count": 0,
          "peak_simultaneous_threats": 0,
          "nominal_blocked": false
        },
        {
          "time": 18.48,
          "minimum_predicted_clearance_m": 2.4761295318603516,
          "closest_time_to_contact_seconds": null,
          "threatening_obstacle_count": 0,
          "close_approach_obstacle_count": 0,
          "peak_simultaneous_threats": 0,
          "nominal_blocked": false
        },
        {
          "time": 18.52,
          "minimum_predicted_clearance_m": 2.4761295318603516,
          "closest_time_to_contact_seconds": null,
          "threatening_obstacle_count": 0,
          "close_approach_obstacle_count": 0,
          "peak_simultaneous_threats": 0,
          "nominal_blocked": false
        },
        {
          "time": 18.56,
          "minimum_predicted_clearance_m": 2.4761295318603516,
          "closest_time_to_contact_seconds": null,
          "threatening_obstacle_count": 0,
          "close_approach_obstacle_count": 0,
          "peak_simultaneous_threats": 0,
          "nominal_blocked": false
        },
        {
          "time": 18.6,
          "minimum_predicted_clearance_m": 2.4761295318603516,
          "closest_time_to_contact_seconds": null,
          "threatening_obstacle_count": 0,
          "close_approach_obstacle_count": 0,
          "peak_simultaneous_threats": 0,
          "nominal_blocked": false
        },
        {
          "time": 18.64,
          "minimum_predicted_clearance_m": 2.4761295318603516,
          "closest_time_to_contact_seconds": null,
          "threatening_obstacle_count": 0,
          "close_approach_obstacle_count": 0,
          "peak_simultaneous_threats": 0,
          "nominal_blocked": false
        },
        {
          "time": 18.68,
          "minimum_predicted_clearance_m": 2.4761295318603516,
          "closest_time_to_contact_seconds": null,
          "threatening_obstacle_count": 0,
          "close_approach_obstacle_count": 0,
          "peak_simultaneous_threats": 0,
          "nominal_blocked": false
        },
        {
          "time": 18.72,
          "minimum_predicted_clearance_m": 2.4761295318603516,
          "closest_time_to_contact_seconds": null,
          "threatening_obstacle_count": 0,
          "close_approach_obstacle_count": 0,
          "peak_simultaneous_threats": 0,
          "nominal_blocked": false
        },
        {
          "time": 18.76,
          "minimum_predicted_clearance_m": 2.4761295318603516,
          "closest_time_to_contact_seconds": null,
          "threatening_obstacle_count": 0,
          "close_approach_obstacle_count": 0,
          "peak_simultaneous_threats": 0,
          "nominal_blocked": false
        },
        {
          "time": 18.8,
          "minimum_predicted_clearance_m": 2.4761295318603516,
          "closest_time_to_contact_seconds": null,
          "threatening_obstacle_count": 0,
          "close_approach_obstacle_count": 0,
          "peak_simultaneous_threats": 0,
          "nominal_blocked": false
        },
        {
          "time": 18.84,
          "minimum_predicted_clearance_m": 2.4761295318603516,
          "closest_time_to_contact_seconds": null,
          "threatening_obstacle_count": 0,
          "close_approach_obstacle_count": 0,
          "peak_simultaneous_threats": 0,
          "nominal_blocked": false
        },
        {
          "time": 18.88,
          "minimum_predicted_clearance_m": 2.4761295318603516,
          "closest_time_to_contact_seconds": null,
          "threatening_obstacle_count": 0,
          "close_approach_obstacle_count": 0,
          "peak_simultaneous_threats": 0,
          "nominal_blocked": false
        },
        {
          "time": 18.92,
          "minimum_predicted_clearance_m": 2.4761295318603516,
          "closest_time_to_contact_seconds": null,
          "threatening_obstacle_count": 0,
          "close_approach_obstacle_count": 0,
          "peak_simultaneous_threats": 0,
          "nominal_blocked": false
        },
        {
          "time": 18.96,
          "minimum_predicted_clearance_m": 2.4761295318603516,
          "closest_time_to_contact_seconds": null,
          "threatening_obstacle_count": 0,
          "close_approach_obstacle_count": 0,
          "peak_simultaneous_threats": 0,
          "nominal_blocked": false
        },
        {
          "time": 19.0,
          "minimum_predicted_clearance_m": 2.359102964401245,
          "closest_time_to_contact_seconds": null,
          "threatening_obstacle_count": 0,
          "close_approach_obstacle_count": 0,
          "peak_simultaneous_threats": 0,
          "nominal_blocked": false
        }
      ],
      "publications_and_inputs": [
        {
          "time": 0.0,
          "scheduled_wall_seconds": 0.0,
          "started_wall_seconds": 2.2309832274913788e-06,
          "completed_wall_seconds": 0.03824764583259821,
          "missed_deadline": false,
          "version_used": 460,
          "update_launched": true,
          "finite": true,
          "completed_version": 461,
          "controller_seconds": 0.012126516085118055,
          "learner_seconds": 0.021215419052168727,
          "learner_started_wall_seconds": 0.016809531953185797,
          "learner_completed_wall_seconds": 0.038024951005354524,
          "physical_clearance_m": 2.7102885648139146
        },
        {
          "time": 0.04,
          "scheduled_wall_seconds": 0.0400000000372529,
          "started_wall_seconds": 0.03832246386446059,
          "completed_wall_seconds": 0.07588459295220673,
          "missed_deadline": false,
          "version_used": 461,
          "update_launched": true,
          "finite": true,
          "completed_version": 462,
          "controller_seconds": 0.012206719955429435,
          "learner_seconds": 0.021199841983616352,
          "learner_started_wall_seconds": 0.05387082789093256,
          "learner_completed_wall_seconds": 0.07507066987454891,
          "physical_clearance_m": 2.70693544591743
        },
        {
          "time": 0.08,
          "scheduled_wall_seconds": 0.0800000000745058,
          "started_wall_seconds": 0.07609856897033751,
          "completed_wall_seconds": 0.11431836383417249,
          "missed_deadline": false,
          "version_used": 462,
          "update_launched": true,
          "finite": true,
          "completed_version": 463,
          "controller_seconds": 0.012446281965821981,
          "learner_seconds": 0.021340504987165332,
          "learner_started_wall_seconds": 0.09240266680717468,
          "learner_completed_wall_seconds": 0.11374317179434001,
          "physical_clearance_m": 2.703573028696361
        },
        {
          "time": 0.12,
          "scheduled_wall_seconds": 0.12000000011175871,
          "started_wall_seconds": 0.11440329300239682,
          "completed_wall_seconds": 0.15145132294856012,
          "missed_deadline": false,
          "version_used": 463,
          "update_launched": true,
          "finite": true,
          "completed_version": 464,
          "controller_seconds": 0.011878689983859658,
          "learner_seconds": 0.02104093786329031,
          "learner_started_wall_seconds": 0.13008353300392628,
          "learner_completed_wall_seconds": 0.1511244708672166,
          "physical_clearance_m": 2.700230877054515
        },
        {
          "time": 0.16,
          "scheduled_wall_seconds": 0.15999999991618097,
          "started_wall_seconds": 0.15152595681138337,
          "completed_wall_seconds": 0.18738398398272693,
          "missed_deadline": false,
          "version_used": 464,
          "update_launched": true,
          "finite": true,
          "completed_version": 465,
          "controller_seconds": 0.01156018185429275,
          "learner_seconds": 0.020773638039827347,
          "learner_started_wall_seconds": 0.16620145994238555,
          "learner_completed_wall_seconds": 0.1869750979822129,
          "physical_clearance_m": 2.6969409390814927
        },
        {
          "time": 0.2,
          "scheduled_wall_seconds": 0.19999999995343387,
          "started_wall_seconds": 0.18744094180874527,
          "completed_wall_seconds": 0.22313174791634083,
          "missed_deadline": false,
          "version_used": 465,
          "update_launched": true,
          "finite": true,
          "completed_version": 466,
          "controller_seconds": 0.011477535124868155,
          "learner_seconds": 0.020653907908126712,
          "learner_started_wall_seconds": 0.20195721997879446,
          "learner_completed_wall_seconds": 0.22261112788692117,
          "physical_clearance_m": 2.693734686029735
        },
        {
          "time": 0.24,
          "scheduled_wall_seconds": 0.23999999999068677,
          "started_wall_seconds": 0.2232557348906994,
          "completed_wall_seconds": 0.25910474080592394,
          "missed_deadline": false,
          "version_used": 466,
          "update_launched": true,
          "finite": true,
          "completed_version": 467,
          "controller_seconds": 0.011568762129172683,
          "learner_seconds": 0.020824990933761,
          "learner_started_wall_seconds": 0.23806014494039118,
          "learner_completed_wall_seconds": 0.2588851358741522,
          "physical_clearance_m": 2.690643112314525
        },
        {
          "time": 0.28,
          "scheduled_wall_seconds": 0.2800000000279397,
          "started_wall_seconds": 0.25915084895677865,
          "completed_wall_seconds": 0.29485256993211806,
          "missed_deadline": false,
          "version_used": 467,
          "update_launched": true,
          "finite": true,
          "completed_version": 468,
          "controller_seconds": 0.011244540102779865,
          "learner_seconds": 0.020830573979765177,
          "learner_started_wall_seconds": 0.27329188492149115,
          "learner_completed_wall_seconds": 0.2941224589012563,
          "physical_clearance_m": 2.6876981660254624
        },
        {
          "time": 0.32,
          "scheduled_wall_seconds": 0.3200000000651926,
          "started_wall_seconds": 0.29510329384356737,
          "completed_wall_seconds": 0.33196429489180446,
          "missed_deadline": false,
          "version_used": 468,
          "update_launched": true,
          "finite": true,
          "completed_version": 469,
          "controller_seconds": 0.01135202101431787,
          "learner_seconds": 0.020701680798083544,
          "learner_started_wall_seconds": 0.3104858039878309,
          "learner_completed_wall_seconds": 0.3311874847859144,
          "physical_clearance_m": 2.6849313184149888
        },
        {
          "time": 0.36,
          "scheduled_wall_seconds": 0.3600000001024455,
          "started_wall_seconds": 0.3320584399625659,
          "completed_wall_seconds": 0.36923252581618726,
          "missed_deadline": false,
          "version_used": 469,
          "update_launched": true,
          "finite": true,
          "completed_version": 470,
          "controller_seconds": 0.011515195947140455,
          "learner_seconds": 0.020953083178028464,
          "learner_started_wall_seconds": 0.3473780658096075,
          "learner_completed_wall_seconds": 0.36833114898763597,
          "physical_clearance_m": 2.6823738023169663
        },
        {
          "time": 0.4,
          "scheduled_wall_seconds": 0.39999999990686774,
          "started_wall_seconds": 0.369358898838982,
          "completed_wall_seconds": 0.406632742844522,
          "missed_deadline": false,
          "version_used": 470,
          "update_launched": true,
          "finite": true,
          "completed_version": 471,
          "controller_seconds": 0.011310275876894593,
          "learner_seconds": 0.02087391703389585,
          "learner_started_wall_seconds": 0.3846074459142983,
          "learner_completed_wall_seconds": 0.40548136294819415,
          "physical_clearance_m": 2.6800554200537827
        },
        {
          "time": 0.44,
          "scheduled_wall_seconds": 0.43999999994412065,
          "started_wall_seconds": 0.40685124788433313,
          "completed_wall_seconds": 0.44324625795707107,
          "missed_deadline": false,
          "version_used": 471,
          "update_launched": true,
          "finite": true,
          "completed_version": 472,
          "controller_seconds": 0.01130258897319436,
          "learner_seconds": 0.02073230897076428,
          "learner_started_wall_seconds": 0.42207337892614305,
          "learner_completed_wall_seconds": 0.44280568789690733,
          "physical_clearance_m": 2.678006212366405
        },
        {
          "time": 0.48,
          "scheduled_wall_seconds": 0.47999999998137355,
          "started_wall_seconds": 0.4434871089179069,
          "completed_wall_seconds": 0.4797148678917438,
          "missed_deadline": false,
          "version_used": 472,
          "update_launched": true,
          "finite": true,
          "completed_version": 473,
          "controller_seconds": 0.011301517020910978,
          "learner_seconds": 0.0207407099660486,
          "learner_started_wall_seconds": 0.4583760828245431,
          "learner_completed_wall_seconds": 0.4791167927905917,
          "physical_clearance_m": 2.6762543126471665
        },
        {
          "time": 0.52,
          "scheduled_wall_seconds": 0.5200000000186265,
          "started_wall_seconds": 0.4798439887817949,
          "completed_wall_seconds": 0.5163571438752115,
          "missed_deadline": false,
          "version_used": 473,
          "update_launched": true,
          "finite": true,
          "completed_version": 474,
          "controller_seconds": 0.011309548048302531,
          "learner_seconds": 0.020776014076545835,
          "learner_started_wall_seconds": 0.4950040008407086,
          "learner_completed_wall_seconds": 0.5157800149172544,
          "physical_clearance_m": 2.6748273774512437
        },
        {
          "time": 0.56,
          "scheduled_wall_seconds": 0.5600000000558794,
          "started_wall_seconds": 0.5165255048777908,
          "completed_wall_seconds": 0.5530835178215057,
          "missed_deadline": false,
          "version_used": 474,
          "update_launched": true,
          "finite": true,
          "completed_version": 475,
          "controller_seconds": 0.011316096875816584,
          "learner_seconds": 0.02070607990026474,
          "learner_started_wall_seconds": 0.5315778199583292,
          "learner_completed_wall_seconds": 0.5522838998585939,
          "physical_clearance_m": 2.6737509175666
        },
        {
          "time": 0.6,
          "scheduled_wall_seconds": 0.6000000000931323,
          "started_wall_seconds": 0.5532412419561297,
          "completed_wall_seconds": 0.5905919559299946,
          "missed_deadline": false,
          "version_used": 475,
          "update_launched": true,
          "finite": true,
          "completed_version": 476,
          "controller_seconds": 0.01127436594106257,
          "learner_seconds": 0.02077601198107004,
          "learner_started_wall_seconds": 0.5693294999655336,
          "learner_completed_wall_seconds": 0.5901055119466037,
          "physical_clearance_m": 2.673049251688304
        },
        {
          "time": 0.64,
          "scheduled_wall_seconds": 0.6399999998975545,
          "started_wall_seconds": 0.5907435328699648,
          "completed_wall_seconds": 0.6274460349231958,
          "missed_deadline": false,
          "version_used": 476,
          "update_launched": true,
          "finite": true,
          "completed_version": 477,
          "controller_seconds": 0.0112216139677912,
          "learner_seconds": 0.020705844974145293,
          "learner_started_wall_seconds": 0.60607152688317,
          "learner_completed_wall_seconds": 0.6267773718573153,
          "physical_clearance_m": 2.672744075907054
        },
        {
          "time": 0.68,
          "scheduled_wall_seconds": 0.6799999999348074,
          "started_wall_seconds": 0.6276519778184593,
          "completed_wall_seconds": 0.6641670379322022,
          "missed_deadline": false,
          "version_used": 477,
          "update_launched": true,
          "finite": true,
          "completed_version": 478,
          "controller_seconds": 0.011337266769260168,
          "learner_seconds": 0.020635528955608606,
          "learner_started_wall_seconds": 0.6429110369645059,
          "learner_completed_wall_seconds": 0.6635465659201145,
          "physical_clearance_m": 2.6727323933966782
        },
        {
          "time": 0.72,
          "scheduled_wall_seconds": 0.7199999999720603,
          "started_wall_seconds": 0.6643575958441943,
          "completed_wall_seconds": 0.701159548945725,
          "missed_deadline": false,
          "version_used": 478,
          "update_launched": true,
          "finite": true,
          "completed_version": 479,
          "controller_seconds": 0.011294799158349633,
          "learner_seconds": 0.02066316595301032,
          "learner_started_wall_seconds": 0.679343692958355,
          "learner_completed_wall_seconds": 0.7000068589113653,
          "physical_clearance_m": 2.6728568478949692
        },
        {
          "time": 0.76,
          "scheduled_wall_seconds": 0.7600000000093132,
          "started_wall_seconds": 0.7012734098825604,
          "completed_wall_seconds": 0.7380831828340888,
          "missed_deadline": false,
          "version_used": 479,
          "update_launched": true,
          "finite": true,
          "completed_version": 480,
          "controller_seconds": 0.011271412018686533,
          "learner_seconds": 0.020606425125151873,
          "learner_started_wall_seconds": 0.7167151728644967,
          "learner_completed_wall_seconds": 0.7373215979896486,
          "physical_clearance_m": 2.6734047337897446
        },
        {
          "time": 0.8,
          "scheduled_wall_seconds": 0.8000000000465661,
          "started_wall_seconds": 0.738281860947609,
          "completed_wall_seconds": 0.7755669909529388,
          "missed_deadline": false,
          "version_used": 480,
          "update_launched": true,
          "finite": true,
          "completed_version": 481,
          "controller_seconds": 0.011272531002759933,
          "learner_seconds": 0.02087593893520534,
          "learner_started_wall_seconds": 0.7538165799342096,
          "learner_completed_wall_seconds": 0.7746925188694149,
          "physical_clearance_m": 2.67440370763618
        },
        {
          "time": 0.84,
          "scheduled_wall_seconds": 0.840000000083819,
          "started_wall_seconds": 0.7758294639643282,
          "completed_wall_seconds": 0.8127775399480015,
          "missed_deadline": false,
          "version_used": 481,
          "update_launched": true,
          "finite": true,
          "completed_version": 482,
          "controller_seconds": 0.011327164014801383,
          "learner_seconds": 0.020681967958807945,
          "learner_started_wall_seconds": 0.7913257719483227,
          "learner_completed_wall_seconds": 0.8120077399071306,
          "physical_clearance_m": 2.6758675977118638
        },
        {
          "time": 0.88,
          "scheduled_wall_seconds": 0.8799999998882413,
          "started_wall_seconds": 0.8130324699450284,
          "completed_wall_seconds": 0.8495508029591292,
          "missed_deadline": false,
          "version_used": 482,
          "update_launched": true,
          "finite": true,
          "completed_version": 483,
          "controller_seconds": 0.011349169071763754,
          "learner_seconds": 0.020938589004799724,
          "learner_started_wall_seconds": 0.8276974349282682,
          "learner_completed_wall_seconds": 0.8486360239330679,
          "physical_clearance_m": 2.6778061791785386
        },
        {
          "time": 0.92,
          "scheduled_wall_seconds": 0.9199999999254942,
          "started_wall_seconds": 0.8498421257827431,
          "completed_wall_seconds": 0.8868671429809183,
          "missed_deadline": false,
          "version_used": 483,
          "update_launched": true,
          "finite": true,
          "completed_version": 484,
          "controller_seconds": 0.011364733101800084,
          "learner_seconds": 0.020652293926104903,
          "learner_started_wall_seconds": 0.8653313498944044,
          "learner_completed_wall_seconds": 0.8859836438205093,
          "physical_clearance_m": 2.6802282735236314
        },
        {
          "time": 0.96,
          "scheduled_wall_seconds": 0.9599999999627471,
          "started_wall_seconds": 0.8871653268579394,
          "completed_wall_seconds": 0.9241248730104417,
          "missed_deadline": false,
          "version_used": 484,
          "update_launched": true,
          "finite": true,
          "completed_version": 485,
          "controller_seconds": 0.011291604954749346,
          "learner_seconds": 0.020814568968489766,
          "learner_started_wall_seconds": 0.9027824138756841,
          "learner_completed_wall_seconds": 0.9235969828441739,
          "physical_clearance_m": 2.6831391259558823
        },
        {
          "time": 1.0,
          "scheduled_wall_seconds": 1.0,
          "started_wall_seconds": 0.9241833169944584,
          "completed_wall_seconds": 0.96202019485645,
          "missed_deadline": false,
          "version_used": 485,
          "update_launched": true,
          "finite": true,
          "completed_version": 486,
          "controller_seconds": 0.01180145307444036,
          "learner_seconds": 0.021224190946668386,
          "learner_started_wall_seconds": 0.9401343569625169,
          "learner_completed_wall_seconds": 0.9613585479091853,
          "physical_clearance_m": 2.6865408822425034
        },
        {
          "time": 1.04,
          "scheduled_wall_seconds": 1.040000000037253,
          "started_wall_seconds": 0.9621499618515372,
          "completed_wall_seconds": 1.000339814927429,
          "missed_deadline": false,
          "version_used": 486,
          "update_launched": true,
          "finite": true,
          "completed_version": 487,
          "controller_seconds": 0.011990340892225504,
          "learner_seconds": 0.021242610877379775,
          "learner_started_wall_seconds": 0.9784087769221514,
          "learner_completed_wall_seconds": 0.9996513877995312,
          "physical_clearance_m": 2.6904330655463364
        },
        {
          "time": 1.08,
          "scheduled_wall_seconds": 1.0800000000745058,
          "started_wall_seconds": 1.0005785268731415,
          "completed_wall_seconds": 1.0386709698941559,
          "missed_deadline": false,
          "version_used": 487,
          "update_launched": true,
          "finite": true,
          "completed_version": 488,
          "controller_seconds": 0.012059820117428899,
          "learner_seconds": 0.021046919049695134,
          "learner_started_wall_seconds": 1.0166983199305832,
          "learner_completed_wall_seconds": 1.0377452389802784,
          "physical_clearance_m": 2.6948130532630112
        },
        {
          "time": 1.12,
          "scheduled_wall_seconds": 1.1200000001117587,
          "started_wall_seconds": 1.038857566891238,
          "completed_wall_seconds": 1.0767072699964046,
          "missed_deadline": false,
          "version_used": 488,
          "update_launched": true,
          "finite": true,
          "completed_version": 489,
          "controller_seconds": 0.011682034935802221,
          "learner_seconds": 0.02076570992358029,
          "learner_started_wall_seconds": 1.055138876894489,
          "learner_completed_wall_seconds": 1.0759045868180692,
          "physical_clearance_m": 2.699674169672313
        },
        {
          "time": 1.16,
          "scheduled_wall_seconds": 1.159999999916181,
          "started_wall_seconds": 1.076974097872153,
          "completed_wall_seconds": 1.1148817029315978,
          "missed_deadline": false,
          "version_used": 489,
          "update_launched": true,
          "finite": true,
          "completed_version": 490,
          "controller_seconds": 0.011549446964636445,
          "learner_seconds": 0.021079269936308265,
          "learner_started_wall_seconds": 1.0927956418599933,
          "learner_completed_wall_seconds": 1.1138749117963016,
          "physical_clearance_m": 2.705007593286815
        },
        {
          "time": 1.2,
          "scheduled_wall_seconds": 1.1999999999534339,
          "started_wall_seconds": 1.115091001847759,
          "completed_wall_seconds": 1.1534479488618672,
          "missed_deadline": false,
          "version_used": 490,
          "update_launched": true,
          "finite": true,
          "completed_version": 491,
          "controller_seconds": 0.012272411026060581,
          "learner_seconds": 0.02123593306168914,
          "learner_started_wall_seconds": 1.1313192879315466,
          "learner_completed_wall_seconds": 1.1525552209932357,
          "physical_clearance_m": 2.710801641596141
        },
        {
          "time": 1.24,
          "scheduled_wall_seconds": 1.2399999999906868,
          "started_wall_seconds": 1.153718528803438,
          "completed_wall_seconds": 1.1918388509657234,
          "missed_deadline": false,
          "version_used": 491,
          "update_launched": true,
          "finite": true,
          "completed_version": 492,
          "controller_seconds": 0.011714447056874633,
          "learner_seconds": 0.02097186795435846,
          "learner_started_wall_seconds": 1.1698031139094383,
          "learner_completed_wall_seconds": 1.1907749818637967,
          "physical_clearance_m": 2.717041294229808
        },
        {
          "time": 1.28,
          "scheduled_wall_seconds": 1.2800000000279397,
          "started_wall_seconds": 1.192051624879241,
          "completed_wall_seconds": 1.2295557258185,
          "missed_deadline": false,
          "version_used": 492,
          "update_launched": true,
          "finite": true,
          "completed_version": 493,
          "controller_seconds": 0.011396476998925209,
          "learner_seconds": 0.02087269094772637,
          "learner_started_wall_seconds": 1.2077073908876628,
          "learner_completed_wall_seconds": 1.2285800818353891,
          "physical_clearance_m": 2.723710100305858
        },
        {
          "time": 1.32,
          "scheduled_wall_seconds": 1.3200000000651926,
          "started_wall_seconds": 1.2297870449256152,
          "completed_wall_seconds": 1.2661087848246098,
          "missed_deadline": false,
          "version_used": 493,
          "update_launched": true,
          "finite": true,
          "completed_version": 494,
          "controller_seconds": 0.011316620977595448,
          "learner_seconds": 0.020630916114896536,
          "learner_started_wall_seconds": 1.244880573824048,
          "learner_completed_wall_seconds": 1.2655114899389446,
          "physical_clearance_m": 2.730787555826488
        },
        {
          "time": 1.36,
          "scheduled_wall_seconds": 1.3600000001024455,
          "started_wall_seconds": 1.26630406989716,
          "completed_wall_seconds": 1.3035083848517388,
          "missed_deadline": false,
          "version_used": 494,
          "update_launched": true,
          "finite": true,
          "completed_version": 495,
          "controller_seconds": 0.011323700891807675,
          "learner_seconds": 0.020834581926465034,
          "learner_started_wall_seconds": 1.281450676964596,
          "learner_completed_wall_seconds": 1.302285258891061,
          "physical_clearance_m": 2.7382522031195786
        },
        {
          "time": 1.4000000000000001,
          "scheduled_wall_seconds": 1.3999999999068677,
          "started_wall_seconds": 1.3037813368719071,
          "completed_wall_seconds": 1.340387276839465,
          "missed_deadline": false,
          "version_used": 495,
          "update_launched": true,
          "finite": true,
          "completed_version": 496,
          "controller_seconds": 0.011301765916869044,
          "learner_seconds": 0.02068878896534443,
          "learner_started_wall_seconds": 1.3189635139424354,
          "learner_completed_wall_seconds": 1.3396523029077798,
          "physical_clearance_m": 2.746079246652904
        },
        {
          "time": 1.44,
          "scheduled_wall_seconds": 1.4399999999441206,
          "started_wall_seconds": 1.3406111889053136,
          "completed_wall_seconds": 1.3774902739096433,
          "missed_deadline": false,
          "version_used": 496,
          "update_launched": true,
          "finite": true,
          "completed_version": 497,
          "controller_seconds": 0.011306670028716326,
          "learner_seconds": 0.02088947407901287,
          "learner_started_wall_seconds": 1.3559826707933098,
          "learner_completed_wall_seconds": 1.3768721448723227,
          "physical_clearance_m": 2.754241983545604
        },
        {
          "time": 1.48,
          "scheduled_wall_seconds": 1.4799999999813735,
          "started_wall_seconds": 1.3777812339831144,
          "completed_wall_seconds": 1.4145708070136607,
          "missed_deadline": false,
          "version_used": 497,
          "update_launched": true,
          "finite": true,
          "completed_version": 498,
          "controller_seconds": 0.011294862953945994,
          "learner_seconds": 0.02071865601465106,
          "learner_started_wall_seconds": 1.3930050779599696,
          "learner_completed_wall_seconds": 1.4137237339746207,
          "physical_clearance_m": 2.762712041986766
        },
        {
          "time": 1.52,
          "scheduled_wall_seconds": 1.5200000000186265,
          "started_wall_seconds": 1.4147518267855048,
          "completed_wall_seconds": 1.4523811559192836,
          "missed_deadline": false,
          "version_used": 498,
          "update_launched": true,
          "finite": true,
          "completed_version": 499,
          "controller_seconds": 0.011254726210609078,
          "learner_seconds": 0.020666925003752112,
          "learner_started_wall_seconds": 1.431217721896246,
          "learner_completed_wall_seconds": 1.4518846468999982,
          "physical_clearance_m": 2.771458904398265
        },
        {
          "time": 1.56,
          "scheduled_wall_seconds": 1.5600000000558794,
          "started_wall_seconds": 1.4525779269170016,
          "completed_wall_seconds": 1.4894461107905954,
          "missed_deadline": false,
          "version_used": 499,
          "update_launched": true,
          "finite": true,
          "completed_version": 500,
          "controller_seconds": 0.01136764301918447,
          "learner_seconds": 0.020907659083604813,
          "learner_started_wall_seconds": 1.4677261929027736,
          "learner_completed_wall_seconds": 1.4886338519863784,
          "physical_clearance_m": 2.7804508611090806
        },
        {
          "time": 1.6,
          "scheduled_wall_seconds": 1.6000000000931323,
          "started_wall_seconds": 1.4896760559640825,
          "completed_wall_seconds": 1.5262374368030578,
          "missed_deadline": false,
          "version_used": 500,
          "update_launched": true,
          "finite": true,
          "completed_version": 501,
          "controller_seconds": 0.011285000946372747,
          "learner_seconds": 0.020717187086120248,
          "learner_started_wall_seconds": 1.5045552528463304,
          "learner_completed_wall_seconds": 1.5252724399324507,
          "physical_clearance_m": 2.78965405668098
        },
        {
          "time": 1.6400000000000001,
          "scheduled_wall_seconds": 1.6399999998975545,
          "started_wall_seconds": 1.5264684818685055,
          "completed_wall_seconds": 1.5635436698794365,
          "missed_deadline": false,
          "version_used": 501,
          "update_launched": true,
          "finite": true,
          "completed_version": 502,
          "controller_seconds": 0.011355018941685557,
          "learner_seconds": 0.02081789495423436,
          "learner_started_wall_seconds": 1.5417686318978667,
          "learner_completed_wall_seconds": 1.562586526852101,
          "physical_clearance_m": 2.7990339204199937
        },
        {
          "time": 1.68,
          "scheduled_wall_seconds": 1.6799999999348074,
          "started_wall_seconds": 1.5636933587957174,
          "completed_wall_seconds": 1.6009036200121045,
          "missed_deadline": false,
          "version_used": 502,
          "update_launched": true,
          "finite": true,
          "completed_version": 503,
          "controller_seconds": 0.01140584098175168,
          "learner_seconds": 0.02081022714264691,
          "learner_started_wall_seconds": 1.5793451517820358,
          "learner_completed_wall_seconds": 1.6001553789246827,
          "physical_clearance_m": 2.8085546895392564
        },
        {
          "time": 1.72,
          "scheduled_wall_seconds": 1.7199999999720603,
          "started_wall_seconds": 1.6011843970045447,
          "completed_wall_seconds": 1.6375823309645057,
          "missed_deadline": false,
          "version_used": 503,
          "update_launched": true,
          "finite": true,
          "completed_version": 504,
          "controller_seconds": 0.011357301147654653,
          "learner_seconds": 0.02068821690045297,
          "learner_started_wall_seconds": 1.6162692869547755,
          "learner_completed_wall_seconds": 1.6369575038552284,
          "physical_clearance_m": 2.8181798859961655
        },
        {
          "time": 1.76,
          "scheduled_wall_seconds": 1.7600000000093132,
          "started_wall_seconds": 1.6377560859546065,
          "completed_wall_seconds": 1.6742174639366567,
          "missed_deadline": false,
          "version_used": 504,
          "update_launched": true,
          "finite": true,
          "completed_version": 505,
          "controller_seconds": 0.011351690161973238,
          "learner_seconds": 0.020588502986356616,
          "learner_started_wall_seconds": 1.652991582872346,
          "learner_completed_wall_seconds": 1.6735800858587027,
          "physical_clearance_m": 2.8278723164923814
        },
        {
          "time": 1.8,
          "scheduled_wall_seconds": 1.8000000000465661,
          "started_wall_seconds": 1.6744657349772751,
          "completed_wall_seconds": 1.7114567270036787,
          "missed_deadline": false,
          "version_used": 505,
          "update_launched": true,
          "finite": true,
          "completed_version": 506,
          "controller_seconds": 0.01135587994940579,
          "learner_seconds": 0.020747381960973144,
          "learner_started_wall_seconds": 1.6898362578358501,
          "learner_completed_wall_seconds": 1.7105836397968233,
          "physical_clearance_m": 2.825249569496218
        },
        {
          "time": 1.84,
          "scheduled_wall_seconds": 1.840000000083819,
          "started_wall_seconds": 1.7117277949582785,
          "completed_wall_seconds": 1.7493017499800771,
          "missed_deadline": false,
          "version_used": 506,
          "update_launched": true,
          "finite": true,
          "completed_version": 507,
          "controller_seconds": 0.011293594958260655,
          "learner_seconds": 0.02075297199189663,
          "learner_started_wall_seconds": 1.7276663798838854,
          "learner_completed_wall_seconds": 1.748419351875782,
          "physical_clearance_m": 2.815305368980471
        },
        {
          "time": 1.8800000000000001,
          "scheduled_wall_seconds": 1.8799999998882413,
          "started_wall_seconds": 1.7495041398797184,
          "completed_wall_seconds": 1.7861869509797543,
          "missed_deadline": false,
          "version_used": 507,
          "update_launched": true,
          "finite": true,
          "completed_version": 508,
          "controller_seconds": 0.011311075882986188,
          "learner_seconds": 0.02069537411443889,
          "learner_started_wall_seconds": 1.7646500777918845,
          "learner_completed_wall_seconds": 1.7853454519063234,
          "physical_clearance_m": 2.8053926397171653
        },
        {
          "time": 1.92,
          "scheduled_wall_seconds": 1.9199999999254942,
          "started_wall_seconds": 1.786461221985519,
          "completed_wall_seconds": 1.8234053167980164,
          "missed_deadline": false,
          "version_used": 508,
          "update_launched": true,
          "finite": true,
          "completed_version": 509,
          "controller_seconds": 0.011298059951514006,
          "learner_seconds": 0.020678783068433404,
          "learner_started_wall_seconds": 1.8018451498355716,
          "learner_completed_wall_seconds": 1.822523932904005,
          "physical_clearance_m": 2.79554881342322
        },
        {
          "time": 1.96,
          "scheduled_wall_seconds": 1.959999999962747,
          "started_wall_seconds": 1.8236365478951484,
          "completed_wall_seconds": 1.8601234729867429,
          "missed_deadline": false,
          "version_used": 509,
          "update_launched": true,
          "finite": true,
          "completed_version": 510,
          "controller_seconds": 0.011292733019217849,
          "learner_seconds": 0.020629019010812044,
          "learner_started_wall_seconds": 1.8386187579017133,
          "learner_completed_wall_seconds": 1.8592477769125253,
          "physical_clearance_m": 2.785810844978396
        },
        {
          "time": 2.0,
          "scheduled_wall_seconds": 2.0,
          "started_wall_seconds": 1.860326535999775,
          "completed_wall_seconds": 1.897230110829696,
          "missed_deadline": false,
          "version_used": 510,
          "update_launched": true,
          "finite": true,
          "completed_version": 511,
          "controller_seconds": 0.011343485908582807,
          "learner_seconds": 0.020792779978364706,
          "learner_started_wall_seconds": 1.8756687608547509,
          "learner_completed_wall_seconds": 1.8964615408331156,
          "physical_clearance_m": 2.7762135434952415
        },
        {
          "time": 2.04,
          "scheduled_wall_seconds": 2.040000000037253,
          "started_wall_seconds": 1.8973935479298234,
          "completed_wall_seconds": 1.9335544819477946,
          "missed_deadline": false,
          "version_used": 511,
          "update_launched": true,
          "finite": true,
          "completed_version": 512,
          "controller_seconds": 0.01134650711901486,
          "learner_seconds": 0.02052098303101957,
          "learner_started_wall_seconds": 1.912444942863658,
          "learner_completed_wall_seconds": 1.9329659258946776,
          "physical_clearance_m": 2.766789572319094
        },
        {
          "time": 2.08,
          "scheduled_wall_seconds": 2.080000000074506,
          "started_wall_seconds": 1.9338388228788972,
          "completed_wall_seconds": 1.9704788899980485,
          "missed_deadline": false,
          "version_used": 512,
          "update_launched": true,
          "finite": true,
          "completed_version": 513,
          "controller_seconds": 0.011322100181132555,
          "learner_seconds": 0.020599997136741877,
          "learner_started_wall_seconds": 1.949012806871906,
          "learner_completed_wall_seconds": 1.9696128040086478,
          "physical_clearance_m": 2.757570402702395
        },
        {
          "time": 2.12,
          "scheduled_wall_seconds": 2.1200000001117587,
          "started_wall_seconds": 1.9707907298579812,
          "completed_wall_seconds": 2.0079649148974568,
          "missed_deadline": false,
          "version_used": 513,
          "update_launched": true,
          "finite": true,
          "completed_version": 514,
          "controller_seconds": 0.011251594871282578,
          "learner_seconds": 0.020634193904697895,
          "learner_started_wall_seconds": 1.9864810099825263,
          "learner_completed_wall_seconds": 2.007115203887224,
          "physical_clearance_m": 2.748584644874636
        },
        {
          "time": 2.16,
          "scheduled_wall_seconds": 2.159999999916181,
          "started_wall_seconds": 2.0081754899583757,
          "completed_wall_seconds": 2.04542452795431,
          "missed_deadline": false,
          "version_used": 514,
          "update_launched": true,
          "finite": true,
          "completed_version": 515,
          "controller_seconds": 0.011329005006700754,
          "learner_seconds": 0.020661419024690986,
          "learner_started_wall_seconds": 2.0240057948976755,
          "learner_completed_wall_seconds": 2.0446672139223665,
          "physical_clearance_m": 2.739858763298098
        },
        {
          "time": 2.2,
          "scheduled_wall_seconds": 2.199999999953434,
          "started_wall_seconds": 2.0456742679234594,
          "completed_wall_seconds": 2.0817744019441307,
          "missed_deadline": false,
          "version_used": 515,
          "update_launched": true,
          "finite": true,
          "completed_version": 516,
          "controller_seconds": 0.011293110903352499,
          "learner_seconds": 0.020600116113200784,
          "learner_started_wall_seconds": 2.0606742908712476,
          "learner_completed_wall_seconds": 2.0812744069844484,
          "physical_clearance_m": 2.7314165998306907
        },
        {
          "time": 2.24,
          "scheduled_wall_seconds": 2.2399999999906868,
          "started_wall_seconds": 2.08195771696046,
          "completed_wall_seconds": 2.118321399902925,
          "missed_deadline": false,
          "version_used": 516,
          "update_launched": true,
          "finite": true,
          "completed_version": 517,
          "controller_seconds": 0.01130010117776692,
          "learner_seconds": 0.020695515908300877,
          "learner_started_wall_seconds": 2.096859287004918,
          "learner_completed_wall_seconds": 2.1175548029132187,
          "physical_clearance_m": 2.7232798505631126
        },
        {
          "time": 2.2800000000000002,
          "scheduled_wall_seconds": 2.2800000000279397,
          "started_wall_seconds": 2.1185827658046037,
          "completed_wall_seconds": 2.1552168659400195,
          "missed_deadline": false,
          "version_used": 517,
          "update_launched": true,
          "finite": true,
          "completed_version": 518,
          "controller_seconds": 0.011364974081516266,
          "learner_seconds": 0.02074471116065979,
          "learner_started_wall_seconds": 2.133724186802283,
          "learner_completed_wall_seconds": 2.1544688979629427,
          "physical_clearance_m": 2.715465920051638
        },
        {
          "time": 2.32,
          "scheduled_wall_seconds": 2.3200000000651926,
          "started_wall_seconds": 2.1554936948232353,
          "completed_wall_seconds": 2.19251970294863,
          "missed_deadline": false,
          "version_used": 518,
          "update_launched": true,
          "finite": true,
          "completed_version": 519,
          "controller_seconds": 0.011321262922137976,
          "learner_seconds": 0.020700969034805894,
          "learner_started_wall_seconds": 2.1711852308362722,
          "learner_completed_wall_seconds": 2.191886199871078,
          "physical_clearance_m": 2.707991497596804
        },
        {
          "time": 2.36,
          "scheduled_wall_seconds": 2.3600000001024455,
          "started_wall_seconds": 2.1927308328449726,
          "completed_wall_seconds": 2.229129500919953,
          "missed_deadline": false,
          "version_used": 519,
          "update_launched": true,
          "finite": true,
          "completed_version": 520,
          "controller_seconds": 0.011331547051668167,
          "learner_seconds": 0.02076804800890386,
          "learner_started_wall_seconds": 2.2078364070039243,
          "learner_completed_wall_seconds": 2.228604455012828,
          "physical_clearance_m": 2.700868742546145
        },
        {
          "time": 2.4,
          "scheduled_wall_seconds": 2.3999999999068677,
          "started_wall_seconds": 2.2292894409038126,
          "completed_wall_seconds": 2.2653280249796808,
          "missed_deadline": false,
          "version_used": 520,
          "update_launched": true,
          "finite": true,
          "completed_version": 521,
          "controller_seconds": 0.011403050040826201,
          "learner_seconds": 0.020617212168872356,
          "learner_started_wall_seconds": 2.244087465805933,
          "learner_completed_wall_seconds": 2.2647046779748052,
          "physical_clearance_m": 2.694107906898562
        },
        {
          "time": 2.44,
          "scheduled_wall_seconds": 2.4399999999441206,
          "started_wall_seconds": 2.265634204959497,
          "completed_wall_seconds": 2.3020075999666005,
          "missed_deadline": false,
          "version_used": 521,
          "update_launched": true,
          "finite": true,
          "completed_version": 522,
          "controller_seconds": 0.011349873850122094,
          "learner_seconds": 0.02059105201624334,
          "learner_started_wall_seconds": 2.2807203428819776,
          "learner_completed_wall_seconds": 2.301311394898221,
          "physical_clearance_m": 2.6877154279556907
        },
        {
          "time": 2.48,
          "scheduled_wall_seconds": 2.4799999999813735,
          "started_wall_seconds": 2.3022364468779415,
          "completed_wall_seconds": 2.3383186529390514,
          "missed_deadline": false,
          "version_used": 522,
          "update_launched": true,
          "finite": true,
          "completed_version": 523,
          "controller_seconds": 0.011320478050038218,
          "learner_seconds": 0.020678617991507053,
          "learner_started_wall_seconds": 2.3173092037905008,
          "learner_completed_wall_seconds": 2.337987821782008,
          "physical_clearance_m": 2.6816960740891136
        },
        {
          "time": 2.52,
          "scheduled_wall_seconds": 2.5200000000186265,
          "started_wall_seconds": 2.3384798548649997,
          "completed_wall_seconds": 2.3756372479256243,
          "missed_deadline": false,
          "version_used": 523,
          "update_launched": true,
          "finite": true,
          "completed_version": 524,
          "controller_seconds": 0.011358373099938035,
          "learner_seconds": 0.02079693879932165,
          "learner_started_wall_seconds": 2.3539534769952297,
          "learner_completed_wall_seconds": 2.3747504157945514,
          "physical_clearance_m": 2.676051037391726
        },
        {
          "time": 2.56,
          "scheduled_wall_seconds": 2.5600000000558794,
          "started_wall_seconds": 2.375873033888638,
          "completed_wall_seconds": 2.412674511782825,
          "missed_deadline": false,
          "version_used": 524,
          "update_launched": true,
          "finite": true,
          "completed_version": 525,
          "controller_seconds": 0.011309708002954721,
          "learner_seconds": 0.020624035969376564,
          "learner_started_wall_seconds": 2.3910976578481495,
          "learner_completed_wall_seconds": 2.411721693817526,
          "physical_clearance_m": 2.6707793641892112
        },
        {
          "time": 2.6,
          "scheduled_wall_seconds": 2.6000000000931323,
          "started_wall_seconds": 2.412960576824844,
          "completed_wall_seconds": 2.450019783806056,
          "missed_deadline": false,
          "version_used": 525,
          "update_launched": true,
          "finite": true,
          "completed_version": 526,
          "controller_seconds": 0.01132458308711648,
          "learner_seconds": 0.02076950785703957,
          "learner_started_wall_seconds": 2.428596094949171,
          "learner_completed_wall_seconds": 2.4493656028062105,
          "physical_clearance_m": 2.665877239784304
        },
        {
          "time": 2.64,
          "scheduled_wall_seconds": 2.6399999998975545,
          "started_wall_seconds": 2.4502682429738343,
          "completed_wall_seconds": 2.487168274819851,
          "missed_deadline": false,
          "version_used": 526,
          "update_launched": true,
          "finite": true,
          "completed_version": 527,
          "controller_seconds": 0.01131461001932621,
          "learner_seconds": 0.020763917826116085,
          "learner_started_wall_seconds": 2.4656285219825804,
          "learner_completed_wall_seconds": 2.4863924398086965,
          "physical_clearance_m": 2.6613384652939476
        },
        {
          "time": 2.68,
          "scheduled_wall_seconds": 2.6799999999348074,
          "started_wall_seconds": 2.4874015408568084,
          "completed_wall_seconds": 2.5237275089602917,
          "missed_deadline": false,
          "version_used": 527,
          "update_launched": true,
          "finite": true,
          "completed_version": 528,
          "controller_seconds": 0.011314471950754523,
          "learner_seconds": 0.0205993321724236,
          "learner_started_wall_seconds": 2.5024250608403236,
          "learner_completed_wall_seconds": 2.523024393012747,
          "physical_clearance_m": 2.6571549344864525
        },
        {
          "time": 2.72,
          "scheduled_wall_seconds": 2.7199999999720603,
          "started_wall_seconds": 2.523997429991141,
          "completed_wall_seconds": 2.561041194945574,
          "missed_deadline": false,
          "version_used": 528,
          "update_launched": true,
          "finite": true,
          "completed_version": 529,
          "controller_seconds": 0.01122277695685625,
          "learner_seconds": 0.020670215133577585,
          "learner_started_wall_seconds": 2.539722174871713,
          "learner_completed_wall_seconds": 2.5603923900052905,
          "physical_clearance_m": 2.6533166337814964
        },
        {
          "time": 2.7600000000000002,
          "scheduled_wall_seconds": 2.7600000000093132,
          "started_wall_seconds": 2.5612819029483944,
          "completed_wall_seconds": 2.5981611609458923,
          "missed_deadline": false,
          "version_used": 529,
          "update_launched": true,
          "finite": true,
          "completed_version": 530,
          "controller_seconds": 0.011322201928123832,
          "learner_seconds": 0.020855882903560996,
          "learner_started_wall_seconds": 2.576520087895915,
          "learner_completed_wall_seconds": 2.597375970799476,
          "physical_clearance_m": 2.6498114038315452
        },
        {
          "time": 2.8000000000000003,
          "scheduled_wall_seconds": 2.800000000046566,
          "started_wall_seconds": 2.598486321978271,
          "completed_wall_seconds": 2.635338354855776,
          "missed_deadline": false,
          "version_used": 530,
          "update_launched": true,
          "finite": true,
          "completed_version": 531,
          "controller_seconds": 0.011356211034581065,
          "learner_seconds": 0.02074260707013309,
          "learner_started_wall_seconds": 2.613813249859959,
          "learner_completed_wall_seconds": 2.634555856930092,
          "physical_clearance_m": 2.6466261316147484
        },
        {
          "time": 2.84,
          "scheduled_wall_seconds": 2.840000000083819,
          "started_wall_seconds": 2.635538550792262,
          "completed_wall_seconds": 2.6720421239733696,
          "missed_deadline": false,
          "version_used": 531,
          "update_launched": true,
          "finite": true,
          "completed_version": 532,
          "controller_seconds": 0.011311766924336553,
          "learner_seconds": 0.02063449891284108,
          "learner_started_wall_seconds": 2.6508357590064406,
          "learner_completed_wall_seconds": 2.6714702579192817,
          "physical_clearance_m": 2.6437457967606224
        },
        {
          "time": 2.88,
          "scheduled_wall_seconds": 2.8799999998882413,
          "started_wall_seconds": 2.6723273829557,
          "completed_wall_seconds": 2.7084902098868042,
          "missed_deadline": false,
          "version_used": 532,
          "update_launched": true,
          "finite": true,
          "completed_version": 533,
          "controller_seconds": 0.011264544911682606,
          "learner_seconds": 0.020696153864264488,
          "learner_started_wall_seconds": 2.6869611649308354,
          "learner_completed_wall_seconds": 2.7076573187951,
          "physical_clearance_m": 2.6411546636429466
        },
        {
          "time": 2.92,
          "scheduled_wall_seconds": 2.919999999925494,
          "started_wall_seconds": 2.708732589846477,
          "completed_wall_seconds": 2.745283708907664,
          "missed_deadline": false,
          "version_used": 533,
          "update_launched": true,
          "finite": true,
          "completed_version": 534,
          "controller_seconds": 0.011319303186610341,
          "learner_seconds": 0.02069184393621981,
          "learner_started_wall_seconds": 2.7238560009282082,
          "learner_completed_wall_seconds": 2.744547844864428,
          "physical_clearance_m": 2.638836519798342
        },
        {
          "time": 2.96,
          "scheduled_wall_seconds": 2.959999999962747,
          "started_wall_seconds": 2.745447573950514,
          "completed_wall_seconds": 2.7816928059328347,
          "missed_deadline": false,
          "version_used": 534,
          "update_launched": true,
          "finite": true,
          "completed_version": 535,
          "controller_seconds": 0.011320161866024137,
          "learner_seconds": 0.020692941965535283,
          "learner_started_wall_seconds": 2.7604012868832797,
          "learner_completed_wall_seconds": 2.781094228848815,
          "physical_clearance_m": 2.6367741990891136
        },
        {
          "time": 3.0,
          "scheduled_wall_seconds": 3.0,
          "started_wall_seconds": 2.7819398678839207,
          "completed_wall_seconds": 2.81778976181522,
          "missed_deadline": false,
          "version_used": 535,
          "update_launched": true,
          "finite": true,
          "completed_version": 536,
          "controller_seconds": 0.01135624898597598,
          "learner_seconds": 0.020579179981723428,
          "learner_started_wall_seconds": 2.7965574208647013,
          "learner_completed_wall_seconds": 2.8171366008464247,
          "physical_clearance_m": 2.634394304832522
        },
        {
          "time": 3.04,
          "scheduled_wall_seconds": 3.040000000037253,
          "started_wall_seconds": 2.8180267449934036,
          "completed_wall_seconds": 2.8534921258687973,
          "missed_deadline": false,
          "version_used": 536,
          "update_launched": true,
          "finite": true,
          "completed_version": 537,
          "controller_seconds": 0.011271263938397169,
          "learner_seconds": 0.02065380197018385,
          "learner_started_wall_seconds": 2.83229571999982,
          "learner_completed_wall_seconds": 2.852949521970004,
          "physical_clearance_m": 2.631533520301882
        },
        {
          "time": 3.08,
          "scheduled_wall_seconds": 3.080000000074506,
          "started_wall_seconds": 2.853732267860323,
          "completed_wall_seconds": 2.8896099948324263,
          "missed_deadline": false,
          "version_used": 537,
          "update_launched": true,
          "finite": true,
          "completed_version": 538,
          "controller_seconds": 0.011338981799781322,
          "learner_seconds": 0.020626731915399432,
          "learner_started_wall_seconds": 2.8684067199938,
          "learner_completed_wall_seconds": 2.8890334519091994,
          "physical_clearance_m": 2.62824620493323
        },
        {
          "time": 3.12,
          "scheduled_wall_seconds": 3.1200000001117587,
          "started_wall_seconds": 2.889858709881082,
          "completed_wall_seconds": 2.9262586389668286,
          "missed_deadline": false,
          "version_used": 538,
          "update_launched": true,
          "finite": true,
          "completed_version": 539,
          "controller_seconds": 0.011339697055518627,
          "learner_seconds": 0.020781476981937885,
          "learner_started_wall_seconds": 2.9048455329611897,
          "learner_completed_wall_seconds": 2.9256270099431276,
          "physical_clearance_m": 2.6246096063461937
        },
        {
          "time": 3.16,
          "scheduled_wall_seconds": 3.159999999916181,
          "started_wall_seconds": 2.9263755548745394,
          "completed_wall_seconds": 2.9626063008327037,
          "missed_deadline": false,
          "version_used": 539,
          "update_launched": true,
          "finite": true,
          "completed_version": 540,
          "controller_seconds": 0.011425197822973132,
          "learner_seconds": 0.02077748393639922,
          "learner_started_wall_seconds": 2.9413323409389704,
          "learner_completed_wall_seconds": 2.9621098248753697,
          "physical_clearance_m": 2.6207140851822532
        },
        {
          "time": 3.2,
          "scheduled_wall_seconds": 3.199999999953434,
          "started_wall_seconds": 2.962772676954046,
          "completed_wall_seconds": 2.9991304997820407,
          "missed_deadline": false,
          "version_used": 540,
          "update_launched": true,
          "finite": true,
          "completed_version": 541,
          "controller_seconds": 0.01126215304248035,
          "learner_seconds": 0.020648185163736343,
          "learner_started_wall_seconds": 2.97757187881507,
          "learner_completed_wall_seconds": 2.998220063978806,
          "physical_clearance_m": 2.616656916221682
        },
        {
          "time": 3.24,
          "scheduled_wall_seconds": 3.2399999999906868,
          "started_wall_seconds": 2.999335426837206,
          "completed_wall_seconds": 3.035802459809929,
          "missed_deadline": false,
          "version_used": 541,
          "update_launched": true,
          "finite": true,
          "completed_version": 542,
          "controller_seconds": 0.011305941035971045,
          "learner_seconds": 0.02065811795182526,
          "learner_started_wall_seconds": 3.014294308843091,
          "learner_completed_wall_seconds": 3.0349524267949164,
          "physical_clearance_m": 2.612537520011965
        },
        {
          "time": 3.2800000000000002,
          "scheduled_wall_seconds": 3.2800000000279397,
          "started_wall_seconds": 3.0359545489773154,
          "completed_wall_seconds": 3.0734922429546714,
          "missed_deadline": false,
          "version_used": 542,
          "update_launched": true,
          "finite": true,
          "completed_version": 543,
          "controller_seconds": 0.011304737068712711,
          "learner_seconds": 0.020852097077295184,
          "learner_started_wall_seconds": 3.0516666339244694,
          "learner_completed_wall_seconds": 3.0725187310017645,
          "physical_clearance_m": 2.608452932914797
        },
        {
          "time": 3.3200000000000003,
          "scheduled_wall_seconds": 3.3200000000651926,
          "started_wall_seconds": 3.073785861954093,
          "completed_wall_seconds": 3.111071660881862,
          "missed_deadline": false,
          "version_used": 543,
          "update_launched": true,
          "finite": true,
          "completed_version": 544,
          "controller_seconds": 0.011246616952121258,
          "learner_seconds": 0.020707153948023915,
          "learner_started_wall_seconds": 3.089380474993959,
          "learner_completed_wall_seconds": 3.110087628941983,
          "physical_clearance_m": 2.6044916082230247
        },
        {
          "time": 3.36,
          "scheduled_wall_seconds": 3.3600000001024455,
          "started_wall_seconds": 3.1114316768944263,
          "completed_wall_seconds": 3.148897758917883,
          "missed_deadline": false,
          "version_used": 544,
          "update_launched": true,
          "finite": true,
          "completed_version": 545,
          "controller_seconds": 0.011296131880953908,
          "learner_seconds": 0.020788416964933276,
          "learner_started_wall_seconds": 3.127257901011035,
          "learner_completed_wall_seconds": 3.148046317975968,
          "physical_clearance_m": 2.600736038765017
        },
        {
          "time": 3.4,
          "scheduled_wall_seconds": 3.3999999999068677,
          "started_wall_seconds": 3.1491227447986603,
          "completed_wall_seconds": 3.1867652309592813,
          "missed_deadline": false,
          "version_used": 545,
          "update_launched": true,
          "finite": true,
          "completed_version": 546,
          "controller_seconds": 0.01129841897636652,
          "learner_seconds": 0.02060063206590712,
          "learner_started_wall_seconds": 3.165506142890081,
          "learner_completed_wall_seconds": 3.186106774955988,
          "physical_clearance_m": 2.597256796440188
        },
        {
          "time": 3.44,
          "scheduled_wall_seconds": 3.4399999999441206,
          "started_wall_seconds": 3.1870247737970203,
          "completed_wall_seconds": 3.223671590909362,
          "missed_deadline": false,
          "version_used": 546,
          "update_launched": true,
          "finite": true,
          "completed_version": 547,
          "controller_seconds": 0.011342847952619195,
          "learner_seconds": 0.020700535038486123,
          "learner_started_wall_seconds": 3.202198834856972,
          "learner_completed_wall_seconds": 3.222899369895458,
          "physical_clearance_m": 2.594114439567629
        },
        {
          "time": 3.48,
          "scheduled_wall_seconds": 3.4799999999813735,
          "started_wall_seconds": 3.2239195129368454,
          "completed_wall_seconds": 3.2601821029093117,
          "missed_deadline": false,
          "version_used": 547,
          "update_launched": true,
          "finite": true,
          "completed_version": 548,
          "controller_seconds": 0.01131398999132216,
          "learner_seconds": 0.020671811187639832,
          "learner_started_wall_seconds": 3.238695810781792,
          "learner_completed_wall_seconds": 3.2593676219694316,
          "physical_clearance_m": 2.591358082374636
        },
        {
          "time": 3.52,
          "scheduled_wall_seconds": 3.5200000000186265,
          "started_wall_seconds": 3.2604540628381073,
          "completed_wall_seconds": 3.2968099548015743,
          "missed_deadline": false,
          "version_used": 548,
          "update_launched": true,
          "finite": true,
          "completed_version": 549,
          "controller_seconds": 0.011308605782687664,
          "learner_seconds": 0.02068147691898048,
          "learner_started_wall_seconds": 3.2755940319038928,
          "learner_completed_wall_seconds": 3.2962755088228732,
          "physical_clearance_m": 2.58902706392676
        },
        {
          "time": 3.56,
          "scheduled_wall_seconds": 3.5600000000558794,
          "started_wall_seconds": 3.2971195578575134,
          "completed_wall_seconds": 3.3336549459490925,
          "missed_deadline": false,
          "version_used": 549,
          "update_launched": true,
          "finite": true,
          "completed_version": 550,
          "controller_seconds": 0.011282518040388823,
          "learner_seconds": 0.02054596203379333,
          "learner_started_wall_seconds": 3.312285950873047,
          "learner_completed_wall_seconds": 3.3328319129068404,
          "physical_clearance_m": 2.5871497560349144
        },
        {
          "time": 3.6,
          "scheduled_wall_seconds": 3.6000000000931323,
          "started_wall_seconds": 3.3338591589126736,
          "completed_wall_seconds": 3.3702995858620852,
          "missed_deadline": false,
          "version_used": 550,
          "update_launched": true,
          "finite": true,
          "completed_version": 551,
          "controller_seconds": 0.011324060847982764,
          "learner_seconds": 0.020592860179021955,
          "learner_started_wall_seconds": 3.349018264794722,
          "learner_completed_wall_seconds": 3.369611124973744,
          "physical_clearance_m": 2.5857459474411644
        },
        {
          "time": 3.64,
          "scheduled_wall_seconds": 3.6399999998975545,
          "started_wall_seconds": 3.3705516748595983,
          "completed_wall_seconds": 3.408156615914777,
          "missed_deadline": false,
          "version_used": 551,
          "update_launched": true,
          "finite": true,
          "completed_version": 552,
          "controller_seconds": 0.011318824021145701,
          "learner_seconds": 0.02081789798103273,
          "learner_started_wall_seconds": 3.386674102861434,
          "learner_completed_wall_seconds": 3.407492000842467,
          "physical_clearance_m": 2.584827559074465
        },
        {
          "time": 3.68,
          "scheduled_wall_seconds": 3.6799999999348074,
          "started_wall_seconds": 3.4083235778380185,
          "completed_wall_seconds": 3.4452998409979045,
          "missed_deadline": false,
          "version_used": 552,
          "update_launched": true,
          "finite": true,
          "completed_version": 553,
          "controller_seconds": 0.011303826933726668,
          "learner_seconds": 0.02077326108701527,
          "learner_started_wall_seconds": 3.423606824828312,
          "learner_completed_wall_seconds": 3.444380085915327,
          "physical_clearance_m": 2.584400312980715
        },
        {
          "time": 3.72,
          "scheduled_wall_seconds": 3.7199999999720603,
          "started_wall_seconds": 3.445621752878651,
          "completed_wall_seconds": 3.482589177787304,
          "missed_deadline": false,
          "version_used": 553,
          "update_launched": true,
          "finite": true,
          "completed_version": 554,
          "controller_seconds": 0.01130022807046771,
          "learner_seconds": 0.020640644012019038,
          "learner_started_wall_seconds": 3.461120690917596,
          "learner_completed_wall_seconds": 3.4817613349296153,
          "physical_clearance_m": 2.5843707490769066
        },
        {
          "time": 3.7600000000000002,
          "scheduled_wall_seconds": 3.7600000000093132,
          "started_wall_seconds": 3.4828415839001536,
          "completed_wall_seconds": 3.5207071870099753,
          "missed_deadline": false,
          "version_used": 554,
          "update_launched": true,
          "finite": true,
          "completed_version": 555,
          "controller_seconds": 0.011524064932018518,
          "learner_seconds": 0.020919073140248656,
          "learner_started_wall_seconds": 3.499056198867038,
          "learner_completed_wall_seconds": 3.5199752720072865,
          "physical_clearance_m": 2.584463255485598
        },
        {
          "time": 3.8000000000000003,
          "scheduled_wall_seconds": 3.800000000046566,
          "started_wall_seconds": 3.520996982930228,
          "completed_wall_seconds": 3.5576375569216907,
          "missed_deadline": false,
          "version_used": 555,
          "update_launched": true,
          "finite": true,
          "completed_version": 556,
          "controller_seconds": 0.011246611131355166,
          "learner_seconds": 0.020697528962045908,
          "learner_started_wall_seconds": 3.536360038910061,
          "learner_completed_wall_seconds": 3.557057567872107,
          "physical_clearance_m": 2.585010664543215
        },
        {
          "time": 3.84,
          "scheduled_wall_seconds": 3.840000000083819,
          "started_wall_seconds": 3.5579087629448622,
          "completed_wall_seconds": 3.594231959898025,
          "missed_deadline": false,
          "version_used": 556,
          "update_launched": true,
          "finite": true,
          "completed_version": 557,
          "controller_seconds": 0.0112900969106704,
          "learner_seconds": 0.020788630936294794,
          "learner_started_wall_seconds": 3.5728917089290917,
          "learner_completed_wall_seconds": 3.5936803398653865,
          "physical_clearance_m": 2.5860332418289818
        },
        {
          "time": 3.88,
          "scheduled_wall_seconds": 3.8799999998882413,
          "started_wall_seconds": 3.594475526828319,
          "completed_wall_seconds": 3.630559492856264,
          "missed_deadline": false,
          "version_used": 557,
          "update_launched": true,
          "finite": true,
          "completed_version": 558,
          "controller_seconds": 0.011262282030656934,
          "learner_seconds": 0.020601511001586914,
          "learner_started_wall_seconds": 3.6092159477993846,
          "learner_completed_wall_seconds": 3.6298174588009715,
          "physical_clearance_m": 2.5875188279953636
        },
        {
          "time": 3.92,
          "scheduled_wall_seconds": 3.919999999925494,
          "started_wall_seconds": 3.6308038670103997,
          "completed_wall_seconds": 3.667248487006873,
          "missed_deadline": false,
          "version_used": 558,
          "update_launched": true,
          "finite": true,
          "completed_version": 559,
          "controller_seconds": 0.011261474108323455,
          "learner_seconds": 0.020741239888593554,
          "learner_started_wall_seconds": 3.6458129140082747,
          "learner_completed_wall_seconds": 3.6665541538968682,
          "physical_clearance_m": 2.5894531179276146
        },
        {
          "time": 3.96,
          "scheduled_wall_seconds": 3.959999999962747,
          "started_wall_seconds": 3.6673562359064817,
          "completed_wall_seconds": 3.7031958817970008,
          "missed_deadline": false,
          "version_used": 559,
          "update_launched": true,
          "finite": true,
          "completed_version": 560,
          "controller_seconds": 0.011198188876733184,
          "learner_seconds": 0.020667631877586246,
          "learner_started_wall_seconds": 3.681977387983352,
          "learner_completed_wall_seconds": 3.702645019860938,
          "physical_clearance_m": 2.591820137580935
        },
        {
          "time": 4.0,
          "scheduled_wall_seconds": 4.0,
          "started_wall_seconds": 3.7034371700137854,
          "completed_wall_seconds": 3.7392098628915846,
          "missed_deadline": false,
          "version_used": 560,
          "update_launched": true,
          "finite": true,
          "completed_version": 561,
          "controller_seconds": 0.011274229967966676,
          "learner_seconds": 0.020576135022565722,
          "learner_started_wall_seconds": 3.718228871934116,
          "learner_completed_wall_seconds": 3.7388050069566816,
          "physical_clearance_m": 2.5946031976547874
        },
        {
          "time": 4.04,
          "scheduled_wall_seconds": 4.040000000037253,
          "started_wall_seconds": 3.739513985812664,
          "completed_wall_seconds": 3.7762273917905986,
          "missed_deadline": false,
          "version_used": 561,
          "update_launched": true,
          "finite": true,
          "completed_version": 562,
          "controller_seconds": 0.011226913193240762,
          "learner_seconds": 0.02084660716354847,
          "learner_started_wall_seconds": 3.754657450830564,
          "learner_completed_wall_seconds": 3.7755040579941124,
          "physical_clearance_m": 2.597785132011477
        },
        {
          "time": 4.08,
          "scheduled_wall_seconds": 4.080000000074506,
          "started_wall_seconds": 3.776496735867113,
          "completed_wall_seconds": 3.813244985882193,
          "missed_deadline": false,
          "version_used": 562,
          "update_launched": true,
          "finite": true,
          "completed_version": 563,
          "controller_seconds": 0.011228849878534675,
          "learner_seconds": 0.020759666105732322,
          "learner_started_wall_seconds": 3.791730749886483,
          "learner_completed_wall_seconds": 3.8124904159922153,
          "physical_clearance_m": 2.601349251350466
        },
        {
          "time": 4.12,
          "scheduled_wall_seconds": 4.120000000111759,
          "started_wall_seconds": 3.813509149942547,
          "completed_wall_seconds": 3.8504473788198084,
          "missed_deadline": false,
          "version_used": 563,
          "update_launched": true,
          "finite": true,
          "completed_version": 564,
          "controller_seconds": 0.011262254090979695,
          "learner_seconds": 0.020646706921979785,
          "learner_started_wall_seconds": 3.8291979739442468,
          "learner_completed_wall_seconds": 3.8498446808662266,
          "physical_clearance_m": 2.605278627952639
        },
        {
          "time": 4.16,
          "scheduled_wall_seconds": 4.159999999916181,
          "started_wall_seconds": 3.8506978589575738,
          "completed_wall_seconds": 3.8871313189156353,
          "missed_deadline": false,
          "version_used": 564,
          "update_launched": true,
          "finite": true,
          "completed_version": 565,
          "controller_seconds": 0.01120719499886036,
          "learner_seconds": 0.020594558212906122,
          "learner_started_wall_seconds": 3.865979219786823,
          "learner_completed_wall_seconds": 3.886573777999729,
          "physical_clearance_m": 2.6095587182846702
        },
        {
          "time": 4.2,
          "scheduled_wall_seconds": 4.199999999953434,
          "started_wall_seconds": 3.8873245138674974,
          "completed_wall_seconds": 3.9237986479420215,
          "missed_deadline": false,
          "version_used": 565,
          "update_launched": true,
          "finite": true,
          "completed_version": 566,
          "controller_seconds": 0.011253200005739927,
          "learner_seconds": 0.020565764978528023,
          "learner_started_wall_seconds": 3.902491930872202,
          "learner_completed_wall_seconds": 3.92305769585073,
          "physical_clearance_m": 2.6141745019760765
        },
        {
          "time": 4.24,
          "scheduled_wall_seconds": 4.239999999990687,
          "started_wall_seconds": 3.9239790588617325,
          "completed_wall_seconds": 3.9601111309602857,
          "missed_deadline": false,
          "version_used": 566,
          "update_launched": true,
          "finite": true,
          "completed_version": 567,
          "controller_seconds": 0.011311548994854093,
          "learner_seconds": 0.020671796053647995,
          "learner_started_wall_seconds": 3.9390158348251134,
          "learner_completed_wall_seconds": 3.9596876308787614,
          "physical_clearance_m": 2.6191133428421653
        },
        {
          "time": 4.28,
          "scheduled_wall_seconds": 4.28000000002794,
          "started_wall_seconds": 3.96023136889562,
          "completed_wall_seconds": 3.996031048009172,
          "missed_deadline": false,
          "version_used": 567,
          "update_launched": true,
          "finite": true,
          "completed_version": 568,
          "controller_seconds": 0.011323242913931608,
          "learner_seconds": 0.020580619806423783,
          "learner_started_wall_seconds": 3.9746713109780103,
          "learner_completed_wall_seconds": 3.995251930784434,
          "physical_clearance_m": 2.62436379679114
        },
        {
          "time": 4.32,
          "scheduled_wall_seconds": 4.320000000065193,
          "started_wall_seconds": 3.9961613467894495,
          "completed_wall_seconds": 4.031815258786082,
          "missed_deadline": false,
          "version_used": 568,
          "update_launched": true,
          "finite": true,
          "completed_version": 569,
          "controller_seconds": 0.011259434977546334,
          "learner_seconds": 0.020872178953140974,
          "learner_started_wall_seconds": 4.010329667944461,
          "learner_completed_wall_seconds": 4.031201846897602,
          "physical_clearance_m": 2.62991537340552
        },
        {
          "time": 4.36,
          "scheduled_wall_seconds": 4.3600000001024455,
          "started_wall_seconds": 4.0319806737825274,
          "completed_wall_seconds": 4.067910973913968,
          "missed_deadline": false,
          "version_used": 569,
          "update_launched": true,
          "finite": true,
          "completed_version": 570,
          "controller_seconds": 0.011552821146324277,
          "learner_seconds": 0.02090753591619432,
          "learner_started_wall_seconds": 4.046439308905974,
          "learner_completed_wall_seconds": 4.067346844822168,
          "physical_clearance_m": 2.6357594896164573
        },
        {
          "time": 4.4,
          "scheduled_wall_seconds": 4.399999999906868,
          "started_wall_seconds": 4.068089461885393,
          "completed_wall_seconds": 4.1038732449524105,
          "missed_deadline": false,
          "version_used": 570,
          "update_launched": true,
          "finite": true,
          "completed_version": 571,
          "controller_seconds": 0.011423118179664016,
          "learner_seconds": 0.020783245097845793,
          "learner_started_wall_seconds": 4.082385403802618,
          "learner_completed_wall_seconds": 4.103168648900464,
          "physical_clearance_m": 2.6418889928665794
        },
        {
          "time": 4.44,
          "scheduled_wall_seconds": 4.439999999944121,
          "started_wall_seconds": 4.104093213798478,
          "completed_wall_seconds": 4.1401136049535125,
          "missed_deadline": false,
          "version_used": 571,
          "update_launched": true,
          "finite": true,
          "completed_version": 572,
          "controller_seconds": 0.01140671712346375,
          "learner_seconds": 0.0206809570081532,
          "learner_started_wall_seconds": 4.118880171794444,
          "learner_completed_wall_seconds": 4.1395611288025975,
          "physical_clearance_m": 2.6482976842728294
        },
        {
          "time": 4.48,
          "scheduled_wall_seconds": 4.4799999999813735,
          "started_wall_seconds": 4.140284982975572,
          "completed_wall_seconds": 4.1783087679650635,
          "missed_deadline": false,
          "version_used": 572,
          "update_launched": true,
          "finite": true,
          "completed_version": 573,
          "controller_seconds": 0.011347716907039285,
          "learner_seconds": 0.022123001981526613,
          "learner_started_wall_seconds": 4.155121180927381,
          "learner_completed_wall_seconds": 4.1772441829089075,
          "physical_clearance_m": 2.654980318626467
        },
        {
          "time": 4.5200000000000005,
          "scheduled_wall_seconds": 4.5200000000186265,
          "started_wall_seconds": 4.178759406786412,
          "completed_wall_seconds": 4.217905897879973,
          "missed_deadline": false,
          "version_used": 573,
          "update_launched": true,
          "finite": true,
          "completed_version": 574,
          "controller_seconds": 0.011486556148156524,
          "learner_seconds": 0.02264743484556675,
          "learner_started_wall_seconds": 4.19417329900898,
          "learner_completed_wall_seconds": 4.216820733854547,
          "physical_clearance_m": 2.6619321275559105
        },
        {
          "time": 4.5600000000000005,
          "scheduled_wall_seconds": 4.560000000055879,
          "started_wall_seconds": 4.218137017916888,
          "completed_wall_seconds": 4.255083927884698,
          "missed_deadline": false,
          "version_used": 574,
          "update_launched": true,
          "finite": true,
          "completed_version": 575,
          "controller_seconds": 0.011298477882519364,
          "learner_seconds": 0.020869476022198796,
          "learner_started_wall_seconds": 4.233256256906316,
          "learner_completed_wall_seconds": 4.2541257329285145,
          "physical_clearance_m": 2.6691488195267357
        },
        {
          "time": 4.6000000000000005,
          "scheduled_wall_seconds": 4.600000000093132,
          "started_wall_seconds": 4.255224659806117,
          "completed_wall_seconds": 4.292287553893402,
          "missed_deadline": false,
          "version_used": 575,
          "update_launched": true,
          "finite": true,
          "completed_version": 576,
          "controller_seconds": 0.011320659192278981,
          "learner_seconds": 0.020975020015612245,
          "learner_started_wall_seconds": 4.270549493841827,
          "learner_completed_wall_seconds": 4.291524513857439,
          "physical_clearance_m": 2.669581215036693
        },
        {
          "time": 4.64,
          "scheduled_wall_seconds": 4.6399999998975545,
          "started_wall_seconds": 4.292491520987824,
          "completed_wall_seconds": 4.329134366009384,
          "missed_deadline": false,
          "version_used": 576,
          "update_launched": true,
          "finite": true,
          "completed_version": 577,
          "controller_seconds": 0.011263507883995771,
          "learner_seconds": 0.020912278909236193,
          "learner_started_wall_seconds": 4.30731821898371,
          "learner_completed_wall_seconds": 4.328230497892946,
          "physical_clearance_m": 2.6680591508277085
        },
        {
          "time": 4.68,
          "scheduled_wall_seconds": 4.679999999934807,
          "started_wall_seconds": 4.329325404949486,
          "completed_wall_seconds": 4.3656685329042375,
          "missed_deadline": false,
          "version_used": 577,
          "update_launched": true,
          "finite": true,
          "completed_version": 578,
          "controller_seconds": 0.011268150061368942,
          "learner_seconds": 0.020773682044818997,
          "learner_started_wall_seconds": 4.3439462969545275,
          "learner_completed_wall_seconds": 4.3647199789993465,
          "physical_clearance_m": 2.6668754025824692
        },
        {
          "time": 4.72,
          "scheduled_wall_seconds": 4.71999999997206,
          "started_wall_seconds": 4.365961427800357,
          "completed_wall_seconds": 4.402355043916032,
          "missed_deadline": false,
          "version_used": 578,
          "update_launched": true,
          "finite": true,
          "completed_version": 579,
          "controller_seconds": 0.011356049915775657,
          "learner_seconds": 0.020732487784698606,
          "learner_started_wall_seconds": 4.380933234002441,
          "learner_completed_wall_seconds": 4.40166572178714,
          "physical_clearance_m": 2.6660352155097153
        },
        {
          "time": 4.76,
          "scheduled_wall_seconds": 4.760000000009313,
          "started_wall_seconds": 4.40251449495554,
          "completed_wall_seconds": 4.438740095822141,
          "missed_deadline": false,
          "version_used": 579,
          "update_launched": true,
          "finite": true,
          "completed_version": 580,
          "controller_seconds": 0.011336592957377434,
          "learner_seconds": 0.020807168912142515,
          "learner_started_wall_seconds": 4.4171265659388155,
          "learner_completed_wall_seconds": 4.437933734850958,
          "physical_clearance_m": 2.665541927469554
        },
        {
          "time": 4.8,
          "scheduled_wall_seconds": 4.800000000046566,
          "started_wall_seconds": 4.4388944648671895,
          "completed_wall_seconds": 4.475038613891229,
          "missed_deadline": false,
          "version_used": 580,
          "update_launched": true,
          "finite": true,
          "completed_version": 581,
          "controller_seconds": 0.01129987696185708,
          "learner_seconds": 0.02076935488730669,
          "learner_started_wall_seconds": 4.453541229013354,
          "learner_completed_wall_seconds": 4.47431058390066,
          "physical_clearance_m": 2.6653948232062485
        },
        {
          "time": 4.84,
          "scheduled_wall_seconds": 4.840000000083819,
          "started_wall_seconds": 4.475184961920604,
          "completed_wall_seconds": 4.5108011609409004,
          "missed_deadline": false,
          "version_used": 581,
          "update_launched": true,
          "finite": true,
          "completed_version": 582,
          "controller_seconds": 0.011392863932996988,
          "learner_seconds": 0.020801806822419167,
          "learner_started_wall_seconds": 4.489676147000864,
          "learner_completed_wall_seconds": 4.510477953823283,
          "physical_clearance_m": 2.6653976842291978
        },
        {
          "time": 4.88,
          "scheduled_wall_seconds": 4.879999999888241,
          "started_wall_seconds": 4.510916902916506,
          "completed_wall_seconds": 4.547329765977338,
          "missed_deadline": false,
          "version_used": 582,
          "update_launched": true,
          "finite": true,
          "completed_version": 583,
          "controller_seconds": 0.011348706902936101,
          "learner_seconds": 0.02084587188437581,
          "learner_started_wall_seconds": 4.525797551963478,
          "learner_completed_wall_seconds": 4.546643423847854,
          "physical_clearance_m": 2.665600340021434
        },
        {
          "time": 4.92,
          "scheduled_wall_seconds": 4.919999999925494,
          "started_wall_seconds": 4.547399605857208,
          "completed_wall_seconds": 4.58340181899257,
          "missed_deadline": false,
          "version_used": 583,
          "update_launched": true,
          "finite": true,
          "completed_version": 584,
          "controller_seconds": 0.011303004110231996,
          "learner_seconds": 0.020834315801039338,
          "learner_started_wall_seconds": 4.562128924997523,
          "learner_completed_wall_seconds": 4.582963240798563,
          "physical_clearance_m": 2.6661463185675767
        },
        {
          "time": 4.96,
          "scheduled_wall_seconds": 4.959999999962747,
          "started_wall_seconds": 4.5835133558139205,
          "completed_wall_seconds": 4.619500601897016,
          "missed_deadline": false,
          "version_used": 584,
          "update_launched": true,
          "finite": true,
          "completed_version": 585,
          "controller_seconds": 0.011292883893474936,
          "learner_seconds": 0.020929665071889758,
          "learner_started_wall_seconds": 4.597964652813971,
          "learner_completed_wall_seconds": 4.618894317885861,
          "physical_clearance_m": 2.6670289441474107
        },
        {
          "time": 5.0,
          "scheduled_wall_seconds": 5.0,
          "started_wall_seconds": 4.61970694293268,
          "completed_wall_seconds": 4.655902610858902,
          "missed_deadline": false,
          "version_used": 585,
          "update_launched": true,
          "finite": true,
          "completed_version": 586,
          "controller_seconds": 0.011377637041732669,
          "learner_seconds": 0.020903980126604438,
          "learner_started_wall_seconds": 4.634379346854985,
          "learner_completed_wall_seconds": 4.655283326981589,
          "physical_clearance_m": 2.6682382031806138
        },
        {
          "time": 5.04,
          "scheduled_wall_seconds": 5.040000000037253,
          "started_wall_seconds": 4.656047713011503,
          "completed_wall_seconds": 4.69239493785426,
          "missed_deadline": false,
          "version_used": 586,
          "update_launched": true,
          "finite": true,
          "completed_version": 587,
          "controller_seconds": 0.011328888824209571,
          "learner_seconds": 0.020830712048336864,
          "learner_started_wall_seconds": 4.671064070891589,
          "learner_completed_wall_seconds": 4.691894782939926,
          "physical_clearance_m": 2.669761936319652
        },
        {
          "time": 5.08,
          "scheduled_wall_seconds": 5.080000000074506,
          "started_wall_seconds": 4.692588323960081,
          "completed_wall_seconds": 4.729137672809884,
          "missed_deadline": false,
          "version_used": 587,
          "update_launched": true,
          "finite": true,
          "completed_version": 588,
          "controller_seconds": 0.011301444144919515,
          "learner_seconds": 0.020754900062456727,
          "learner_started_wall_seconds": 4.7077078118454665,
          "learner_completed_wall_seconds": 4.728462711907923,
          "physical_clearance_m": 2.6715846463568833
        },
        {
          "time": 5.12,
          "scheduled_wall_seconds": 5.120000000111759,
          "started_wall_seconds": 4.729286156827584,
          "completed_wall_seconds": 4.766287264879793,
          "missed_deadline": false,
          "version_used": 588,
          "update_launched": true,
          "finite": true,
          "completed_version": 589,
          "controller_seconds": 0.011317258002236485,
          "learner_seconds": 0.020940744085237384,
          "learner_started_wall_seconds": 4.744629012886435,
          "learner_completed_wall_seconds": 4.765569756971672,
          "physical_clearance_m": 2.6736889287360337
        },
        {
          "time": 5.16,
          "scheduled_wall_seconds": 5.159999999916181,
          "started_wall_seconds": 4.7665874268859625,
          "completed_wall_seconds": 4.8027573397848755,
          "missed_deadline": false,
          "version_used": 589,
          "update_launched": true,
          "finite": true,
          "completed_version": 590,
          "controller_seconds": 0.01136062596924603,
          "learner_seconds": 0.020749866031110287,
          "learner_started_wall_seconds": 4.781354256905615,
          "learner_completed_wall_seconds": 4.802104122936726,
          "physical_clearance_m": 2.676053325784984
        },
        {
          "time": 5.2,
          "scheduled_wall_seconds": 5.199999999953434,
          "started_wall_seconds": 4.802857655799016,
          "completed_wall_seconds": 4.838938087923452,
          "missed_deadline": false,
          "version_used": 590,
          "update_launched": true,
          "finite": true,
          "completed_version": 591,
          "controller_seconds": 0.011348742991685867,
          "learner_seconds": 0.02074853889644146,
          "learner_started_wall_seconds": 4.81773437699303,
          "learner_completed_wall_seconds": 4.838482915889472,
          "physical_clearance_m": 2.6786556645758774
        },
        {
          "time": 5.24,
          "scheduled_wall_seconds": 5.239999999990687,
          "started_wall_seconds": 4.839049850823358,
          "completed_wall_seconds": 4.875284592853859,
          "missed_deadline": false,
          "version_used": 591,
          "update_launched": true,
          "finite": true,
          "completed_version": 592,
          "controller_seconds": 0.011291187023743987,
          "learner_seconds": 0.020767650101333857,
          "learner_started_wall_seconds": 4.853979587787762,
          "learner_completed_wall_seconds": 4.874747237889096,
          "physical_clearance_m": 2.681471626413646
        },
        {
          "time": 5.28,
          "scheduled_wall_seconds": 5.28000000002794,
          "started_wall_seconds": 4.875393352936953,
          "completed_wall_seconds": 4.9121298647951335,
          "missed_deadline": false,
          "version_used": 592,
          "update_launched": true,
          "finite": true,
          "completed_version": 593,
          "controller_seconds": 0.01143701490946114,
          "learner_seconds": 0.020801453851163387,
          "learner_started_wall_seconds": 4.890561118954793,
          "learner_completed_wall_seconds": 4.911362572805956,
          "physical_clearance_m": 2.684473793161693
        },
        {
          "time": 5.32,
          "scheduled_wall_seconds": 5.320000000065193,
          "started_wall_seconds": 4.912332916865125,
          "completed_wall_seconds": 4.948268737876788,
          "missed_deadline": false,
          "version_used": 593,
          "update_launched": true,
          "finite": true,
          "completed_version": 594,
          "controller_seconds": 0.011255200952291489,
          "learner_seconds": 0.020578528055921197,
          "learner_started_wall_seconds": 4.927259262884036,
          "learner_completed_wall_seconds": 4.947837790939957,
          "physical_clearance_m": 2.6876345082648423
        },
        {
          "time": 5.36,
          "scheduled_wall_seconds": 5.3600000001024455,
          "started_wall_seconds": 4.9484593528322875,
          "completed_wall_seconds": 4.985048606991768,
          "missed_deadline": false,
          "version_used": 594,
          "update_launched": true,
          "finite": true,
          "completed_version": 595,
          "controller_seconds": 0.011356732808053493,
          "learner_seconds": 0.020825487095862627,
          "learner_started_wall_seconds": 4.963487689848989,
          "learner_completed_wall_seconds": 4.984313176944852,
          "physical_clearance_m": 2.690924923075023
        },
        {
          "time": 5.4,
          "scheduled_wall_seconds": 5.399999999906868,
          "started_wall_seconds": 4.985235753003508,
          "completed_wall_seconds": 5.021718467818573,
          "missed_deadline": false,
          "version_used": 595,
          "update_launched": true,
          "finite": true,
          "completed_version": 596,
          "controller_seconds": 0.011245739879086614,
          "learner_seconds": 0.020818243036046624,
          "learner_started_wall_seconds": 5.000396917806938,
          "learner_completed_wall_seconds": 5.021215160842985,
          "physical_clearance_m": 2.694315235269847
        },
        {
          "time": 5.44,
          "scheduled_wall_seconds": 5.439999999944121,
          "started_wall_seconds": 5.021894505945966,
          "completed_wall_seconds": 5.058350744890049,
          "missed_deadline": false,
          "version_used": 596,
          "update_launched": true,
          "finite": true,
          "completed_version": 597,
          "controller_seconds": 0.011310358066111803,
          "learner_seconds": 0.02079503401182592,
          "learner_started_wall_seconds": 5.036989285843447,
          "learner_completed_wall_seconds": 5.057784319855273,
          "physical_clearance_m": 2.69777492727119
        },
        {
          "time": 5.48,
          "scheduled_wall_seconds": 5.4799999999813735,
          "started_wall_seconds": 5.058568725828081,
          "completed_wall_seconds": 5.095208845799789,
          "missed_deadline": false,
          "version_used": 597,
          "update_launched": true,
          "finite": true,
          "completed_version": 598,
          "controller_seconds": 0.011431496124714613,
          "learner_seconds": 0.02092550788074732,
          "learner_started_wall_seconds": 5.073585479985923,
          "learner_completed_wall_seconds": 5.09451098786667,
          "physical_clearance_m": 2.7012734815009263
        },
        {
          "time": 5.5200000000000005,
          "scheduled_wall_seconds": 5.5200000000186265,
          "started_wall_seconds": 5.0953831928782165,
          "completed_wall_seconds": 5.1324337548576295,
          "missed_deadline": false,
          "version_used": 598,
          "update_launched": true,
          "finite": true,
          "completed_version": 599,
          "controller_seconds": 0.011387120001018047,
          "learner_seconds": 0.020861986093223095,
          "learner_started_wall_seconds": 5.1105912728235126,
          "learner_completed_wall_seconds": 5.131453258916736,
          "physical_clearance_m": 2.7047808572180894
        },
        {
          "time": 5.5600000000000005,
          "scheduled_wall_seconds": 5.560000000055879,
          "started_wall_seconds": 5.1327478107996285,
          "completed_wall_seconds": 5.169972543837503,
          "missed_deadline": false,
          "version_used": 599,
          "update_launched": true,
          "finite": true,
          "completed_version": 600,
          "controller_seconds": 0.011523469118401408,
          "learner_seconds": 0.020751836011186242,
          "learner_started_wall_seconds": 5.148841970833018,
          "learner_completed_wall_seconds": 5.169593806844205,
          "physical_clearance_m": 2.708266536844554
        },
        {
          "time": 5.6000000000000005,
          "scheduled_wall_seconds": 5.600000000093132,
          "started_wall_seconds": 5.170224705012515,
          "completed_wall_seconds": 5.206222416833043,
          "missed_deadline": false,
          "version_used": 600,
          "update_launched": true,
          "finite": true,
          "completed_version": 601,
          "controller_seconds": 0.011470694094896317,
          "learner_seconds": 0.02062246296554804,
          "learner_started_wall_seconds": 5.185197782004252,
          "learner_completed_wall_seconds": 5.2058202449698,
          "physical_clearance_m": 2.7117014333136704
        },
        {
          "time": 5.64,
          "scheduled_wall_seconds": 5.6399999998975545,
          "started_wall_seconds": 5.206408153986558,
          "completed_wall_seconds": 5.24227039096877,
          "missed_deadline": false,
          "version_used": 601,
          "update_launched": true,
          "finite": true,
          "completed_version": 602,
          "controller_seconds": 0.01128039788454771,
          "learner_seconds": 0.020607472863048315,
          "learner_started_wall_seconds": 5.221053865971044,
          "learner_completed_wall_seconds": 5.241661338834092,
          "physical_clearance_m": 2.7150566979773667
        },
        {
          "time": 5.68,
          "scheduled_wall_seconds": 5.679999999934807,
          "started_wall_seconds": 5.242460164008662,
          "completed_wall_seconds": 5.279570385813713,
          "missed_deadline": false,
          "version_used": 602,
          "update_launched": true,
          "finite": true,
          "completed_version": 603,
          "controller_seconds": 0.011361832963302732,
          "learner_seconds": 0.021025132853537798,
          "learner_started_wall_seconds": 5.257748499978334,
          "learner_completed_wall_seconds": 5.2787736328318715,
          "physical_clearance_m": 2.718304435861888
        },
        {
          "time": 5.72,
          "scheduled_wall_seconds": 5.71999999997206,
          "started_wall_seconds": 5.279670854797587,
          "completed_wall_seconds": 5.3162041588220745,
          "missed_deadline": false,
          "version_used": 603,
          "update_launched": true,
          "finite": true,
          "completed_version": 604,
          "controller_seconds": 0.011319251963868737,
          "learner_seconds": 0.020915223052725196,
          "learner_started_wall_seconds": 5.294561277842149,
          "learner_completed_wall_seconds": 5.315476500894874,
          "physical_clearance_m": 2.721419136179271
        },
        {
          "time": 5.76,
          "scheduled_wall_seconds": 5.760000000009313,
          "started_wall_seconds": 5.316450235899538,
          "completed_wall_seconds": 5.354065697873011,
          "missed_deadline": false,
          "version_used": 604,
          "update_launched": true,
          "finite": true,
          "completed_version": 605,
          "controller_seconds": 0.011304690968245268,
          "learner_seconds": 0.02096095192246139,
          "learner_started_wall_seconds": 5.331962338881567,
          "learner_completed_wall_seconds": 5.3529232908040285,
          "physical_clearance_m": 2.7243760033972886
        },
        {
          "time": 5.8,
          "scheduled_wall_seconds": 5.800000000046566,
          "started_wall_seconds": 5.354227795964107,
          "completed_wall_seconds": 5.391598837915808,
          "missed_deadline": false,
          "version_used": 605,
          "update_launched": true,
          "finite": true,
          "completed_version": 606,
          "controller_seconds": 0.011356407077983022,
          "learner_seconds": 0.02093727607280016,
          "learner_started_wall_seconds": 5.369854251854122,
          "learner_completed_wall_seconds": 5.390791527926922,
          "physical_clearance_m": 2.7271509572394517
        },
        {
          "time": 5.84,
          "scheduled_wall_seconds": 5.840000000083819,
          "started_wall_seconds": 5.391795119969174,
          "completed_wall_seconds": 5.428959927987307,
          "missed_deadline": false,
          "version_used": 606,
          "update_launched": true,
          "finite": true,
          "completed_version": 607,
          "controller_seconds": 0.011327841086313128,
          "learner_seconds": 0.02078561601229012,
          "learner_started_wall_seconds": 5.407510735793039,
          "learner_completed_wall_seconds": 5.428296351805329,
          "physical_clearance_m": 2.7297230168707993
        },
        {
          "time": 5.88,
          "scheduled_wall_seconds": 5.879999999888241,
          "started_wall_seconds": 5.429163042921573,
          "completed_wall_seconds": 5.466094717849046,
          "missed_deadline": false,
          "version_used": 607,
          "update_launched": true,
          "finite": true,
          "completed_version": 608,
          "controller_seconds": 0.011354580987244844,
          "learner_seconds": 0.020696799037978053,
          "learner_started_wall_seconds": 5.444559187861159,
          "learner_completed_wall_seconds": 5.4652559868991375,
          "physical_clearance_m": 2.7320726319678452
        },
        {
          "time": 5.92,
          "scheduled_wall_seconds": 5.919999999925494,
          "started_wall_seconds": 5.466280527878553,
          "completed_wall_seconds": 5.503494036849588,
          "missed_deadline": false,
          "version_used": 608,
          "update_launched": true,
          "finite": true,
          "completed_version": 609,
          "controller_seconds": 0.011256909929215908,
          "learner_seconds": 0.020801804028451443,
          "learner_started_wall_seconds": 5.481820717919618,
          "learner_completed_wall_seconds": 5.502622521948069,
          "physical_clearance_m": 2.7341816827185776
        },
        {
          "time": 5.96,
          "scheduled_wall_seconds": 5.959999999962747,
          "started_wall_seconds": 5.503695901948959,
          "completed_wall_seconds": 5.5415562719572335,
          "missed_deadline": false,
          "version_used": 609,
          "update_launched": true,
          "finite": true,
          "completed_version": 610,
          "controller_seconds": 0.011344922007992864,
          "learner_seconds": 0.020901862997561693,
          "learner_started_wall_seconds": 5.519742509815842,
          "learner_completed_wall_seconds": 5.540644372813404,
          "physical_clearance_m": 2.736035148752513
        },
        {
          "time": 6.0,
          "scheduled_wall_seconds": 6.0,
          "started_wall_seconds": 5.5417412768583745,
          "completed_wall_seconds": 5.579488804796711,
          "missed_deadline": false,
          "version_used": 610,
          "update_launched": true,
          "finite": true,
          "completed_version": 611,
          "controller_seconds": 0.011344143887981772,
          "learner_seconds": 0.020974240032956004,
          "learner_started_wall_seconds": 5.557661413913593,
          "learner_completed_wall_seconds": 5.578635653946549,
          "physical_clearance_m": 2.737618963373485
        },
        {
          "time": 6.04,
          "scheduled_wall_seconds": 6.040000000037253,
          "started_wall_seconds": 5.5797310068737715,
          "completed_wall_seconds": 5.616642359877005,
          "missed_deadline": false,
          "version_used": 611,
          "update_launched": true,
          "finite": true,
          "completed_version": 612,
          "controller_seconds": 0.011296299053356051,
          "learner_seconds": 0.02079357299953699,
          "learner_started_wall_seconds": 5.595087139867246,
          "learner_completed_wall_seconds": 5.615880712866783,
          "physical_clearance_m": 2.738921682489696
        },
        {
          "time": 6.08,
          "scheduled_wall_seconds": 6.080000000074506,
          "started_wall_seconds": 5.616942744934931,
          "completed_wall_seconds": 5.654624535003677,
          "missed_deadline": false,
          "version_used": 612,
          "update_launched": true,
          "finite": true,
          "completed_version": 613,
          "controller_seconds": 0.011341409990563989,
          "learner_seconds": 0.02080214093439281,
          "learner_started_wall_seconds": 5.632837324868888,
          "learner_completed_wall_seconds": 5.6536394658032805,
          "physical_clearance_m": 2.73993424619514
        },
        {
          "time": 6.12,
          "scheduled_wall_seconds": 6.120000000111759,
          "started_wall_seconds": 5.654857142828405,
          "completed_wall_seconds": 5.692417888902128,
          "missed_deadline": false,
          "version_used": 613,
          "update_launched": true,
          "finite": true,
          "completed_version": 614,
          "controller_seconds": 0.011345791863277555,
          "learner_seconds": 0.020776054123416543,
          "learner_started_wall_seconds": 5.670822827843949,
          "learner_completed_wall_seconds": 5.691598881967366,
          "physical_clearance_m": 2.740649740351024
        },
        {
          "time": 6.16,
          "scheduled_wall_seconds": 6.159999999916181,
          "started_wall_seconds": 5.6926768308039755,
          "completed_wall_seconds": 5.730814046924934,
          "missed_deadline": false,
          "version_used": 614,
          "update_launched": true,
          "finite": true,
          "completed_version": 615,
          "controller_seconds": 0.011325264116749167,
          "learner_seconds": 0.02085987781174481,
          "learner_started_wall_seconds": 5.708826181013137,
          "learner_completed_wall_seconds": 5.729686058824882,
          "physical_clearance_m": 2.741062919748607
        },
        {
          "time": 6.2,
          "scheduled_wall_seconds": 6.199999999953434,
          "started_wall_seconds": 5.731093777809292,
          "completed_wall_seconds": 5.768838609801605,
          "missed_deadline": false,
          "version_used": 615,
          "update_launched": true,
          "finite": true,
          "completed_version": 616,
          "controller_seconds": 0.01131394412368536,
          "learner_seconds": 0.020825417013838887,
          "learner_started_wall_seconds": 5.746972976950929,
          "learner_completed_wall_seconds": 5.7677983939647675,
          "physical_clearance_m": 2.740976612222972
        },
        {
          "time": 6.24,
          "scheduled_wall_seconds": 6.239999999990687,
          "started_wall_seconds": 5.76905406685546,
          "completed_wall_seconds": 5.806781193008646,
          "missed_deadline": false,
          "version_used": 616,
          "update_launched": true,
          "finite": true,
          "completed_version": 617,
          "controller_seconds": 0.011312426999211311,
          "learner_seconds": 0.02077779988758266,
          "learner_started_wall_seconds": 5.785106098977849,
          "learner_completed_wall_seconds": 5.8058838988654315,
          "physical_clearance_m": 2.740478794229808
        },
        {
          "time": 6.28,
          "scheduled_wall_seconds": 6.28000000002794,
          "started_wall_seconds": 5.806972678983584,
          "completed_wall_seconds": 5.844854751834646,
          "missed_deadline": false,
          "version_used": 617,
          "update_launched": true,
          "finite": true,
          "completed_version": 618,
          "controller_seconds": 0.011325475061312318,
          "learner_seconds": 0.020649709040299058,
          "learner_started_wall_seconds": 5.8235129858367145,
          "learner_completed_wall_seconds": 5.844162694877014,
          "physical_clearance_m": 2.739683191431346
        },
        {
          "time": 6.32,
          "scheduled_wall_seconds": 6.320000000065193,
          "started_wall_seconds": 5.845115617848933,
          "completed_wall_seconds": 5.883235245011747,
          "missed_deadline": false,
          "version_used": 618,
          "update_launched": true,
          "finite": true,
          "completed_version": 619,
          "controller_seconds": 0.011343041900545359,
          "learner_seconds": 0.020782788982614875,
          "learner_started_wall_seconds": 5.861764732981101,
          "learner_completed_wall_seconds": 5.8825475219637156,
          "physical_clearance_m": 2.7385964795478013
        },
        {
          "time": 6.36,
          "scheduled_wall_seconds": 6.3600000001024455,
          "started_wall_seconds": 5.883497605798766,
          "completed_wall_seconds": 5.921492037829012,
          "missed_deadline": false,
          "version_used": 619,
          "update_launched": true,
          "finite": true,
          "completed_version": 620,
          "controller_seconds": 0.011339939897879958,
          "learner_seconds": 0.02102461806498468,
          "learner_started_wall_seconds": 5.8994453807827085,
          "learner_completed_wall_seconds": 5.920469998847693,
          "physical_clearance_m": 2.7372262879737046
        },
        {
          "time": 6.4,
          "scheduled_wall_seconds": 6.399999999906868,
          "started_wall_seconds": 5.921756255906075,
          "completed_wall_seconds": 5.9590945998206735,
          "missed_deadline": false,
          "version_used": 620,
          "update_launched": true,
          "finite": true,
          "completed_version": 621,
          "controller_seconds": 0.011253307107836008,
          "learner_seconds": 0.02072843909263611,
          "learner_started_wall_seconds": 5.937579421792179,
          "learner_completed_wall_seconds": 5.9583078608848155,
          "physical_clearance_m": 2.7355857297309067
        },
        {
          "time": 6.44,
          "scheduled_wall_seconds": 6.439999999944121,
          "started_wall_seconds": 5.959357526851818,
          "completed_wall_seconds": 5.997079012915492,
          "missed_deadline": false,
          "version_used": 621,
          "update_launched": true,
          "finite": true,
          "completed_version": 622,
          "controller_seconds": 0.011264398926869035,
          "learner_seconds": 0.020789762027561665,
          "learner_started_wall_seconds": 5.975247473921627,
          "learner_completed_wall_seconds": 5.9960372359491885,
          "physical_clearance_m": 2.7336864873297837
        },
        {
          "time": 6.48,
          "scheduled_wall_seconds": 6.4799999999813735,
          "started_wall_seconds": 5.997300621820614,
          "completed_wall_seconds": 6.03555025998503,
          "missed_deadline": false,
          "version_used": 622,
          "update_launched": true,
          "finite": true,
          "completed_version": 623,
          "controller_seconds": 0.011226153932511806,
          "learner_seconds": 0.020750564988702536,
          "learner_started_wall_seconds": 6.01389636984095,
          "learner_completed_wall_seconds": 6.034646934829652,
          "physical_clearance_m": 2.731544296396556
        },
        {
          "time": 6.5200000000000005,
          "scheduled_wall_seconds": 6.5200000000186265,
          "started_wall_seconds": 6.035824541002512,
          "completed_wall_seconds": 6.072335118893534,
          "missed_deadline": false,
          "version_used": 623,
          "update_launched": true,
          "finite": true,
          "completed_version": 624,
          "controller_seconds": 0.011315873824059963,
          "learner_seconds": 0.020731159020215273,
          "learner_started_wall_seconds": 6.051095177885145,
          "learner_completed_wall_seconds": 6.07182633690536,
          "physical_clearance_m": 2.7291758462317612
        },
        {
          "time": 6.5600000000000005,
          "scheduled_wall_seconds": 6.560000000055879,
          "started_wall_seconds": 6.072620048886165,
          "completed_wall_seconds": 6.108963729813695,
          "missed_deadline": false,
          "version_used": 624,
          "update_launched": true,
          "finite": true,
          "completed_version": 625,
          "controller_seconds": 0.011293193092569709,
          "learner_seconds": 0.020740590058267117,
          "learner_started_wall_seconds": 6.087788054952398,
          "learner_completed_wall_seconds": 6.108528645010665,
          "physical_clearance_m": 2.7266009255774644
        },
        {
          "time": 6.6000000000000005,
          "scheduled_wall_seconds": 6.600000000093132,
          "started_wall_seconds": 6.109114069957286,
          "completed_wall_seconds": 6.14612238900736,
          "missed_deadline": false,
          "version_used": 625,
          "update_launched": true,
          "finite": true,
          "completed_version": 626,
          "controller_seconds": 0.01127037894912064,
          "learner_seconds": 0.02077100588940084,
          "learner_started_wall_seconds": 6.124413494952023,
          "learner_completed_wall_seconds": 6.145184500841424,
          "physical_clearance_m": 2.7238400384314683
        },
        {
          "time": 6.640000000000001,
          "scheduled_wall_seconds": 6.6399999998975545,
          "started_wall_seconds": 6.146267514908686,
          "completed_wall_seconds": 6.183764003915712,
          "missed_deadline": false,
          "version_used": 626,
          "update_launched": true,
          "finite": true,
          "completed_version": 627,
          "controller_seconds": 0.011326917912811041,
          "learner_seconds": 0.020779702113941312,
          "learner_started_wall_seconds": 6.162265004822984,
          "learner_completed_wall_seconds": 6.183044706936926,
          "physical_clearance_m": 2.7209153577216294
        },
        {
          "time": 6.68,
          "scheduled_wall_seconds": 6.679999999934807,
          "started_wall_seconds": 6.183938603848219,
          "completed_wall_seconds": 6.22139979689382,
          "missed_deadline": false,
          "version_used": 627,
          "update_launched": true,
          "finite": true,
          "completed_version": 628,
          "controller_seconds": 0.011322489008307457,
          "learner_seconds": 0.020693005062639713,
          "learner_started_wall_seconds": 6.199935611803085,
          "learner_completed_wall_seconds": 6.220628616865724,
          "physical_clearance_m": 2.7178521558173325
        },
        {
          "time": 6.72,
          "scheduled_wall_seconds": 6.71999999997206,
          "started_wall_seconds": 6.221552817849442,
          "completed_wall_seconds": 6.258434229996055,
          "missed_deadline": false,
          "version_used": 628,
          "update_launched": true,
          "finite": true,
          "completed_version": 629,
          "controller_seconds": 0.011270459042862058,
          "learner_seconds": 0.020677800057455897,
          "learner_started_wall_seconds": 6.237007452873513,
          "learner_completed_wall_seconds": 6.257685252930969,
          "physical_clearance_m": 2.7146759435065415
        },
        {
          "time": 6.76,
          "scheduled_wall_seconds": 6.760000000009313,
          "started_wall_seconds": 6.258738815784454,
          "completed_wall_seconds": 6.29577180580236,
          "missed_deadline": false,
          "version_used": 629,
          "update_launched": true,
          "finite": true,
          "completed_version": 630,
          "controller_seconds": 0.011251537129282951,
          "learner_seconds": 0.02071910398080945,
          "learner_started_wall_seconds": 6.274389041820541,
          "learner_completed_wall_seconds": 6.2951081458013505,
          "physical_clearance_m": 2.7114131852515366
        },
        {
          "time": 6.8,
          "scheduled_wall_seconds": 6.800000000046566,
          "started_wall_seconds": 6.2960224649868906,
          "completed_wall_seconds": 6.332722699968144,
          "missed_deadline": false,
          "version_used": 630,
          "update_launched": true,
          "finite": true,
          "completed_version": 631,
          "controller_seconds": 0.011311371112242341,
          "learner_seconds": 0.020696639083325863,
          "learner_started_wall_seconds": 6.31128125381656,
          "learner_completed_wall_seconds": 6.331977892899886,
          "physical_clearance_m": 2.708092014444652
        },
        {
          "time": 6.84,
          "scheduled_wall_seconds": 6.840000000083819,
          "started_wall_seconds": 6.332969210809097,
          "completed_wall_seconds": 6.370257712900639,
          "missed_deadline": false,
          "version_used": 631,
          "update_launched": true,
          "finite": true,
          "completed_version": 632,
          "controller_seconds": 0.011262769112363458,
          "learner_seconds": 0.020590117899701,
          "learner_started_wall_seconds": 6.349018683889881,
          "learner_completed_wall_seconds": 6.369608801789582,
          "physical_clearance_m": 2.704742710245433
        },
        {
          "time": 6.88,
          "scheduled_wall_seconds": 6.879999999888241,
          "started_wall_seconds": 6.37052819179371,
          "completed_wall_seconds": 6.407659088959917,
          "missed_deadline": false,
          "version_used": 632,
          "update_launched": true,
          "finite": true,
          "completed_version": 633,
          "controller_seconds": 0.011257866863161325,
          "learner_seconds": 0.02069299202412367,
          "learner_started_wall_seconds": 6.386158549925312,
          "learner_completed_wall_seconds": 6.406851541949436,
          "physical_clearance_m": 2.701395074976268
        },
        {
          "time": 6.92,
          "scheduled_wall_seconds": 6.919999999925494,
          "started_wall_seconds": 6.407897809986025,
          "completed_wall_seconds": 6.44557379395701,
          "missed_deadline": false,
          "version_used": 633,
          "update_launched": true,
          "finite": true,
          "completed_version": 634,
          "controller_seconds": 0.011304780142381787,
          "learner_seconds": 0.02072380017489195,
          "learner_started_wall_seconds": 6.423910258803517,
          "learner_completed_wall_seconds": 6.444634058978409,
          "physical_clearance_m": 2.6980796262152817
        },
        {
          "time": 6.96,
          "scheduled_wall_seconds": 6.959999999962747,
          "started_wall_seconds": 6.445768496952951,
          "completed_wall_seconds": 6.483399978838861,
          "missed_deadline": false,
          "version_used": 634,
          "update_launched": true,
          "finite": true,
          "completed_version": 635,
          "controller_seconds": 0.011309663066640496,
          "learner_seconds": 0.020784953143447638,
          "learner_started_wall_seconds": 6.461907795863226,
          "learner_completed_wall_seconds": 6.482692749006674,
          "physical_clearance_m": 2.6948280736334946
        },
        {
          "time": 7.0,
          "scheduled_wall_seconds": 7.0,
          "started_wall_seconds": 6.48352200188674,
          "completed_wall_seconds": 6.520314267836511,
          "missed_deadline": false,
          "version_used": 635,
          "update_launched": true,
          "finite": true,
          "completed_version": 636,
          "controller_seconds": 0.011281871935352683,
          "learner_seconds": 0.020708641037344933,
          "learner_started_wall_seconds": 6.498692535795271,
          "learner_completed_wall_seconds": 6.519401176832616,
          "physical_clearance_m": 2.6916721269019273
        },
        {
          "time": 7.04,
          "scheduled_wall_seconds": 7.040000000037253,
          "started_wall_seconds": 6.520498416852206,
          "completed_wall_seconds": 6.557527555851266,
          "missed_deadline": false,
          "version_used": 636,
          "update_launched": true,
          "finite": true,
          "completed_version": 637,
          "controller_seconds": 0.011348147876560688,
          "learner_seconds": 0.020644923904910684,
          "learner_started_wall_seconds": 6.53620365797542,
          "learner_completed_wall_seconds": 6.556848581880331,
          "physical_clearance_m": 2.6886434956916
        },
        {
          "time": 7.08,
          "scheduled_wall_seconds": 7.080000000074506,
          "started_wall_seconds": 6.557723722886294,
          "completed_wall_seconds": 6.594583386788145,
          "missed_deadline": false,
          "version_used": 637,
          "update_launched": true,
          "finite": true,
          "completed_version": 638,
          "controller_seconds": 0.011301388032734394,
          "learner_seconds": 0.02062425995245576,
          "learner_started_wall_seconds": 6.573215626878664,
          "learner_completed_wall_seconds": 6.59383988683112,
          "physical_clearance_m": 2.6857738896735337
        },
        {
          "time": 7.12,
          "scheduled_wall_seconds": 7.120000000111759,
          "started_wall_seconds": 6.594782461877912,
          "completed_wall_seconds": 6.631568189011887,
          "missed_deadline": false,
          "version_used": 638,
          "update_launched": true,
          "finite": true,
          "completed_version": 639,
          "controller_seconds": 0.011394110973924398,
          "learner_seconds": 0.02075930288992822,
          "learner_started_wall_seconds": 6.609995967010036,
          "learner_completed_wall_seconds": 6.630755269899964,
          "physical_clearance_m": 2.6830950185187485
        },
        {
          "time": 7.16,
          "scheduled_wall_seconds": 7.159999999916181,
          "started_wall_seconds": 6.631743245990947,
          "completed_wall_seconds": 6.669084677938372,
          "missed_deadline": false,
          "version_used": 639,
          "update_launched": true,
          "finite": true,
          "completed_version": 640,
          "controller_seconds": 0.01137458486482501,
          "learner_seconds": 0.020633246982470155,
          "learner_started_wall_seconds": 6.647806783905253,
          "learner_completed_wall_seconds": 6.668440030887723,
          "physical_clearance_m": 2.6806371613867905
        },
        {
          "time": 7.2,
          "scheduled_wall_seconds": 7.199999999953434,
          "started_wall_seconds": 6.669328132877126,
          "completed_wall_seconds": 6.706503518857062,
          "missed_deadline": false,
          "version_used": 640,
          "update_launched": true,
          "finite": true,
          "completed_version": 641,
          "controller_seconds": 0.01134390290826559,
          "learner_seconds": 0.020828792825341225,
          "learner_started_wall_seconds": 6.684805450960994,
          "learner_completed_wall_seconds": 6.705634243786335,
          "physical_clearance_m": 2.678431789530101
        },
        {
          "time": 7.24,
          "scheduled_wall_seconds": 7.239999999990687,
          "started_wall_seconds": 6.7066991108004,
          "completed_wall_seconds": 6.743861781898886,
          "missed_deadline": false,
          "version_used": 641,
          "update_launched": true,
          "finite": true,
          "completed_version": 642,
          "controller_seconds": 0.011332609923556447,
          "learner_seconds": 0.020693582016974688,
          "learner_started_wall_seconds": 6.722109283786267,
          "learner_completed_wall_seconds": 6.742802865803242,
          "physical_clearance_m": 2.6765077515967515
        },
        {
          "time": 7.28,
          "scheduled_wall_seconds": 7.28000000002794,
          "started_wall_seconds": 6.744073960930109,
          "completed_wall_seconds": 6.781259542796761,
          "missed_deadline": false,
          "version_used": 642,
          "update_launched": true,
          "finite": true,
          "completed_version": 643,
          "controller_seconds": 0.011311633046716452,
          "learner_seconds": 0.02068043709732592,
          "learner_started_wall_seconds": 6.7595496668946,
          "learner_completed_wall_seconds": 6.780230103991926,
          "physical_clearance_m": 2.6748922273047593
        },
        {
          "time": 7.32,
          "scheduled_wall_seconds": 7.320000000065193,
          "started_wall_seconds": 6.781527621904388,
          "completed_wall_seconds": 6.81878043198958,
          "missed_deadline": false,
          "version_used": 643,
          "update_launched": true,
          "finite": true,
          "completed_version": 644,
          "controller_seconds": 0.011277187149971724,
          "learner_seconds": 0.020643888041377068,
          "learner_started_wall_seconds": 6.797506421804428,
          "learner_completed_wall_seconds": 6.818150309845805,
          "physical_clearance_m": 2.6736131116278794
        },
        {
          "time": 7.36,
          "scheduled_wall_seconds": 7.3600000001024455,
          "started_wall_seconds": 6.818992827786133,
          "completed_wall_seconds": 6.856321591883898,
          "missed_deadline": false,
          "version_used": 644,
          "update_launched": true,
          "finite": true,
          "completed_version": 645,
          "controller_seconds": 0.011254851939156651,
          "learner_seconds": 0.020627561025321484,
          "learner_started_wall_seconds": 6.835020873928443,
          "learner_completed_wall_seconds": 6.855648434953764,
          "physical_clearance_m": 2.6726954385169175
        },
        {
          "time": 7.4,
          "scheduled_wall_seconds": 7.399999999906868,
          "started_wall_seconds": 6.856569926952943,
          "completed_wall_seconds": 6.893262517871335,
          "missed_deadline": false,
          "version_used": 645,
          "update_launched": true,
          "finite": true,
          "completed_version": 646,
          "controller_seconds": 0.011296202894300222,
          "learner_seconds": 0.020650119986385107,
          "learner_started_wall_seconds": 6.871890577953309,
          "learner_completed_wall_seconds": 6.892540697939694,
          "physical_clearance_m": 2.6721628114112046
        },
        {
          "time": 7.44,
          "scheduled_wall_seconds": 7.439999999944121,
          "started_wall_seconds": 6.893483412917703,
          "completed_wall_seconds": 6.930757089983672,
          "missed_deadline": false,
          "version_used": 646,
          "update_launched": true,
          "finite": true,
          "completed_version": 647,
          "controller_seconds": 0.011204625014215708,
          "learner_seconds": 0.02077952795661986,
          "learner_started_wall_seconds": 6.909250316908583,
          "learner_completed_wall_seconds": 6.930029844865203,
          "physical_clearance_m": 2.672027866495433
        },
        {
          "time": 7.48,
          "scheduled_wall_seconds": 7.4799999999813735,
          "started_wall_seconds": 6.931037286994979,
          "completed_wall_seconds": 6.968353823991492,
          "missed_deadline": false,
          "version_used": 647,
          "update_launched": true,
          "finite": true,
          "completed_version": 648,
          "controller_seconds": 0.011246544076129794,
          "learner_seconds": 0.020767336012795568,
          "learner_started_wall_seconds": 6.94685302185826,
          "learner_completed_wall_seconds": 6.967620357871056,
          "physical_clearance_m": 2.6720364495642808
        },
        {
          "time": 7.5200000000000005,
          "scheduled_wall_seconds": 7.5200000000186265,
          "started_wall_seconds": 6.968544404953718,
          "completed_wall_seconds": 7.005792089970782,
          "missed_deadline": false,
          "version_used": 648,
          "update_launched": true,
          "finite": true,
          "completed_version": 649,
          "controller_seconds": 0.01132504502311349,
          "learner_seconds": 0.02062741294503212,
          "learner_started_wall_seconds": 6.984574595000595,
          "learner_completed_wall_seconds": 7.005202007945627,
          "physical_clearance_m": 2.6723361417182114
        },
        {
          "time": 7.5600000000000005,
          "scheduled_wall_seconds": 7.560000000055879,
          "started_wall_seconds": 7.006023645866662,
          "completed_wall_seconds": 7.04325295984745,
          "missed_deadline": false,
          "version_used": 649,
          "update_launched": true,
          "finite": true,
          "completed_version": 650,
          "controller_seconds": 0.011317351832985878,
          "learner_seconds": 0.02064791787415743,
          "learner_started_wall_seconds": 7.022014495916665,
          "learner_completed_wall_seconds": 7.042662413790822,
          "physical_clearance_m": 2.673079054010692
        },
        {
          "time": 7.6000000000000005,
          "scheduled_wall_seconds": 7.600000000093132,
          "started_wall_seconds": 7.0435289919842035,
          "completed_wall_seconds": 7.081246895948425,
          "missed_deadline": false,
          "version_used": 650,
          "update_launched": true,
          "finite": true,
          "completed_version": 651,
          "controller_seconds": 0.011359068797901273,
          "learner_seconds": 0.02077110717073083,
          "learner_started_wall_seconds": 7.059717164840549,
          "learner_completed_wall_seconds": 7.08048827201128,
          "physical_clearance_m": 2.6742797299750474
        },
        {
          "time": 7.640000000000001,
          "scheduled_wall_seconds": 7.6399999998975545,
          "started_wall_seconds": 7.081469543976709,
          "completed_wall_seconds": 7.118494661990553,
          "missed_deadline": false,
          "version_used": 651,
          "update_launched": true,
          "finite": true,
          "completed_version": 652,
          "controller_seconds": 0.011298867175355554,
          "learner_seconds": 0.020647486904636025,
          "learner_started_wall_seconds": 7.097233223961666,
          "learner_completed_wall_seconds": 7.117880710866302,
          "physical_clearance_m": 2.675950328958812
        },
        {
          "time": 7.68,
          "scheduled_wall_seconds": 7.679999999934807,
          "started_wall_seconds": 7.118698387872428,
          "completed_wall_seconds": 7.156211306806654,
          "missed_deadline": false,
          "version_used": 652,
          "update_launched": true,
          "finite": true,
          "completed_version": 653,
          "controller_seconds": 0.011327951913699508,
          "learner_seconds": 0.020783195970579982,
          "learner_started_wall_seconds": 7.134805677924305,
          "learner_completed_wall_seconds": 7.155588873894885,
          "physical_clearance_m": 2.6781015797980454
        },
        {
          "time": 7.72,
          "scheduled_wall_seconds": 7.71999999997206,
          "started_wall_seconds": 7.156297414796427,
          "completed_wall_seconds": 7.1925605710130185,
          "missed_deadline": false,
          "version_used": 653,
          "update_launched": true,
          "finite": true,
          "completed_version": 654,
          "controller_seconds": 0.011293116956949234,
          "learner_seconds": 0.020646604942157865,
          "learner_started_wall_seconds": 7.171445504995063,
          "learner_completed_wall_seconds": 7.192092109937221,
          "physical_clearance_m": 2.6807384892829087
        },
        {
          "time": 7.76,
          "scheduled_wall_seconds": 7.760000000009313,
          "started_wall_seconds": 7.19275073078461,
          "completed_wall_seconds": 7.229615776799619,
          "missed_deadline": false,
          "version_used": 654,
          "update_launched": true,
          "finite": true,
          "completed_version": 655,
          "controller_seconds": 0.011221161112189293,
          "learner_seconds": 0.020681550027802587,
          "learner_started_wall_seconds": 7.208296968834475,
          "learner_completed_wall_seconds": 7.228978518862277,
          "physical_clearance_m": 2.679933683952395
        },
        {
          "time": 7.8,
          "scheduled_wall_seconds": 7.800000000046566,
          "started_wall_seconds": 7.229690036969259,
          "completed_wall_seconds": 7.266644813818857,
          "missed_deadline": false,
          "version_used": 655,
          "update_launched": true,
          "finite": true,
          "completed_version": 656,
          "controller_seconds": 0.011289269896224141,
          "learner_seconds": 0.020634093089029193,
          "learner_started_wall_seconds": 7.245390151860192,
          "learner_completed_wall_seconds": 7.266024244949222,
          "physical_clearance_m": 2.6743811536636986
        },
        {
          "time": 7.84,
          "scheduled_wall_seconds": 7.840000000083819,
          "started_wall_seconds": 7.26681909780018,
          "completed_wall_seconds": 7.303308014990762,
          "missed_deadline": false,
          "version_used": 656,
          "update_launched": true,
          "finite": true,
          "completed_version": 657,
          "controller_seconds": 0.011271162191405892,
          "learner_seconds": 0.020618984010070562,
          "learner_started_wall_seconds": 7.282204277813435,
          "learner_completed_wall_seconds": 7.302823261823505,
          "physical_clearance_m": 2.669201033195559
        },
        {
          "time": 7.88,
          "scheduled_wall_seconds": 7.879999999888241,
          "started_wall_seconds": 7.303453353932127,
          "completed_wall_seconds": 7.3404313928913325,
          "missed_deadline": false,
          "version_used": 657,
          "update_launched": true,
          "finite": true,
          "completed_version": 658,
          "controller_seconds": 0.01128796604461968,
          "learner_seconds": 0.020799617981538177,
          "learner_started_wall_seconds": 7.318919909885153,
          "learner_completed_wall_seconds": 7.339719527866691,
          "physical_clearance_m": 2.664389031013552
        },
        {
          "time": 7.92,
          "scheduled_wall_seconds": 7.919999999925494,
          "started_wall_seconds": 7.340657232794911,
          "completed_wall_seconds": 7.377611283911392,
          "missed_deadline": false,
          "version_used": 658,
          "update_launched": true,
          "finite": true,
          "completed_version": 659,
          "controller_seconds": 0.011364218080416322,
          "learner_seconds": 0.020715076010674238,
          "learner_started_wall_seconds": 7.356327449902892,
          "learner_completed_wall_seconds": 7.377042525913566,
          "physical_clearance_m": 2.659938471397463
        },
        {
          "time": 7.96,
          "scheduled_wall_seconds": 7.959999999962747,
          "started_wall_seconds": 7.377793910913169,
          "completed_wall_seconds": 7.423435931792483,
          "missed_deadline": false,
          "version_used": 659,
          "update_launched": true,
          "finite": true,
          "completed_version": 660,
          "controller_seconds": 0.011525079142302275,
          "learner_seconds": 0.02622542902827263,
          "learner_started_wall_seconds": 7.39605812379159,
          "learner_completed_wall_seconds": 7.422283552819863,
          "physical_clearance_m": 2.6558407712784446
        },
        {
          "time": 8.0,
          "scheduled_wall_seconds": 8.0,
          "started_wall_seconds": 7.423689749790356,
          "completed_wall_seconds": 7.461134291952476,
          "missed_deadline": false,
          "version_used": 660,
          "update_launched": true,
          "finite": true,
          "completed_version": 661,
          "controller_seconds": 0.011247635120525956,
          "learner_seconds": 0.02074385597370565,
          "learner_started_wall_seconds": 7.439786752918735,
          "learner_completed_wall_seconds": 7.460530608892441,
          "physical_clearance_m": 2.652085917076174
        },
        {
          "time": 8.040000000000001,
          "scheduled_wall_seconds": 8.040000000037253,
          "started_wall_seconds": 7.461404678877443,
          "completed_wall_seconds": 7.498132361797616,
          "missed_deadline": false,
          "version_used": 661,
          "update_launched": true,
          "finite": true,
          "completed_version": 662,
          "controller_seconds": 0.011514710960909724,
          "learner_seconds": 0.02075534500181675,
          "learner_started_wall_seconds": 7.476996009936556,
          "learner_completed_wall_seconds": 7.497751354938373,
          "physical_clearance_m": 2.64866103418738
        },
        {
          "time": 8.08,
          "scheduled_wall_seconds": 8.080000000074506,
          "started_wall_seconds": 7.498267676914111,
          "completed_wall_seconds": 7.534895778866485,
          "missed_deadline": false,
          "version_used": 662,
          "update_launched": true,
          "finite": true,
          "completed_version": 663,
          "controller_seconds": 0.01137830107472837,
          "learner_seconds": 0.02073213388212025,
          "learner_started_wall_seconds": 7.513585828943178,
          "learner_completed_wall_seconds": 7.534317962825298,
          "physical_clearance_m": 2.645552532753054
        },
        {
          "time": 8.120000000000001,
          "scheduled_wall_seconds": 8.120000000111759,
          "started_wall_seconds": 7.535027379868552,
          "completed_wall_seconds": 7.572491464903578,
          "missed_deadline": false,
          "version_used": 663,
          "update_launched": true,
          "finite": true,
          "completed_version": 664,
          "controller_seconds": 0.011368381790816784,
          "learner_seconds": 0.020616880152374506,
          "learner_started_wall_seconds": 7.551145946839824,
          "learner_completed_wall_seconds": 7.571762826992199,
          "physical_clearance_m": 2.6427453924027122
        },
        {
          "time": 8.16,
          "scheduled_wall_seconds": 8.159999999916181,
          "started_wall_seconds": 7.572749718790874,
          "completed_wall_seconds": 7.6096205718349665,
          "missed_deadline": false,
          "version_used": 664,
          "update_launched": true,
          "finite": true,
          "completed_version": 665,
          "controller_seconds": 0.011253155069425702,
          "learner_seconds": 0.020765730878338218,
          "learner_started_wall_seconds": 7.588143015978858,
          "learner_completed_wall_seconds": 7.608908746857196,
          "physical_clearance_m": 2.640223877510134
        },
        {
          "time": 8.2,
          "scheduled_wall_seconds": 8.199999999953434,
          "started_wall_seconds": 7.609886606922373,
          "completed_wall_seconds": 7.648355728946626,
          "missed_deadline": false,
          "version_used": 665,
          "update_launched": true,
          "finite": true,
          "completed_version": 666,
          "controller_seconds": 0.011348719941452146,
          "learner_seconds": 0.02086694911122322,
          "learner_started_wall_seconds": 7.62647140189074,
          "learner_completed_wall_seconds": 7.647338351001963,
          "physical_clearance_m": 2.6379712987747825
        },
        {
          "time": 8.24,
          "scheduled_wall_seconds": 8.239999999990687,
          "started_wall_seconds": 7.648484046803787,
          "completed_wall_seconds": 7.686043549794704,
          "missed_deadline": false,
          "version_used": 666,
          "update_launched": true,
          "finite": true,
          "completed_version": 667,
          "controller_seconds": 0.011406398145481944,
          "learner_seconds": 0.02088497718796134,
          "learner_started_wall_seconds": 7.664379964815453,
          "learner_completed_wall_seconds": 7.685264942003414,
          "physical_clearance_m": 2.6359707284775413
        },
        {
          "time": 8.28,
          "scheduled_wall_seconds": 8.28000000002794,
          "started_wall_seconds": 7.686214004876092,
          "completed_wall_seconds": 7.723850725917146,
          "missed_deadline": false,
          "version_used": 667,
          "update_launched": true,
          "finite": true,
          "completed_version": 668,
          "controller_seconds": 0.011121325893327594,
          "learner_seconds": 0.020779907936230302,
          "learner_started_wall_seconds": 7.7020499689970165,
          "learner_completed_wall_seconds": 7.722829876933247,
          "physical_clearance_m": 2.634204523643557
        },
        {
          "time": 8.32,
          "scheduled_wall_seconds": 8.320000000065193,
          "started_wall_seconds": 7.724074661964551,
          "completed_wall_seconds": 7.7625508438795805,
          "missed_deadline": false,
          "version_used": 668,
          "update_launched": true,
          "finite": true,
          "completed_version": 669,
          "controller_seconds": 0.01129976799711585,
          "learner_seconds": 0.02073998306877911,
          "learner_started_wall_seconds": 7.741107531823218,
          "learner_completed_wall_seconds": 7.761847514891997,
          "physical_clearance_m": 2.632655756553713
        },
        {
          "time": 8.36,
          "scheduled_wall_seconds": 8.360000000102445,
          "started_wall_seconds": 7.762661883840337,
          "completed_wall_seconds": 7.7997631980106235,
          "missed_deadline": false,
          "version_used": 669,
          "update_launched": true,
          "finite": true,
          "completed_version": 670,
          "controller_seconds": 0.01121650100685656,
          "learner_seconds": 0.020662565948441625,
          "learner_started_wall_seconds": 7.778538154903799,
          "learner_completed_wall_seconds": 7.799200720852241,
          "physical_clearance_m": 2.631307737907473
        },
        {
          "time": 8.4,
          "scheduled_wall_seconds": 8.399999999906868,
          "started_wall_seconds": 7.7999883408192545,
          "completed_wall_seconds": 7.8372548329643905,
          "missed_deadline": false,
          "version_used": 670,
          "update_launched": true,
          "finite": true,
          "completed_version": 671,
          "controller_seconds": 0.011230353033170104,
          "learner_seconds": 0.020700060995295644,
          "learner_started_wall_seconds": 7.815959323896095,
          "learner_completed_wall_seconds": 7.836659384891391,
          "physical_clearance_m": 2.630143778404299
        },
        {
          "time": 8.44,
          "scheduled_wall_seconds": 8.43999999994412,
          "started_wall_seconds": 7.837446607882157,
          "completed_wall_seconds": 7.8745590089820325,
          "missed_deadline": false,
          "version_used": 671,
          "update_launched": true,
          "finite": true,
          "completed_version": 672,
          "controller_seconds": 0.011281229089945555,
          "learner_seconds": 0.020741174928843975,
          "learner_started_wall_seconds": 7.853198285913095,
          "learner_completed_wall_seconds": 7.873939460841939,
          "physical_clearance_m": 2.629148619255129
        },
        {
          "time": 8.48,
          "scheduled_wall_seconds": 8.479999999981374,
          "started_wall_seconds": 7.874727985821664,
          "completed_wall_seconds": 7.911586214788258,
          "missed_deadline": false,
          "version_used": 672,
          "update_launched": true,
          "finite": true,
          "completed_version": 673,
          "controller_seconds": 0.011258827056735754,
          "learner_seconds": 0.020604806020855904,
          "learner_started_wall_seconds": 7.890363843878731,
          "learner_completed_wall_seconds": 7.910968649899587,
          "physical_clearance_m": 2.628307955345217
        },
        {
          "time": 8.52,
          "scheduled_wall_seconds": 8.520000000018626,
          "started_wall_seconds": 7.911783393006772,
          "completed_wall_seconds": 7.949077256955206,
          "missed_deadline": false,
          "version_used": 673,
          "update_launched": true,
          "finite": true,
          "completed_version": 674,
          "controller_seconds": 0.011264953063800931,
          "learner_seconds": 0.02071708091534674,
          "learner_started_wall_seconds": 7.927717350888997,
          "learner_completed_wall_seconds": 7.948434431804344,
          "physical_clearance_m": 2.627607958396975
        },
        {
          "time": 8.56,
          "scheduled_wall_seconds": 8.56000000005588,
          "started_wall_seconds": 7.94916919991374,
          "completed_wall_seconds": 7.985868914984167,
          "missed_deadline": false,
          "version_used": 674,
          "update_launched": true,
          "finite": true,
          "completed_version": 675,
          "controller_seconds": 0.011355000780895352,
          "learner_seconds": 0.020750940078869462,
          "learner_started_wall_seconds": 7.964467266807333,
          "learner_completed_wall_seconds": 7.985218206886202,
          "physical_clearance_m": 2.6270367074814476
        },
        {
          "time": 8.6,
          "scheduled_wall_seconds": 8.600000000093132,
          "started_wall_seconds": 7.98609642800875,
          "completed_wall_seconds": 8.024635064881295,
          "missed_deadline": false,
          "version_used": 675,
          "update_launched": true,
          "finite": true,
          "completed_version": 676,
          "controller_seconds": 0.011270590126514435,
          "learner_seconds": 0.02077717799693346,
          "learner_started_wall_seconds": 8.0028182559181,
          "learner_completed_wall_seconds": 8.023595433915034,
          "physical_clearance_m": 2.62658490427405
        },
        {
          "time": 8.64,
          "scheduled_wall_seconds": 8.639999999897555,
          "started_wall_seconds": 8.024894444970414,
          "completed_wall_seconds": 8.062424511881545,
          "missed_deadline": false,
          "version_used": 676,
          "update_launched": true,
          "finite": true,
          "completed_version": 677,
          "controller_seconds": 0.011249753879383206,
          "learner_seconds": 0.020831072004511952,
          "learner_started_wall_seconds": 8.040898943785578,
          "learner_completed_wall_seconds": 8.06173001579009,
          "physical_clearance_m": 2.6262425351944603
        },
        {
          "time": 8.68,
          "scheduled_wall_seconds": 8.679999999934807,
          "started_wall_seconds": 8.062637307913974,
          "completed_wall_seconds": 8.100686384830624,
          "missed_deadline": false,
          "version_used": 677,
          "update_launched": true,
          "finite": true,
          "completed_version": 678,
          "controller_seconds": 0.0119031120557338,
          "learner_seconds": 0.021312644006684422,
          "learner_started_wall_seconds": 8.078796052839607,
          "learner_completed_wall_seconds": 8.100108696846291,
          "physical_clearance_m": 2.6260031629410423
        },
        {
          "time": 8.72,
          "scheduled_wall_seconds": 8.71999999997206,
          "started_wall_seconds": 8.100799843901768,
          "completed_wall_seconds": 8.139670905889943,
          "missed_deadline": false,
          "version_used": 678,
          "update_launched": true,
          "finite": true,
          "completed_version": 679,
          "controller_seconds": 0.012137854937463999,
          "learner_seconds": 0.021231253864243627,
          "learner_started_wall_seconds": 8.117209404939786,
          "learner_completed_wall_seconds": 8.13844065880403,
          "physical_clearance_m": 2.625862019142214
        },
        {
          "time": 8.76,
          "scheduled_wall_seconds": 8.760000000009313,
          "started_wall_seconds": 8.139938346808776,
          "completed_wall_seconds": 8.177693409845233,
          "missed_deadline": false,
          "version_used": 679,
          "update_launched": true,
          "finite": true,
          "completed_version": 680,
          "controller_seconds": 0.012220991076901555,
          "learner_seconds": 0.021256425883620977,
          "learner_started_wall_seconds": 8.156185681931674,
          "learner_completed_wall_seconds": 8.177442107815295,
          "physical_clearance_m": 2.6258157659378685
        },
        {
          "time": 8.8,
          "scheduled_wall_seconds": 8.800000000046566,
          "started_wall_seconds": 8.17774496297352,
          "completed_wall_seconds": 8.215277652954683,
          "missed_deadline": false,
          "version_used": 680,
          "update_launched": true,
          "finite": true,
          "completed_version": 681,
          "controller_seconds": 0.012049953220412135,
          "learner_seconds": 0.021373527124524117,
          "learner_started_wall_seconds": 8.193432758795097,
          "learner_completed_wall_seconds": 8.214806285919622,
          "physical_clearance_m": 2.6258157659378685
        },
        {
          "time": 8.84,
          "scheduled_wall_seconds": 8.840000000083819,
          "started_wall_seconds": 8.2153376089409,
          "completed_wall_seconds": 8.252638782840222,
          "missed_deadline": false,
          "version_used": 681,
          "update_launched": true,
          "finite": true,
          "completed_version": 682,
          "controller_seconds": 0.011930789100006223,
          "learner_seconds": 0.0210915410425514,
          "learner_started_wall_seconds": 8.230960045941174,
          "learner_completed_wall_seconds": 8.252051586983725,
          "physical_clearance_m": 2.6258629728165306
        },
        {
          "time": 8.88,
          "scheduled_wall_seconds": 8.879999999888241,
          "started_wall_seconds": 8.252739051822573,
          "completed_wall_seconds": 8.290353206917644,
          "missed_deadline": false,
          "version_used": 682,
          "update_launched": true,
          "finite": true,
          "completed_version": 683,
          "controller_seconds": 0.011535422876477242,
          "learner_seconds": 0.020870211999863386,
          "learner_started_wall_seconds": 8.268903219839558,
          "learner_completed_wall_seconds": 8.289773431839421,
          "physical_clearance_m": 2.626004831871096
        },
        {
          "time": 8.92,
          "scheduled_wall_seconds": 8.919999999925494,
          "started_wall_seconds": 8.290506087010726,
          "completed_wall_seconds": 8.328739502932876,
          "missed_deadline": false,
          "version_used": 683,
          "update_launched": true,
          "finite": true,
          "completed_version": 684,
          "controller_seconds": 0.011425250908359885,
          "learner_seconds": 0.020841772900894284,
          "learner_started_wall_seconds": 8.30711046489887,
          "learner_completed_wall_seconds": 8.327952237799764,
          "physical_clearance_m": 2.626244442543093
        },
        {
          "time": 8.96,
          "scheduled_wall_seconds": 8.959999999962747,
          "started_wall_seconds": 8.328990938840434,
          "completed_wall_seconds": 8.366213375935331,
          "missed_deadline": false,
          "version_used": 684,
          "update_launched": true,
          "finite": true,
          "completed_version": 685,
          "controller_seconds": 0.011293609160929918,
          "learner_seconds": 0.020915403962135315,
          "learner_started_wall_seconds": 8.344206532929093,
          "learner_completed_wall_seconds": 8.365121936891228,
          "physical_clearance_m": 2.6265860963669456
        },
        {
          "time": 9.0,
          "scheduled_wall_seconds": 9.0,
          "started_wall_seconds": 8.366450616857037,
          "completed_wall_seconds": 8.403935340000317,
          "missed_deadline": false,
          "version_used": 685,
          "update_launched": true,
          "finite": true,
          "completed_version": 686,
          "controller_seconds": 0.011305721942335367,
          "learner_seconds": 0.020638275891542435,
          "learner_started_wall_seconds": 8.38244668697007,
          "learner_completed_wall_seconds": 8.403084962861612,
          "physical_clearance_m": 2.6270369459000267
        },
        {
          "time": 9.040000000000001,
          "scheduled_wall_seconds": 9.040000000037253,
          "started_wall_seconds": 8.404156574979424,
          "completed_wall_seconds": 8.442159903934225,
          "missed_deadline": false,
          "version_used": 686,
          "update_launched": true,
          "finite": true,
          "completed_version": 687,
          "controller_seconds": 0.011301744962111115,
          "learner_seconds": 0.020726962946355343,
          "learner_started_wall_seconds": 8.420381594914943,
          "learner_completed_wall_seconds": 8.441108557861298,
          "physical_clearance_m": 2.6276048589554466
        },
        {
          "time": 9.08,
          "scheduled_wall_seconds": 9.080000000074506,
          "started_wall_seconds": 8.442361957859248,
          "completed_wall_seconds": 8.480986540904269,
          "missed_deadline": false,
          "version_used": 687,
          "update_launched": true,
          "finite": true,
          "completed_version": 688,
          "controller_seconds": 0.011323860846459866,
          "learner_seconds": 0.020900826901197433,
          "learner_started_wall_seconds": 8.458789872936904,
          "learner_completed_wall_seconds": 8.479690699838102,
          "physical_clearance_m": 2.628301041206423
        },
        {
          "time": 9.120000000000001,
          "scheduled_wall_seconds": 9.120000000111759,
          "started_wall_seconds": 8.481212952872738,
          "completed_wall_seconds": 8.519177086884156,
          "missed_deadline": false,
          "version_used": 688,
          "update_launched": true,
          "finite": true,
          "completed_version": 689,
          "controller_seconds": 0.011365581071004272,
          "learner_seconds": 0.020828216802328825,
          "learner_started_wall_seconds": 8.497435359982774,
          "learner_completed_wall_seconds": 8.518263576785102,
          "physical_clearance_m": 2.629136459907595
        },
        {
          "time": 9.16,
          "scheduled_wall_seconds": 9.159999999916181,
          "started_wall_seconds": 8.519423546968028,
          "completed_wall_seconds": 8.556772448820993,
          "missed_deadline": false,
          "version_used": 689,
          "update_launched": true,
          "finite": true,
          "completed_version": 690,
          "controller_seconds": 0.011321264086291194,
          "learner_seconds": 0.020821508951485157,
          "learner_started_wall_seconds": 8.535135744838044,
          "learner_completed_wall_seconds": 8.55595725378953,
          "physical_clearance_m": 2.630124228080813
        },
        {
          "time": 9.200000000000001,
          "scheduled_wall_seconds": 9.199999999953434,
          "started_wall_seconds": 8.557063947897404,
          "completed_wall_seconds": 8.594216073863208,
          "missed_deadline": false,
          "version_used": 690,
          "update_launched": true,
          "finite": true,
          "completed_version": 691,
          "controller_seconds": 0.011419002898037434,
          "learner_seconds": 0.020671430975198746,
          "learner_started_wall_seconds": 8.572583451867104,
          "learner_completed_wall_seconds": 8.593254882842302,
          "physical_clearance_m": 2.63127936609656
        },
        {
          "time": 9.24,
          "scheduled_wall_seconds": 9.239999999990687,
          "started_wall_seconds": 8.594484352972358,
          "completed_wall_seconds": 8.633029145887122,
          "missed_deadline": false,
          "version_used": 691,
          "update_launched": true,
          "finite": true,
          "completed_version": 692,
          "controller_seconds": 0.011815748177468777,
          "learner_seconds": 0.02098438609391451,
          "learner_started_wall_seconds": 8.61119917081669,
          "learner_completed_wall_seconds": 8.632183556910604,
          "physical_clearance_m": 2.6326166559067405
        },
        {
          "time": 9.28,
          "scheduled_wall_seconds": 9.28000000002794,
          "started_wall_seconds": 8.633148778928444,
          "completed_wall_seconds": 8.67149924999103,
          "missed_deadline": false,
          "version_used": 692,
          "update_launched": true,
          "finite": true,
          "completed_version": 693,
          "controller_seconds": 0.011319764889776707,
          "learner_seconds": 0.020907454192638397,
          "learner_started_wall_seconds": 8.649322966812178,
          "learner_completed_wall_seconds": 8.670230421004817,
          "physical_clearance_m": 2.6341523099747337
        },
        {
          "time": 9.32,
          "scheduled_wall_seconds": 9.320000000065193,
          "started_wall_seconds": 8.67176750395447,
          "completed_wall_seconds": 8.710035890806466,
          "missed_deadline": false,
          "version_used": 693,
          "update_launched": true,
          "finite": true,
          "completed_version": 694,
          "controller_seconds": 0.011346920859068632,
          "learner_seconds": 0.020962443901225924,
          "learner_started_wall_seconds": 8.688296803971753,
          "learner_completed_wall_seconds": 8.709259247872978,
          "physical_clearance_m": 2.635903732856814
        },
        {
          "time": 9.36,
          "scheduled_wall_seconds": 9.360000000102445,
          "started_wall_seconds": 8.710209453012794,
          "completed_wall_seconds": 8.747737501980737,
          "missed_deadline": false,
          "version_used": 694,
          "update_launched": true,
          "finite": true,
          "completed_version": 695,
          "controller_seconds": 0.011302543105557561,
          "learner_seconds": 0.020818663062527776,
          "learner_started_wall_seconds": 8.72559228586033,
          "learner_completed_wall_seconds": 8.746410948922858,
          "physical_clearance_m": 2.637887375434939
        },
        {
          "time": 9.4,
          "scheduled_wall_seconds": 9.399999999906868,
          "started_wall_seconds": 8.747987478971481,
          "completed_wall_seconds": 8.786721096839756,
          "missed_deadline": false,
          "version_used": 695,
          "update_launched": true,
          "finite": true,
          "completed_version": 696,
          "controller_seconds": 0.011346336919814348,
          "learner_seconds": 0.020817421143874526,
          "learner_started_wall_seconds": 8.76462234184146,
          "learner_completed_wall_seconds": 8.785439762985334,
          "physical_clearance_m": 2.6401211191025413
        },
        {
          "time": 9.44,
          "scheduled_wall_seconds": 9.43999999994412,
          "started_wall_seconds": 8.787059744819999,
          "completed_wall_seconds": 8.824816996930167,
          "missed_deadline": false,
          "version_used": 696,
          "update_launched": true,
          "finite": true,
          "completed_version": 697,
          "controller_seconds": 0.011312448186799884,
          "learner_seconds": 0.02081120782531798,
          "learner_started_wall_seconds": 8.803224856965244,
          "learner_completed_wall_seconds": 8.824036064790562,
          "physical_clearance_m": 2.6426216531601585
        },
        {
          "time": 9.48,
          "scheduled_wall_seconds": 9.479999999981374,
          "started_wall_seconds": 8.82506278087385,
          "completed_wall_seconds": 8.863576204981655,
          "missed_deadline": false,
          "version_used": 697,
          "update_launched": true,
          "finite": true,
          "completed_version": 698,
          "controller_seconds": 0.011380054987967014,
          "learner_seconds": 0.021072773030027747,
          "learner_started_wall_seconds": 8.841756538953632,
          "learner_completed_wall_seconds": 8.86282931198366,
          "physical_clearance_m": 2.6454059053269066
        },
        {
          "time": 9.52,
          "scheduled_wall_seconds": 9.520000000018626,
          "started_wall_seconds": 8.863761497894302,
          "completed_wall_seconds": 8.901111928978935,
          "missed_deadline": false,
          "version_used": 698,
          "update_launched": true,
          "finite": true,
          "completed_version": 699,
          "controller_seconds": 0.011599334189668298,
          "learner_seconds": 0.021176892099902034,
          "learner_started_wall_seconds": 8.879130507819355,
          "learner_completed_wall_seconds": 8.900307399919257,
          "physical_clearance_m": 2.6484898496475853
        },
        {
          "time": 9.56,
          "scheduled_wall_seconds": 9.56000000005588,
          "started_wall_seconds": 8.901203652843833,
          "completed_wall_seconds": 8.938192845787853,
          "missed_deadline": false,
          "version_used": 699,
          "update_launched": true,
          "finite": true,
          "completed_version": 700,
          "controller_seconds": 0.011547236936166883,
          "learner_seconds": 0.02089049108326435,
          "learner_started_wall_seconds": 8.91672147391364,
          "learner_completed_wall_seconds": 8.937611964996904,
          "physical_clearance_m": 2.651888268074099
        },
        {
          "time": 9.6,
          "scheduled_wall_seconds": 9.600000000093132,
          "started_wall_seconds": 8.938321045832708,
          "completed_wall_seconds": 8.97532360884361,
          "missed_deadline": false,
          "version_used": 700,
          "update_launched": true,
          "finite": true,
          "completed_version": 701,
          "controller_seconds": 0.011347903870046139,
          "learner_seconds": 0.020932832034304738,
          "learner_started_wall_seconds": 8.95369931194,
          "learner_completed_wall_seconds": 8.974632143974304,
          "physical_clearance_m": 2.6556157041397728
        },
        {
          "time": 9.64,
          "scheduled_wall_seconds": 9.639999999897555,
          "started_wall_seconds": 8.975498799001798,
          "completed_wall_seconds": 9.012599625857547,
          "missed_deadline": false,
          "version_used": 701,
          "update_launched": true,
          "finite": true,
          "completed_version": 702,
          "controller_seconds": 0.011309925001114607,
          "learner_seconds": 0.020905926125124097,
          "learner_started_wall_seconds": 8.990918293828145,
          "learner_completed_wall_seconds": 9.011824219953269,
          "physical_clearance_m": 2.65968455561072
        },
        {
          "time": 9.68,
          "scheduled_wall_seconds": 9.679999999934807,
          "started_wall_seconds": 9.012793505797163,
          "completed_wall_seconds": 9.04964916780591,
          "missed_deadline": false,
          "version_used": 702,
          "update_launched": true,
          "finite": true,
          "completed_version": 703,
          "controller_seconds": 0.011369355954229832,
          "learner_seconds": 0.020905146142467856,
          "learner_started_wall_seconds": 9.028173793805763,
          "learner_completed_wall_seconds": 9.049078939948231,
          "physical_clearance_m": 2.664104836067263
        },
        {
          "time": 9.72,
          "scheduled_wall_seconds": 9.71999999997206,
          "started_wall_seconds": 9.049808339914307,
          "completed_wall_seconds": 9.086834715912119,
          "missed_deadline": false,
          "version_used": 703,
          "update_launched": true,
          "finite": true,
          "completed_version": 704,
          "controller_seconds": 0.011396334040910006,
          "learner_seconds": 0.020887493155896664,
          "learner_started_wall_seconds": 9.065480495803058,
          "learner_completed_wall_seconds": 9.086367988958955,
          "physical_clearance_m": 2.668886320671145
        },
        {
          "time": 9.76,
          "scheduled_wall_seconds": 9.760000000009313,
          "started_wall_seconds": 9.086910667829216,
          "completed_wall_seconds": 9.125094939954579,
          "missed_deadline": false,
          "version_used": 704,
          "update_launched": true,
          "finite": true,
          "completed_version": 705,
          "controller_seconds": 0.01144119119271636,
          "learner_seconds": 0.020705762086436152,
          "learner_started_wall_seconds": 9.103836529888213,
          "learner_completed_wall_seconds": 9.124542291974649,
          "physical_clearance_m": 2.674034969886843
        },
        {
          "time": 9.8,
          "scheduled_wall_seconds": 9.800000000046566,
          "started_wall_seconds": 9.12533850199543,
          "completed_wall_seconds": 9.162502518855035,
          "missed_deadline": false,
          "version_used": 705,
          "update_launched": true,
          "finite": true,
          "completed_version": 706,
          "controller_seconds": 0.011317064985632896,
          "learner_seconds": 0.020776604069396853,
          "learner_started_wall_seconds": 9.140909749781713,
          "learner_completed_wall_seconds": 9.16168635385111,
          "physical_clearance_m": 2.679556028923098
        },
        {
          "time": 9.84,
          "scheduled_wall_seconds": 9.840000000083819,
          "started_wall_seconds": 9.16268701478839,
          "completed_wall_seconds": 9.199659719830379,
          "missed_deadline": false,
          "version_used": 706,
          "update_launched": true,
          "finite": true,
          "completed_version": 707,
          "controller_seconds": 0.011221916880458593,
          "learner_seconds": 0.02078570914454758,
          "learner_started_wall_seconds": 9.178191003855318,
          "learner_completed_wall_seconds": 9.198976712999865,
          "physical_clearance_m": 2.6854514051285423
        },
        {
          "time": 9.88,
          "scheduled_wall_seconds": 9.879999999888241,
          "started_wall_seconds": 9.199875007849187,
          "completed_wall_seconds": 9.237849350785837,
          "missed_deadline": false,
          "version_used": 707,
          "update_launched": true,
          "finite": true,
          "completed_version": 708,
          "controller_seconds": 0.011278924066573381,
          "learner_seconds": 0.02102042199112475,
          "learner_started_wall_seconds": 9.21586936688982,
          "learner_completed_wall_seconds": 9.236889788880944,
          "physical_clearance_m": 2.691720383247439
        },
        {
          "time": 9.92,
          "scheduled_wall_seconds": 9.919999999925494,
          "started_wall_seconds": 9.238124777795747,
          "completed_wall_seconds": 9.280246358830482,
          "missed_deadline": false,
          "version_used": 708,
          "update_launched": true,
          "finite": true,
          "completed_version": 709,
          "controller_seconds": 0.011642467929050326,
          "learner_seconds": 0.02361565106548369,
          "learner_started_wall_seconds": 9.255581236910075,
          "learner_completed_wall_seconds": 9.279196887975559,
          "physical_clearance_m": 2.698359148582522
        },
        {
          "time": 9.96,
          "scheduled_wall_seconds": 9.959999999962747,
          "started_wall_seconds": 9.280490180011839,
          "completed_wall_seconds": 9.316622360842302,
          "missed_deadline": false,
          "version_used": 709,
          "update_launched": true,
          "finite": true,
          "completed_version": 710,
          "controller_seconds": 0.011288325069472194,
          "learner_seconds": 0.020708821015432477,
          "learner_started_wall_seconds": 9.295372214866802,
          "learner_completed_wall_seconds": 9.316081035882235,
          "physical_clearance_m": 2.70536269434363
        },
        {
          "time": 10.0,
          "scheduled_wall_seconds": 10.0,
          "started_wall_seconds": 9.316787221934646,
          "completed_wall_seconds": 9.353268385864794,
          "missed_deadline": false,
          "version_used": 710,
          "update_launched": true,
          "finite": true,
          "completed_version": 711,
          "controller_seconds": 0.011169568868353963,
          "learner_seconds": 0.02081594313494861,
          "learner_started_wall_seconds": 9.331533752847463,
          "learner_completed_wall_seconds": 9.352349695982412,
          "physical_clearance_m": 2.712721722206179
        },
        {
          "time": 10.040000000000001,
          "scheduled_wall_seconds": 10.040000000037253,
          "started_wall_seconds": 9.353540726006031,
          "completed_wall_seconds": 9.389779703924432,
          "missed_deadline": false,
          "version_used": 711,
          "update_launched": true,
          "finite": true,
          "completed_version": 712,
          "controller_seconds": 0.011220028856769204,
          "learner_seconds": 0.02084717620164156,
          "learner_started_wall_seconds": 9.368433606810868,
          "learner_completed_wall_seconds": 9.38928078301251,
          "physical_clearance_m": 2.720424311241213
        },
        {
          "time": 10.08,
          "scheduled_wall_seconds": 10.080000000074506,
          "started_wall_seconds": 9.389915896812454,
          "completed_wall_seconds": 9.42613861290738,
          "missed_deadline": false,
          "version_used": 712,
          "update_launched": true,
          "finite": true,
          "completed_version": 713,
          "controller_seconds": 0.01138145592994988,
          "learner_seconds": 0.020740598905831575,
          "learner_started_wall_seconds": 9.405077589908615,
          "learner_completed_wall_seconds": 9.425818188814446,
          "physical_clearance_m": 2.7284556794968284
        },
        {
          "time": 10.120000000000001,
          "scheduled_wall_seconds": 10.120000000111759,
          "started_wall_seconds": 9.426240783883259,
          "completed_wall_seconds": 9.462266854010522,
          "missed_deadline": false,
          "version_used": 713,
          "update_launched": true,
          "finite": true,
          "completed_version": 714,
          "controller_seconds": 0.011237815953791142,
          "learner_seconds": 0.020793210016563535,
          "learner_started_wall_seconds": 9.440779156982899,
          "learner_completed_wall_seconds": 9.461572366999462,
          "physical_clearance_m": 2.7367991376724876
        },
        {
          "time": 10.16,
          "scheduled_wall_seconds": 10.159999999916181,
          "started_wall_seconds": 9.462358276825398,
          "completed_wall_seconds": 9.498531873803586,
          "missed_deadline": false,
          "version_used": 714,
          "update_launched": true,
          "finite": true,
          "completed_version": 715,
          "controller_seconds": 0.011316196992993355,
          "learner_seconds": 0.020840736106038094,
          "learner_started_wall_seconds": 9.477153069805354,
          "learner_completed_wall_seconds": 9.497993805911392,
          "physical_clearance_m": 2.7454329896774925
        },
        {
          "time": 10.200000000000001,
          "scheduled_wall_seconds": 10.199999999953434,
          "started_wall_seconds": 9.498627085005865,
          "completed_wall_seconds": 9.5352740988601,
          "missed_deadline": false,
          "version_used": 715,
          "update_launched": true,
          "finite": true,
          "completed_version": 716,
          "controller_seconds": 0.011302585946395993,
          "learner_seconds": 0.020818777149543166,
          "learner_started_wall_seconds": 9.513921681791544,
          "learner_completed_wall_seconds": 9.534740458941087,
          "physical_clearance_m": 2.754335539421145
        },
        {
          "time": 10.24,
          "scheduled_wall_seconds": 10.239999999990687,
          "started_wall_seconds": 9.535553535912186,
          "completed_wall_seconds": 9.572170877829194,
          "missed_deadline": false,
          "version_used": 716,
          "update_launched": true,
          "finite": true,
          "completed_version": 717,
          "controller_seconds": 0.011317001888528466,
          "learner_seconds": 0.020875910064205527,
          "learner_started_wall_seconds": 9.5503981388174,
          "learner_completed_wall_seconds": 9.571274048881605,
          "physical_clearance_m": 2.7634805608597435
        },
        {
          "time": 10.28,
          "scheduled_wall_seconds": 10.28000000002794,
          "started_wall_seconds": 9.572266661794856,
          "completed_wall_seconds": 9.608166988939047,
          "missed_deadline": false,
          "version_used": 717,
          "update_launched": true,
          "finite": true,
          "completed_version": 718,
          "controller_seconds": 0.011521104956045747,
          "learner_seconds": 0.020903513068333268,
          "learner_started_wall_seconds": 9.586874598870054,
          "learner_completed_wall_seconds": 9.607778111938387,
          "physical_clearance_m": 2.7728403974381126
        },
        {
          "time": 10.32,
          "scheduled_wall_seconds": 10.320000000065193,
          "started_wall_seconds": 9.60820794897154,
          "completed_wall_seconds": 9.644041631836444,
          "missed_deadline": false,
          "version_used": 718,
          "update_launched": true,
          "finite": true,
          "completed_version": 719,
          "controller_seconds": 0.011365178041160107,
          "learner_seconds": 0.020855868002399802,
          "learner_started_wall_seconds": 9.622468425892293,
          "learner_completed_wall_seconds": 9.643324293894693,
          "physical_clearance_m": 2.782384293159548
        },
        {
          "time": 10.36,
          "scheduled_wall_seconds": 10.360000000102445,
          "started_wall_seconds": 9.644134190864861,
          "completed_wall_seconds": 9.680709403939545,
          "missed_deadline": false,
          "version_used": 719,
          "update_launched": true,
          "finite": true,
          "completed_version": 720,
          "controller_seconds": 0.011618848890066147,
          "learner_seconds": 0.021246674936264753,
          "learner_started_wall_seconds": 9.659027701010928,
          "learner_completed_wall_seconds": 9.680274375947192,
          "physical_clearance_m": 2.7920800615158714
        },
        {
          "time": 10.4,
          "scheduled_wall_seconds": 10.399999999906868,
          "started_wall_seconds": 9.680767823942006,
          "completed_wall_seconds": 9.718592753866687,
          "missed_deadline": false,
          "version_used": 720,
          "update_launched": true,
          "finite": true,
          "completed_version": 721,
          "controller_seconds": 0.012363773072138429,
          "learner_seconds": 0.021338860969990492,
          "learner_started_wall_seconds": 9.696812264854088,
          "learner_completed_wall_seconds": 9.718151125824079,
          "physical_clearance_m": 2.80189384706885
        },
        {
          "time": 10.44,
          "scheduled_wall_seconds": 10.43999999994412,
          "started_wall_seconds": 9.718769571976736,
          "completed_wall_seconds": 9.757140341913328,
          "missed_deadline": false,
          "version_used": 721,
          "update_launched": true,
          "finite": true,
          "completed_version": 722,
          "controller_seconds": 0.011893255170434713,
          "learner_seconds": 0.020980005152523518,
          "learner_started_wall_seconds": 9.735638359794393,
          "learner_completed_wall_seconds": 9.756618364946917,
          "physical_clearance_m": 2.8117894101944603
        },
        {
          "time": 10.48,
          "scheduled_wall_seconds": 10.479999999981374,
          "started_wall_seconds": 9.757271845825016,
          "completed_wall_seconds": 9.79474220983684,
          "missed_deadline": false,
          "version_used": 722,
          "update_launched": true,
          "finite": true,
          "completed_version": 723,
          "controller_seconds": 0.011417357018217444,
          "learner_seconds": 0.020889312960207462,
          "learner_started_wall_seconds": 9.773362023988739,
          "learner_completed_wall_seconds": 9.794251336948946,
          "physical_clearance_m": 2.821728603920046
        },
        {
          "time": 10.52,
          "scheduled_wall_seconds": 10.520000000018626,
          "started_wall_seconds": 9.794942396925762,
          "completed_wall_seconds": 9.832814852008596,
          "missed_deadline": false,
          "version_used": 723,
          "update_launched": true,
          "finite": true,
          "completed_version": 724,
          "controller_seconds": 0.011867265915498137,
          "learner_seconds": 0.021352140931412578,
          "learner_started_wall_seconds": 9.81089006899856,
          "learner_completed_wall_seconds": 9.832242209929973,
          "physical_clearance_m": 2.8316732812729515
        },
        {
          "time": 10.56,
          "scheduled_wall_seconds": 10.56000000005588,
          "started_wall_seconds": 9.83287977380678,
          "completed_wall_seconds": 9.871328203938901,
          "missed_deadline": false,
          "version_used": 724,
          "update_launched": true,
          "finite": true,
          "completed_version": 725,
          "controller_seconds": 0.01225591916590929,
          "learner_seconds": 0.021536753047257662,
          "learner_started_wall_seconds": 9.849123031832278,
          "learner_completed_wall_seconds": 9.870659784879535,
          "physical_clearance_m": 2.8308847352393296
        },
        {
          "time": 10.6,
          "scheduled_wall_seconds": 10.600000000093132,
          "started_wall_seconds": 9.871510824887082,
          "completed_wall_seconds": 9.909975335933268,
          "missed_deadline": false,
          "version_used": 725,
          "update_launched": true,
          "finite": true,
          "completed_version": 726,
          "controller_seconds": 0.01225215196609497,
          "learner_seconds": 0.02121553593315184,
          "learner_started_wall_seconds": 9.887998994905502,
          "learner_completed_wall_seconds": 9.909214530838653,
          "physical_clearance_m": 2.821181575907054
        },
        {
          "time": 10.64,
          "scheduled_wall_seconds": 10.639999999897555,
          "started_wall_seconds": 9.910189260961488,
          "completed_wall_seconds": 9.949195990804583,
          "missed_deadline": false,
          "version_used": 726,
          "update_launched": true,
          "finite": true,
          "completed_version": 727,
          "controller_seconds": 0.01198748592287302,
          "learner_seconds": 0.021197727881371975,
          "learner_started_wall_seconds": 9.927260024938732,
          "learner_completed_wall_seconds": 9.948457752820104,
          "physical_clearance_m": 2.8115334912665513
        },
        {
          "time": 10.68,
          "scheduled_wall_seconds": 10.679999999934807,
          "started_wall_seconds": 9.949411347974092,
          "completed_wall_seconds": 9.986481075873598,
          "missed_deadline": false,
          "version_used": 727,
          "update_launched": true,
          "finite": true,
          "completed_version": 728,
          "controller_seconds": 0.011664664838463068,
          "learner_seconds": 0.020992660894989967,
          "learner_started_wall_seconds": 9.964962590951473,
          "learner_completed_wall_seconds": 9.985955251846462,
          "physical_clearance_m": 2.8019774361975816
        },
        {
          "time": 10.72,
          "scheduled_wall_seconds": 10.71999999997206,
          "started_wall_seconds": 9.986728464951739,
          "completed_wall_seconds": 10.02377401292324,
          "missed_deadline": false,
          "version_used": 728,
          "update_launched": true,
          "finite": true,
          "completed_version": 729,
          "controller_seconds": 0.011391589883714914,
          "learner_seconds": 0.020871893037110567,
          "learner_started_wall_seconds": 10.0022989558056,
          "learner_completed_wall_seconds": 10.02317084884271,
          "physical_clearance_m": 2.7925503655799058
        },
        {
          "time": 10.76,
          "scheduled_wall_seconds": 10.760000000009313,
          "started_wall_seconds": 10.023957697907463,
          "completed_wall_seconds": 10.062171617988497,
          "missed_deadline": false,
          "version_used": 729,
          "update_launched": true,
          "finite": true,
          "completed_version": 730,
          "controller_seconds": 0.011441106908023357,
          "learner_seconds": 0.02098954701796174,
          "learner_started_wall_seconds": 10.040409919805825,
          "learner_completed_wall_seconds": 10.061399466823786,
          "physical_clearance_m": 2.783288042200389
        },
        {
          "time": 10.8,
          "scheduled_wall_seconds": 10.800000000046566,
          "started_wall_seconds": 10.062309304950759,
          "completed_wall_seconds": 10.099264682969078,
          "missed_deadline": false,
          "version_used": 730,
          "update_launched": true,
          "finite": true,
          "completed_version": 731,
          "controller_seconds": 0.011363108176738024,
          "learner_seconds": 0.020706895040348172,
          "learner_started_wall_seconds": 10.077965243952349,
          "learner_completed_wall_seconds": 10.098672138992697,
          "physical_clearance_m": 2.774226228845897
        },
        {
          "time": 10.84,
          "scheduled_wall_seconds": 10.840000000083819,
          "started_wall_seconds": 10.099398255813867,
          "completed_wall_seconds": 10.13604700495489,
          "missed_deadline": false,
          "version_used": 731,
          "update_launched": true,
          "finite": true,
          "completed_version": 732,
          "controller_seconds": 0.011350822867825627,
          "learner_seconds": 0.020758783211931586,
          "learner_started_wall_seconds": 10.114904927788302,
          "learner_completed_wall_seconds": 10.135663711000234,
          "physical_clearance_m": 2.7653983041175034
        },
        {
          "time": 10.88,
          "scheduled_wall_seconds": 10.879999999888241,
          "started_wall_seconds": 10.136176083935425,
          "completed_wall_seconds": 10.173263835953549,
          "missed_deadline": false,
          "version_used": 732,
          "update_launched": true,
          "finite": true,
          "completed_version": 733,
          "controller_seconds": 0.01127344579435885,
          "learner_seconds": 0.020817439071834087,
          "learner_started_wall_seconds": 10.151635703863576,
          "learner_completed_wall_seconds": 10.17245314293541,
          "physical_clearance_m": 2.756836454523387
        },
        {
          "time": 10.92,
          "scheduled_wall_seconds": 10.919999999925494,
          "started_wall_seconds": 10.17344380589202,
          "completed_wall_seconds": 10.211302745854482,
          "missed_deadline": false,
          "version_used": 733,
          "update_launched": true,
          "finite": true,
          "completed_version": 734,
          "controller_seconds": 0.01133359712548554,
          "learner_seconds": 0.020908864215016365,
          "learner_started_wall_seconds": 10.189575049793348,
          "learner_completed_wall_seconds": 10.210483914008364,
          "physical_clearance_m": 2.7485719128974107
        },
        {
          "time": 10.96,
          "scheduled_wall_seconds": 10.959999999962747,
          "started_wall_seconds": 10.211550538893789,
          "completed_wall_seconds": 10.249785077990964,
          "missed_deadline": false,
          "version_used": 734,
          "update_launched": true,
          "finite": true,
          "completed_version": 735,
          "controller_seconds": 0.01133113307878375,
          "learner_seconds": 0.02074424992315471,
          "learner_started_wall_seconds": 10.228180283913389,
          "learner_completed_wall_seconds": 10.248924533836544,
          "physical_clearance_m": 2.7406342431433823
        },
        {
          "time": 11.0,
          "scheduled_wall_seconds": 11.0,
          "started_wall_seconds": 10.250045196851715,
          "completed_wall_seconds": 10.287811664864421,
          "missed_deadline": false,
          "version_used": 735,
          "update_launched": true,
          "finite": true,
          "completed_version": 736,
          "controller_seconds": 0.011378765106201172,
          "learner_seconds": 0.020732789067551494,
          "learner_started_wall_seconds": 10.266337047796696,
          "learner_completed_wall_seconds": 10.287069836864248,
          "physical_clearance_m": 2.733718197000804
        },
        {
          "time": 11.040000000000001,
          "scheduled_wall_seconds": 11.040000000037253,
          "started_wall_seconds": 10.288070608861744,
          "completed_wall_seconds": 10.325256973970681,
          "missed_deadline": false,
          "version_used": 736,
          "update_launched": true,
          "finite": true,
          "completed_version": 737,
          "controller_seconds": 0.011366792023181915,
          "learner_seconds": 0.02079450711607933,
          "learner_started_wall_seconds": 10.303773681866005,
          "learner_completed_wall_seconds": 10.324568188982084,
          "physical_clearance_m": 2.7279935284979966
        },
        {
          "time": 11.08,
          "scheduled_wall_seconds": 11.080000000074506,
          "started_wall_seconds": 10.325371760874987,
          "completed_wall_seconds": 10.363120753783733,
          "missed_deadline": false,
          "version_used": 737,
          "update_launched": true,
          "finite": true,
          "completed_version": 738,
          "controller_seconds": 0.011395863955840468,
          "learner_seconds": 0.02084014704450965,
          "learner_started_wall_seconds": 10.34145391988568,
          "learner_completed_wall_seconds": 10.36229406693019,
          "physical_clearance_m": 2.7233620091803696
        },
        {
          "time": 11.120000000000001,
          "scheduled_wall_seconds": 11.120000000111759,
          "started_wall_seconds": 10.363206231966615,
          "completed_wall_seconds": 10.400254036998376,
          "missed_deadline": false,
          "version_used": 738,
          "update_launched": true,
          "finite": true,
          "completed_version": 739,
          "controller_seconds": 0.011396626941859722,
          "learner_seconds": 0.020724016008898616,
          "learner_started_wall_seconds": 10.379015277838334,
          "learner_completed_wall_seconds": 10.399739293847233,
          "physical_clearance_m": 2.7197046681769517
        },
        {
          "time": 11.16,
          "scheduled_wall_seconds": 11.159999999916181,
          "started_wall_seconds": 10.400323193985969,
          "completed_wall_seconds": 10.437258829828352,
          "missed_deadline": false,
          "version_used": 739,
          "update_launched": true,
          "finite": true,
          "completed_version": 740,
          "controller_seconds": 0.011470315977931023,
          "learner_seconds": 0.020830176072195172,
          "learner_started_wall_seconds": 10.415708020795137,
          "learner_completed_wall_seconds": 10.436538196867332,
          "physical_clearance_m": 2.7168894215949204
        },
        {
          "time": 11.200000000000001,
          "scheduled_wall_seconds": 11.199999999953434,
          "started_wall_seconds": 10.437622495926917,
          "completed_wall_seconds": 10.474427633918822,
          "missed_deadline": false,
          "version_used": 740,
          "update_launched": true,
          "finite": true,
          "completed_version": 741,
          "controller_seconds": 0.01139549189247191,
          "learner_seconds": 0.020719446940347552,
          "learner_started_wall_seconds": 10.45301632094197,
          "learner_completed_wall_seconds": 10.473735767882317,
          "physical_clearance_m": 2.714783231867137
        },
        {
          "time": 11.24,
          "scheduled_wall_seconds": 11.239999999990687,
          "started_wall_seconds": 10.474751422880217,
          "completed_wall_seconds": 10.518164454959333,
          "missed_deadline": false,
          "version_used": 741,
          "update_launched": true,
          "finite": true,
          "completed_version": 742,
          "controller_seconds": 0.012905474985018373,
          "learner_seconds": 0.023963751969859004,
          "learner_started_wall_seconds": 10.493364485912025,
          "learner_completed_wall_seconds": 10.517328237881884,
          "physical_clearance_m": 2.713256399286571
        },
        {
          "time": 11.28,
          "scheduled_wall_seconds": 11.28000000002794,
          "started_wall_seconds": 10.518226990941912,
          "completed_wall_seconds": 10.554858983960003,
          "missed_deadline": false,
          "version_used": 742,
          "update_launched": true,
          "finite": true,
          "completed_version": 743,
          "controller_seconds": 0.011433527106419206,
          "learner_seconds": 0.02086187992244959,
          "learner_started_wall_seconds": 10.533081536879763,
          "learner_completed_wall_seconds": 10.553943416802213,
          "physical_clearance_m": 2.7121894761450913
        },
        {
          "time": 11.32,
          "scheduled_wall_seconds": 11.320000000065193,
          "started_wall_seconds": 10.555132102919742,
          "completed_wall_seconds": 10.59223921597004,
          "missed_deadline": false,
          "version_used": 743,
          "update_launched": true,
          "finite": true,
          "completed_version": 744,
          "controller_seconds": 0.011413803091272712,
          "learner_seconds": 0.020719134947285056,
          "learner_started_wall_seconds": 10.570907704997808,
          "learner_completed_wall_seconds": 10.591626839945093,
          "physical_clearance_m": 2.711475174082103
        },
        {
          "time": 11.36,
          "scheduled_wall_seconds": 11.360000000102445,
          "started_wall_seconds": 10.592384402872995,
          "completed_wall_seconds": 10.630335099995136,
          "missed_deadline": false,
          "version_used": 744,
          "update_launched": true,
          "finite": true,
          "completed_version": 745,
          "controller_seconds": 0.011217138962820172,
          "learner_seconds": 0.020819575991481543,
          "learner_started_wall_seconds": 10.608665380859748,
          "learner_completed_wall_seconds": 10.629484956851229,
          "physical_clearance_m": 2.7110209866889146
        },
        {
          "time": 11.4,
          "scheduled_wall_seconds": 11.399999999906868,
          "started_wall_seconds": 10.630652974825352,
          "completed_wall_seconds": 10.668528511887416,
          "missed_deadline": false,
          "version_used": 745,
          "update_launched": true,
          "finite": true,
          "completed_version": 746,
          "controller_seconds": 0.011319118086248636,
          "learner_seconds": 0.020672992803156376,
          "learner_started_wall_seconds": 10.64717811299488,
          "learner_completed_wall_seconds": 10.667851105798036,
          "physical_clearance_m": 2.7107506200202134
        },
        {
          "time": 11.44,
          "scheduled_wall_seconds": 11.43999999994412,
          "started_wall_seconds": 10.668716317974031,
          "completed_wall_seconds": 10.705344008980319,
          "missed_deadline": false,
          "version_used": 746,
          "update_launched": true,
          "finite": true,
          "completed_version": 747,
          "controller_seconds": 0.011300432030111551,
          "learner_seconds": 0.02084253402426839,
          "learner_started_wall_seconds": 10.68355760187842,
          "learner_completed_wall_seconds": 10.704400135902688,
          "physical_clearance_m": 2.710604231012645
        },
        {
          "time": 11.48,
          "scheduled_wall_seconds": 11.479999999981374,
          "started_wall_seconds": 10.705590415978804,
          "completed_wall_seconds": 10.742944594938308,
          "missed_deadline": false,
          "version_used": 747,
          "update_launched": true,
          "finite": true,
          "completed_version": 748,
          "controller_seconds": 0.011451951926574111,
          "learner_seconds": 0.020770008908584714,
          "learner_started_wall_seconds": 10.721221368992701,
          "learner_completed_wall_seconds": 10.741991377901286,
          "physical_clearance_m": 2.710534135950389
        },
        {
          "time": 11.52,
          "scheduled_wall_seconds": 11.520000000018626,
          "started_wall_seconds": 10.743196110939607,
          "completed_wall_seconds": 10.779388639843091,
          "missed_deadline": false,
          "version_used": 748,
          "update_launched": true,
          "finite": true,
          "completed_version": 749,
          "controller_seconds": 0.011273570824414492,
          "learner_seconds": 0.02082204003818333,
          "learner_started_wall_seconds": 10.758066702866927,
          "learner_completed_wall_seconds": 10.77888874290511,
          "physical_clearance_m": 2.7105067178137925
        },
        {
          "time": 11.56,
          "scheduled_wall_seconds": 11.56000000005588,
          "started_wall_seconds": 10.779616379877552,
          "completed_wall_seconds": 10.816361982841045,
          "missed_deadline": false,
          "version_used": 749,
          "update_launched": true,
          "finite": true,
          "completed_version": 750,
          "controller_seconds": 0.011288522044196725,
          "learner_seconds": 0.020790885901078582,
          "learner_started_wall_seconds": 10.794947448885068,
          "learner_completed_wall_seconds": 10.815738334786147,
          "physical_clearance_m": 2.7105048104651597
        },
        {
          "time": 11.6,
          "scheduled_wall_seconds": 11.600000000093132,
          "started_wall_seconds": 10.816538127837703,
          "completed_wall_seconds": 10.853605570970103,
          "missed_deadline": false,
          "version_used": 750,
          "update_launched": true,
          "finite": true,
          "completed_version": 751,
          "controller_seconds": 0.011312644928693771,
          "learner_seconds": 0.021084609907120466,
          "learner_started_wall_seconds": 10.831843765918165,
          "learner_completed_wall_seconds": 10.852928375825286,
          "physical_clearance_m": 2.7105186387427476
        },
        {
          "time": 11.64,
          "scheduled_wall_seconds": 11.639999999897555,
          "started_wall_seconds": 10.853728402871639,
          "completed_wall_seconds": 10.890350117813796,
          "missed_deadline": false,
          "version_used": 751,
          "update_launched": true,
          "finite": true,
          "completed_version": 752,
          "controller_seconds": 0.01127882907167077,
          "learner_seconds": 0.021088240202516317,
          "learner_started_wall_seconds": 10.868591522797942,
          "learner_completed_wall_seconds": 10.889679763000458,
          "physical_clearance_m": 2.710552732599559
        },
        {
          "time": 11.68,
          "scheduled_wall_seconds": 11.679999999934807,
          "started_wall_seconds": 10.890473767882213,
          "completed_wall_seconds": 10.927267857827246,
          "missed_deadline": false,
          "version_used": 752,
          "update_launched": true,
          "finite": true,
          "completed_version": 753,
          "controller_seconds": 0.011320989113301039,
          "learner_seconds": 0.020810629008337855,
          "learner_started_wall_seconds": 10.905486853793263,
          "learner_completed_wall_seconds": 10.926297482801601,
          "physical_clearance_m": 2.7106099530585435
        },
        {
          "time": 11.72,
          "scheduled_wall_seconds": 11.71999999997206,
          "started_wall_seconds": 10.927608420839533,
          "completed_wall_seconds": 10.970565197989345,
          "missed_deadline": false,
          "version_used": 753,
          "update_launched": true,
          "finite": true,
          "completed_version": 754,
          "controller_seconds": 0.011529989074915648,
          "learner_seconds": 0.02618252020329237,
          "learner_started_wall_seconds": 10.943942038808018,
          "learner_completed_wall_seconds": 10.97012455901131,
          "physical_clearance_m": 2.710697691095653
        },
        {
          "time": 11.76,
          "scheduled_wall_seconds": 11.760000000009313,
          "started_wall_seconds": 10.97069713496603,
          "completed_wall_seconds": 11.016129952855408,
          "missed_deadline": false,
          "version_used": 754,
          "update_launched": true,
          "finite": true,
          "completed_version": 755,
          "controller_seconds": 0.012290706858038902,
          "learner_seconds": 0.026875563897192478,
          "learner_started_wall_seconds": 10.988483485998586,
          "learner_completed_wall_seconds": 11.015359049895778,
          "physical_clearance_m": 2.710831443918529
        },
        {
          "time": 11.8,
          "scheduled_wall_seconds": 11.800000000046566,
          "started_wall_seconds": 11.016283500939608,
          "completed_wall_seconds": 11.055812184000388,
          "missed_deadline": false,
          "version_used": 755,
          "update_launched": true,
          "finite": true,
          "completed_version": 756,
          "controller_seconds": 0.011808239854872227,
          "learner_seconds": 0.02146004792302847,
          "learner_started_wall_seconds": 11.033393607009202,
          "learner_completed_wall_seconds": 11.05485365493223,
          "physical_clearance_m": 2.7110283776648667
        },
        {
          "time": 11.84,
          "scheduled_wall_seconds": 11.840000000083819,
          "started_wall_seconds": 11.056086967000738,
          "completed_wall_seconds": 11.103177069919184,
          "missed_deadline": false,
          "version_used": 756,
          "update_launched": true,
          "finite": true,
          "completed_version": 757,
          "controller_seconds": 0.01222690287977457,
          "learner_seconds": 0.02684032008983195,
          "learner_started_wall_seconds": 11.074908146867529,
          "learner_completed_wall_seconds": 11.10174846695736,
          "physical_clearance_m": 2.7113078042395737
        },
        {
          "time": 11.88,
          "scheduled_wall_seconds": 11.879999999888241,
          "started_wall_seconds": 11.103376201819628,
          "completed_wall_seconds": 11.139399314997718,
          "missed_deadline": false,
          "version_used": 757,
          "update_launched": true,
          "finite": true,
          "completed_version": 758,
          "controller_seconds": 0.011385118123143911,
          "learner_seconds": 0.02072594896890223,
          "learner_started_wall_seconds": 11.117920201970264,
          "learner_completed_wall_seconds": 11.138646150939167,
          "physical_clearance_m": 2.71168832029182
        },
        {
          "time": 11.92,
          "scheduled_wall_seconds": 11.919999999925494,
          "started_wall_seconds": 11.139627957949415,
          "completed_wall_seconds": 11.175799763994291,
          "missed_deadline": false,
          "version_used": 758,
          "update_launched": true,
          "finite": true,
          "completed_version": 759,
          "controller_seconds": 0.01127631589770317,
          "learner_seconds": 0.020856766030192375,
          "learner_started_wall_seconds": 11.154142041923478,
          "learner_completed_wall_seconds": 11.17499880795367,
          "physical_clearance_m": 2.7121880456336167
        },
        {
          "time": 11.96,
          "scheduled_wall_seconds": 11.959999999962747,
          "started_wall_seconds": 11.176061230013147,
          "completed_wall_seconds": 11.212420410010964,
          "missed_deadline": false,
          "version_used": 759,
          "update_launched": true,
          "finite": true,
          "completed_version": 760,
          "controller_seconds": 0.01124265301041305,
          "learner_seconds": 0.02081293403171003,
          "learner_started_wall_seconds": 11.190806950908154,
          "learner_completed_wall_seconds": 11.211619884939864,
          "physical_clearance_m": 2.712822239054027
        },
        {
          "time": 12.0,
          "scheduled_wall_seconds": 12.0,
          "started_wall_seconds": 11.212766451993957,
          "completed_wall_seconds": 11.249784576939419,
          "missed_deadline": false,
          "version_used": 760,
          "update_launched": true,
          "finite": true,
          "completed_version": 761,
          "controller_seconds": 0.011249814881011844,
          "learner_seconds": 0.02101191785186529,
          "learner_started_wall_seconds": 11.227737487992272,
          "learner_completed_wall_seconds": 11.248749405844137,
          "physical_clearance_m": 2.713603775156322
        },
        {
          "time": 12.040000000000001,
          "scheduled_wall_seconds": 12.040000000037253,
          "started_wall_seconds": 11.250158330891281,
          "completed_wall_seconds": 11.28715971391648,
          "missed_deadline": false,
          "version_used": 761,
          "update_launched": true,
          "finite": true,
          "completed_version": 762,
          "controller_seconds": 0.011491859098896384,
          "learner_seconds": 0.020769351162016392,
          "learner_started_wall_seconds": 11.2653718017973,
          "learner_completed_wall_seconds": 11.286141152959317,
          "physical_clearance_m": 2.714540521753612
        },
        {
          "time": 12.08,
          "scheduled_wall_seconds": 12.080000000074506,
          "started_wall_seconds": 11.287349559832364,
          "completed_wall_seconds": 11.323007389903069,
          "missed_deadline": false,
          "version_used": 762,
          "update_launched": true,
          "finite": true,
          "completed_version": 763,
          "controller_seconds": 0.011252820957452059,
          "learner_seconds": 0.020843139151111245,
          "learner_started_wall_seconds": 11.301878668833524,
          "learner_completed_wall_seconds": 11.322721807984635,
          "physical_clearance_m": 2.7156365319617417
        },
        {
          "time": 12.120000000000001,
          "scheduled_wall_seconds": 12.120000000111759,
          "started_wall_seconds": 11.323044783901423,
          "completed_wall_seconds": 11.359416124876589,
          "missed_deadline": false,
          "version_used": 763,
          "update_launched": true,
          "finite": true,
          "completed_version": 764,
          "controller_seconds": 0.011323373997583985,
          "learner_seconds": 0.020952113904058933,
          "learner_started_wall_seconds": 11.337567606009543,
          "learner_completed_wall_seconds": 11.358519719913602,
          "physical_clearance_m": 2.7168922826178696
        },
        {
          "time": 12.16,
          "scheduled_wall_seconds": 12.159999999916181,
          "started_wall_seconds": 11.359653646824881,
          "completed_wall_seconds": 11.39609496993944,
          "missed_deadline": false,
          "version_used": 764,
          "update_launched": true,
          "finite": true,
          "completed_version": 765,
          "controller_seconds": 0.011336906114593148,
          "learner_seconds": 0.020838113967329264,
          "learner_started_wall_seconds": 11.374607415869832,
          "learner_completed_wall_seconds": 11.395445529837161,
          "physical_clearance_m": 2.718301813257518
        },
        {
          "time": 12.200000000000001,
          "scheduled_wall_seconds": 12.199999999953434,
          "started_wall_seconds": 11.396183860953897,
          "completed_wall_seconds": 11.432484231889248,
          "missed_deadline": false,
          "version_used": 765,
          "update_launched": true,
          "finite": true,
          "completed_version": 766,
          "controller_seconds": 0.011210588971152902,
          "learner_seconds": 0.020865536062046885,
          "learner_started_wall_seconds": 11.410655981861055,
          "learner_completed_wall_seconds": 11.431521517923102,
          "physical_clearance_m": 2.7198567792304185
        },
        {
          "time": 12.24,
          "scheduled_wall_seconds": 12.239999999990687,
          "started_wall_seconds": 11.432768704835325,
          "completed_wall_seconds": 11.468902797903866,
          "missed_deadline": false,
          "version_used": 766,
          "update_launched": true,
          "finite": true,
          "completed_version": 767,
          "controller_seconds": 0.011235239915549755,
          "learner_seconds": 0.02080647205002606,
          "learner_started_wall_seconds": 11.447101214900613,
          "learner_completed_wall_seconds": 11.467907686950639,
          "physical_clearance_m": 2.7215428754218247
        },
        {
          "time": 12.280000000000001,
          "scheduled_wall_seconds": 12.28000000002794,
          "started_wall_seconds": 11.469130074838176,
          "completed_wall_seconds": 11.505408491007984,
          "missed_deadline": false,
          "version_used": 767,
          "update_launched": true,
          "finite": true,
          "completed_version": 768,
          "controller_seconds": 0.011209800140932202,
          "learner_seconds": 0.020739143015816808,
          "learner_started_wall_seconds": 11.48379596392624,
          "learner_completed_wall_seconds": 11.504535106942058,
          "physical_clearance_m": 2.7233434125311997
        },
        {
          "time": 12.32,
          "scheduled_wall_seconds": 12.320000000065193,
          "started_wall_seconds": 11.505653544794768,
          "completed_wall_seconds": 11.542493973858654,
          "missed_deadline": false,
          "version_used": 768,
          "update_launched": true,
          "finite": true,
          "completed_version": 769,
          "controller_seconds": 0.011301185004413128,
          "learner_seconds": 0.020731099881231785,
          "learner_started_wall_seconds": 11.521017950959504,
          "learner_completed_wall_seconds": 11.541749050840735,
          "physical_clearance_m": 2.7252371713050034
        },
        {
          "time": 12.36,
          "scheduled_wall_seconds": 12.360000000102445,
          "started_wall_seconds": 11.542777691967785,
          "completed_wall_seconds": 11.579166122945026,
          "missed_deadline": false,
          "version_used": 769,
          "update_launched": true,
          "finite": true,
          "completed_version": 770,
          "controller_seconds": 0.011276715900748968,
          "learner_seconds": 0.02068304317072034,
          "learner_started_wall_seconds": 11.55775140482001,
          "learner_completed_wall_seconds": 11.57843444799073,
          "physical_clearance_m": 2.727200786722484
        },
        {
          "time": 12.4,
          "scheduled_wall_seconds": 12.399999999906868,
          "started_wall_seconds": 11.579273114912212,
          "completed_wall_seconds": 11.614712285809219,
          "missed_deadline": false,
          "version_used": 770,
          "update_launched": true,
          "finite": true,
          "completed_version": 771,
          "controller_seconds": 0.011271553114056587,
          "learner_seconds": 0.020797447999939322,
          "learner_started_wall_seconds": 11.593360853847116,
          "learner_completed_wall_seconds": 11.614158301847056,
          "physical_clearance_m": 2.7292089864142564
        },
        {
          "time": 12.44,
          "scheduled_wall_seconds": 12.43999999994412,
          "started_wall_seconds": 11.614939991850406,
          "completed_wall_seconds": 11.650412379996851,
          "missed_deadline": false,
          "version_used": 771,
          "update_launched": true,
          "finite": true,
          "completed_version": 772,
          "controller_seconds": 0.011325564933940768,
          "learner_seconds": 0.020786141976714134,
          "learner_started_wall_seconds": 11.62912462092936,
          "learner_completed_wall_seconds": 11.649910762906075,
          "physical_clearance_m": 2.731233875406566
        },
        {
          "time": 12.48,
          "scheduled_wall_seconds": 12.479999999981374,
          "started_wall_seconds": 11.650527694961056,
          "completed_wall_seconds": 11.68631637096405,
          "missed_deadline": false,
          "version_used": 772,
          "update_launched": true,
          "finite": true,
          "completed_version": 773,
          "controller_seconds": 0.011400745017454028,
          "learner_seconds": 0.020808096043765545,
          "learner_started_wall_seconds": 11.66463399794884,
          "learner_completed_wall_seconds": 11.685442093992606,
          "physical_clearance_m": 2.733248273981395
        },
        {
          "time": 12.52,
          "scheduled_wall_seconds": 12.520000000018626,
          "started_wall_seconds": 11.6865432059858,
          "completed_wall_seconds": 11.722899657906964,
          "missed_deadline": false,
          "version_used": 773,
          "update_launched": true,
          "finite": true,
          "completed_version": 774,
          "controller_seconds": 0.011332754045724869,
          "learner_seconds": 0.021040406078100204,
          "learner_started_wall_seconds": 11.700885471887887,
          "learner_completed_wall_seconds": 11.721925877965987,
          "physical_clearance_m": 2.7352230950720933
        },
        {
          "time": 12.56,
          "scheduled_wall_seconds": 12.56000000005588,
          "started_wall_seconds": 11.723152298945934,
          "completed_wall_seconds": 11.762607199838385,
          "missed_deadline": false,
          "version_used": 774,
          "update_launched": true,
          "finite": true,
          "completed_version": 775,
          "controller_seconds": 0.011231115087866783,
          "learner_seconds": 0.023269351106137037,
          "learner_started_wall_seconds": 11.73825449985452,
          "learner_completed_wall_seconds": 11.761523850960657,
          "physical_clearance_m": 2.7371304437049058
        },
        {
          "time": 12.6,
          "scheduled_wall_seconds": 12.600000000093132,
          "started_wall_seconds": 11.762833987828344,
          "completed_wall_seconds": 11.799718268914148,
          "missed_deadline": false,
          "version_used": 775,
          "update_launched": true,
          "finite": true,
          "completed_version": 776,
          "controller_seconds": 0.011297143064439297,
          "learner_seconds": 0.020819470984861255,
          "learner_started_wall_seconds": 11.778251630952582,
          "learner_completed_wall_seconds": 11.799071101937443,
          "physical_clearance_m": 2.7389421864874985
        },
        {
          "time": 12.64,
          "scheduled_wall_seconds": 12.639999999897555,
          "started_wall_seconds": 11.799857689999044,
          "completed_wall_seconds": 11.836000273004174,
          "missed_deadline": false,
          "version_used": 776,
          "update_launched": true,
          "finite": true,
          "completed_version": 777,
          "controller_seconds": 0.011204596143215895,
          "learner_seconds": 0.020811564987525344,
          "learner_started_wall_seconds": 11.81455155997537,
          "learner_completed_wall_seconds": 11.835363124962896,
          "physical_clearance_m": 2.740631620539012
        },
        {
          "time": 12.68,
          "scheduled_wall_seconds": 12.679999999934807,
          "started_wall_seconds": 11.8360827609431,
          "completed_wall_seconds": 11.8728834008798,
          "missed_deadline": false,
          "version_used": 777,
          "update_launched": true,
          "finite": true,
          "completed_version": 778,
          "controller_seconds": 0.011262603104114532,
          "learner_seconds": 0.020832302048802376,
          "learner_started_wall_seconds": 11.851256013847888,
          "learner_completed_wall_seconds": 11.87208831589669,
          "physical_clearance_m": 2.742173711908641
        },
        {
          "time": 12.72,
          "scheduled_wall_seconds": 12.71999999997206,
          "started_wall_seconds": 11.87305642478168,
          "completed_wall_seconds": 11.909279811894521,
          "missed_deadline": false,
          "version_used": 778,
          "update_launched": true,
          "finite": true,
          "completed_version": 779,
          "controller_seconds": 0.011238008039072156,
          "learner_seconds": 0.02098850696347654,
          "learner_started_wall_seconds": 11.887626781826839,
          "learner_completed_wall_seconds": 11.908615288790315,
          "physical_clearance_m": 2.7435453339942124
        },
        {
          "time": 12.76,
          "scheduled_wall_seconds": 12.760000000009313,
          "started_wall_seconds": 11.909470208920538,
          "completed_wall_seconds": 11.945699373958632,
          "missed_deadline": false,
          "version_used": 779,
          "update_launched": true,
          "finite": true,
          "completed_version": 780,
          "controller_seconds": 0.011311254929751158,
          "learner_seconds": 0.02104036696255207,
          "learner_started_wall_seconds": 11.923787568928674,
          "learner_completed_wall_seconds": 11.944827935891226,
          "physical_clearance_m": 2.738901035865847
        },
        {
          "time": 12.8,
          "scheduled_wall_seconds": 12.800000000046566,
          "started_wall_seconds": 11.945954792900011,
          "completed_wall_seconds": 11.98218640894629,
          "missed_deadline": false,
          "version_used": 780,
          "update_launched": true,
          "finite": true,
          "completed_version": 781,
          "controller_seconds": 0.011203521862626076,
          "learner_seconds": 0.020809661131352186,
          "learner_started_wall_seconds": 11.960692386841401,
          "learner_completed_wall_seconds": 11.981502047972754,
          "physical_clearance_m": 2.7302535940018333
        },
        {
          "time": 12.84,
          "scheduled_wall_seconds": 12.840000000083819,
          "started_wall_seconds": 11.982513270806521,
          "completed_wall_seconds": 12.01894812984392,
          "missed_deadline": false,
          "version_used": 781,
          "update_launched": true,
          "finite": true,
          "completed_version": 782,
          "controller_seconds": 0.011228088987991214,
          "learner_seconds": 0.02075289492495358,
          "learner_started_wall_seconds": 11.99725212994963,
          "learner_completed_wall_seconds": 12.018005024874583,
          "physical_clearance_m": 2.722018139442507
        },
        {
          "time": 12.88,
          "scheduled_wall_seconds": 12.879999999888241,
          "started_wall_seconds": 12.019147709012032,
          "completed_wall_seconds": 12.055237961933017,
          "missed_deadline": false,
          "version_used": 782,
          "update_launched": true,
          "finite": true,
          "completed_version": 783,
          "controller_seconds": 0.011283976957201958,
          "learner_seconds": 0.020730797201395035,
          "learner_started_wall_seconds": 12.033697636798024,
          "learner_completed_wall_seconds": 12.05442843399942,
          "physical_clearance_m": 2.7142018247452415
        },
        {
          "time": 12.92,
          "scheduled_wall_seconds": 12.919999999925494,
          "started_wall_seconds": 12.055425306782126,
          "completed_wall_seconds": 12.091623889980838,
          "missed_deadline": false,
          "version_used": 783,
          "update_launched": true,
          "finite": true,
          "completed_version": 784,
          "controller_seconds": 0.011261936975643039,
          "learner_seconds": 0.020657284883782268,
          "learner_started_wall_seconds": 12.070403137942776,
          "learner_completed_wall_seconds": 12.091060422826558,
          "physical_clearance_m": 2.706808226188723
        },
        {
          "time": 12.96,
          "scheduled_wall_seconds": 12.959999999962747,
          "started_wall_seconds": 12.09183681779541,
          "completed_wall_seconds": 12.127802250906825,
          "missed_deadline": false,
          "version_used": 784,
          "update_launched": true,
          "finite": true,
          "completed_version": 785,
          "controller_seconds": 0.011225505964830518,
          "learner_seconds": 0.020850032102316618,
          "learner_started_wall_seconds": 12.10635856888257,
          "learner_completed_wall_seconds": 12.127208600984886,
          "physical_clearance_m": 2.699838535865847
        },
        {
          "time": 13.0,
          "scheduled_wall_seconds": 13.0,
          "started_wall_seconds": 12.128021453972906,
          "completed_wall_seconds": 12.164655862841755,
          "missed_deadline": false,
          "version_used": 785,
          "update_launched": true,
          "finite": true,
          "completed_version": 786,
          "controller_seconds": 0.011375427944585681,
          "learner_seconds": 0.020974820014089346,
          "learner_started_wall_seconds": 12.143008390907198,
          "learner_completed_wall_seconds": 12.163983210921288,
          "physical_clearance_m": 2.693291323265139
        },
        {
          "time": 13.040000000000001,
          "scheduled_wall_seconds": 13.040000000037253,
          "started_wall_seconds": 12.16494129691273,
          "completed_wall_seconds": 12.201760525815189,
          "missed_deadline": false,
          "version_used": 786,
          "update_launched": true,
          "finite": true,
          "completed_version": 787,
          "controller_seconds": 0.01138909813016653,
          "learner_seconds": 0.02098299702629447,
          "learner_started_wall_seconds": 12.180035238852724,
          "learner_completed_wall_seconds": 12.201018235879019,
          "physical_clearance_m": 2.687161581596438
        },
        {
          "time": 13.08,
          "scheduled_wall_seconds": 13.080000000074506,
          "started_wall_seconds": 12.202065696939826,
          "completed_wall_seconds": 12.23784988396801,
          "missed_deadline": false,
          "version_used": 787,
          "update_launched": true,
          "finite": true,
          "completed_version": 788,
          "controller_seconds": 0.011291968170553446,
          "learner_seconds": 0.020693260012194514,
          "learner_started_wall_seconds": 12.216785218799487,
          "learner_completed_wall_seconds": 12.237478478811681,
          "physical_clearance_m": 2.681443111976687
        },
        {
          "time": 13.120000000000001,
          "scheduled_wall_seconds": 13.120000000111759,
          "started_wall_seconds": 12.237935101846233,
          "completed_wall_seconds": 12.273881800938398,
          "missed_deadline": false,
          "version_used": 788,
          "update_launched": true,
          "finite": true,
          "completed_version": 789,
          "controller_seconds": 0.011368217878043652,
          "learner_seconds": 0.020822450052946806,
          "learner_started_wall_seconds": 12.252709202934057,
          "learner_completed_wall_seconds": 12.273531652987003,
          "physical_clearance_m": 2.676126377662722
        },
        {
          "time": 13.16,
          "scheduled_wall_seconds": 13.159999999916181,
          "started_wall_seconds": 12.273996762000024,
          "completed_wall_seconds": 12.309304513968527,
          "missed_deadline": false,
          "version_used": 789,
          "update_launched": true,
          "finite": true,
          "completed_version": 790,
          "controller_seconds": 0.01122670085169375,
          "learner_seconds": 0.020774006145074964,
          "learner_started_wall_seconds": 12.288300360785797,
          "learner_completed_wall_seconds": 12.309074366930872,
          "physical_clearance_m": 2.6712006498184837
        },
        {
          "time": 13.200000000000001,
          "scheduled_wall_seconds": 13.199999999953434,
          "started_wall_seconds": 12.309390958864242,
          "completed_wall_seconds": 12.344498639926314,
          "missed_deadline": false,
          "version_used": 790,
          "update_launched": true,
          "finite": true,
          "completed_version": 791,
          "controller_seconds": 0.011321939062327147,
          "learner_seconds": 0.020647242898121476,
          "learner_started_wall_seconds": 12.323595969937742,
          "learner_completed_wall_seconds": 12.344243212835863,
          "physical_clearance_m": 2.6666530538407005
        },
        {
          "time": 13.24,
          "scheduled_wall_seconds": 13.239999999990687,
          "started_wall_seconds": 12.344577798852697,
          "completed_wall_seconds": 12.380299396812916,
          "missed_deadline": false,
          "version_used": 791,
          "update_launched": true,
          "finite": true,
          "completed_version": 792,
          "controller_seconds": 0.011335386894643307,
          "learner_seconds": 0.020672618877142668,
          "learner_started_wall_seconds": 12.359237232943997,
          "learner_completed_wall_seconds": 12.37990985182114,
          "physical_clearance_m": 2.6624692846146263
        },
        {
          "time": 13.280000000000001,
          "scheduled_wall_seconds": 13.28000000002794,
          "started_wall_seconds": 12.380336062982678,
          "completed_wall_seconds": 12.415814647916704,
          "missed_deadline": false,
          "version_used": 792,
          "update_launched": true,
          "finite": true,
          "completed_version": 793,
          "controller_seconds": 0.011344305938109756,
          "learner_seconds": 0.02089998801238835,
          "learner_started_wall_seconds": 12.394518930930644,
          "learner_completed_wall_seconds": 12.415418918943033,
          "physical_clearance_m": 2.6586338449326194
        },
        {
          "time": 13.32,
          "scheduled_wall_seconds": 13.320000000065193,
          "started_wall_seconds": 12.415972865885124,
          "completed_wall_seconds": 12.451108804903924,
          "missed_deadline": false,
          "version_used": 793,
          "update_launched": true,
          "finite": true,
          "completed_version": 794,
          "controller_seconds": 0.011298108845949173,
          "learner_seconds": 0.02069712895900011,
          "learner_started_wall_seconds": 12.430127864005044,
          "learner_completed_wall_seconds": 12.450824992964044,
          "physical_clearance_m": 2.655130283912722
        },
        {
          "time": 13.36,
          "scheduled_wall_seconds": 13.360000000102445,
          "started_wall_seconds": 12.451148692984134,
          "completed_wall_seconds": 12.486270829802379,
          "missed_deadline": false,
          "version_used": 794,
          "update_launched": true,
          "finite": true,
          "completed_version": 795,
          "controller_seconds": 0.011398897971957922,
          "learner_seconds": 0.020705732982605696,
          "learner_started_wall_seconds": 12.465136224869639,
          "learner_completed_wall_seconds": 12.485841957852244,
          "physical_clearance_m": 2.6519416738358177
        },
        {
          "time": 13.4,
          "scheduled_wall_seconds": 13.399999999906868,
          "started_wall_seconds": 12.486305095953867,
          "completed_wall_seconds": 12.52164462278597,
          "missed_deadline": false,
          "version_used": 795,
          "update_launched": true,
          "finite": true,
          "completed_version": 796,
          "controller_seconds": 0.0112735191360116,
          "learner_seconds": 0.02071365201845765,
          "learner_started_wall_seconds": 12.500499537913129,
          "learner_completed_wall_seconds": 12.521213189931586,
          "physical_clearance_m": 2.649050133308474
        },
        {
          "time": 13.44,
          "scheduled_wall_seconds": 13.43999999994412,
          "started_wall_seconds": 12.521822141949087,
          "completed_wall_seconds": 12.557237440953031,
          "missed_deadline": false,
          "version_used": 796,
          "update_launched": true,
          "finite": true,
          "completed_version": 797,
          "controller_seconds": 0.011387340957298875,
          "learner_seconds": 0.02076672692783177,
          "learner_started_wall_seconds": 12.536037331912667,
          "learner_completed_wall_seconds": 12.556804058840498,
          "physical_clearance_m": 2.646437065681521
        },
        {
          "time": 13.48,
          "scheduled_wall_seconds": 13.479999999981374,
          "started_wall_seconds": 12.557385127991438,
          "completed_wall_seconds": 12.592850503977388,
          "missed_deadline": false,
          "version_used": 797,
          "update_launched": true,
          "finite": true,
          "completed_version": 798,
          "controller_seconds": 0.01136698410846293,
          "learner_seconds": 0.020766728790476918,
          "learner_started_wall_seconds": 12.5716186480131,
          "learner_completed_wall_seconds": 12.592385376803577,
          "physical_clearance_m": 2.6440843511429466
        },
        {
          "time": 13.52,
          "scheduled_wall_seconds": 13.520000000018626,
          "started_wall_seconds": 12.592947303783149,
          "completed_wall_seconds": 12.628302016993985,
          "missed_deadline": false,
          "version_used": 798,
          "update_launched": true,
          "finite": true,
          "completed_version": 799,
          "controller_seconds": 0.011344627011567354,
          "learner_seconds": 0.020727853989228606,
          "learner_started_wall_seconds": 12.607353464933112,
          "learner_completed_wall_seconds": 12.62808131892234,
          "physical_clearance_m": 2.6419738698807396
        },
        {
          "time": 13.56,
          "scheduled_wall_seconds": 13.56000000005588,
          "started_wall_seconds": 12.628388463985175,
          "completed_wall_seconds": 12.6638727709651,
          "missed_deadline": false,
          "version_used": 799,
          "update_launched": true,
          "finite": true,
          "completed_version": 800,
          "controller_seconds": 0.011291041038930416,
          "learner_seconds": 0.020686449948698282,
          "learner_started_wall_seconds": 12.642849077936262,
          "learner_completed_wall_seconds": 12.66353552788496,
          "physical_clearance_m": 2.6400882173386253
        },
        {
          "time": 13.6,
          "scheduled_wall_seconds": 13.600000000093132,
          "started_wall_seconds": 12.66391149489209,
          "completed_wall_seconds": 12.699118399992585,
          "missed_deadline": false,
          "version_used": 800,
          "update_launched": true,
          "finite": true,
          "completed_version": 801,
          "controller_seconds": 0.011263415915891528,
          "learner_seconds": 0.02068921597674489,
          "learner_started_wall_seconds": 12.678087022854015,
          "learner_completed_wall_seconds": 12.69877623883076,
          "physical_clearance_m": 2.638409512123171
        },
        {
          "time": 13.64,
          "scheduled_wall_seconds": 13.639999999897555,
          "started_wall_seconds": 12.699205245822668,
          "completed_wall_seconds": 12.735213057836518,
          "missed_deadline": false,
          "version_used": 801,
          "update_launched": true,
          "finite": true,
          "completed_version": 802,
          "controller_seconds": 0.011347864987328649,
          "learner_seconds": 0.020802635932341218,
          "learner_started_wall_seconds": 12.713834923924878,
          "learner_completed_wall_seconds": 12.73463755985722,
          "physical_clearance_m": 2.6369217801895775
        },
        {
          "time": 13.68,
          "scheduled_wall_seconds": 13.679999999934807,
          "started_wall_seconds": 12.73535019881092,
          "completed_wall_seconds": 12.771042429842055,
          "missed_deadline": false,
          "version_used": 802,
          "update_launched": true,
          "finite": true,
          "completed_version": 803,
          "controller_seconds": 0.011258503189310431,
          "learner_seconds": 0.02078509097918868,
          "learner_started_wall_seconds": 12.749792476883158,
          "learner_completed_wall_seconds": 12.770577567862347,
          "physical_clearance_m": 2.635608809074465
        },
        {
          "time": 13.72,
          "scheduled_wall_seconds": 13.71999999997206,
          "started_wall_seconds": 12.771226469893008,
          "completed_wall_seconds": 12.806911888998002,
          "missed_deadline": false,
          "version_used": 803,
          "update_launched": true,
          "finite": true,
          "completed_version": 804,
          "controller_seconds": 0.01132919592782855,
          "learner_seconds": 0.020902075106278062,
          "learner_started_wall_seconds": 12.785708095878363,
          "learner_completed_wall_seconds": 12.80661017098464,
          "physical_clearance_m": 2.6344570089188255
        },
        {
          "time": 13.76,
          "scheduled_wall_seconds": 13.760000000009313,
          "started_wall_seconds": 12.806984564987943,
          "completed_wall_seconds": 12.842427643947303,
          "missed_deadline": false,
          "version_used": 804,
          "update_launched": true,
          "finite": true,
          "completed_version": 805,
          "controller_seconds": 0.011256552068516612,
          "learner_seconds": 0.020772420102730393,
          "learner_started_wall_seconds": 12.82129836990498,
          "learner_completed_wall_seconds": 12.84207079000771,
          "physical_clearance_m": 2.6334520746079124
        },
        {
          "time": 13.8,
          "scheduled_wall_seconds": 13.800000000046566,
          "started_wall_seconds": 12.842552546877414,
          "completed_wall_seconds": 12.87856123689562,
          "missed_deadline": false,
          "version_used": 805,
          "update_launched": true,
          "finite": true,
          "completed_version": 806,
          "controller_seconds": 0.011418985901400447,
          "learner_seconds": 0.02071500802412629,
          "learner_started_wall_seconds": 12.857428836869076,
          "learner_completed_wall_seconds": 12.878143844893202,
          "physical_clearance_m": 2.632582562049929
        },
        {
          "time": 13.84,
          "scheduled_wall_seconds": 13.840000000083819,
          "started_wall_seconds": 12.878648353973404,
          "completed_wall_seconds": 12.91481453482993,
          "missed_deadline": false,
          "version_used": 806,
          "update_launched": true,
          "finite": true,
          "completed_version": 807,
          "controller_seconds": 0.011289621936157346,
          "learner_seconds": 0.020860860124230385,
          "learner_started_wall_seconds": 12.89331245678477,
          "learner_completed_wall_seconds": 12.914173316909,
          "physical_clearance_m": 2.6318377424088157
        },
        {
          "time": 13.88,
          "scheduled_wall_seconds": 13.879999999888241,
          "started_wall_seconds": 12.915007530944422,
          "completed_wall_seconds": 12.951692864997312,
          "missed_deadline": false,
          "version_used": 807,
          "update_launched": true,
          "finite": true,
          "completed_version": 808,
          "controller_seconds": 0.011456796899437904,
          "learner_seconds": 0.020855606999248266,
          "learner_started_wall_seconds": 12.930332778953016,
          "learner_completed_wall_seconds": 12.951188385952264,
          "physical_clearance_m": 2.6312085557785667
        },
        {
          "time": 13.92,
          "scheduled_wall_seconds": 13.919999999925494,
          "started_wall_seconds": 12.951825869968161,
          "completed_wall_seconds": 12.989393555792049,
          "missed_deadline": false,
          "version_used": 808,
          "update_launched": true,
          "finite": true,
          "completed_version": 809,
          "controller_seconds": 0.011536738835275173,
          "learner_seconds": 0.020878256065770984,
          "learner_started_wall_seconds": 12.96773020690307,
          "learner_completed_wall_seconds": 12.988608462968841,
          "physical_clearance_m": 2.630688564857546
        },
        {
          "time": 13.96,
          "scheduled_wall_seconds": 13.959999999962747,
          "started_wall_seconds": 12.989544509910047,
          "completed_wall_seconds": 13.026662728982046,
          "missed_deadline": false,
          "version_used": 809,
          "update_launched": true,
          "finite": true,
          "completed_version": 810,
          "controller_seconds": 0.011232075979933143,
          "learner_seconds": 0.02064637397415936,
          "learner_started_wall_seconds": 13.005338241811842,
          "learner_completed_wall_seconds": 13.025984615786001,
          "physical_clearance_m": 2.6302718091812767
        },
        {
          "time": 14.0,
          "scheduled_wall_seconds": 14.0,
          "started_wall_seconds": 13.026951998006552,
          "completed_wall_seconds": 13.063559427857399,
          "missed_deadline": false,
          "version_used": 810,
          "update_launched": true,
          "finite": true,
          "completed_version": 811,
          "controller_seconds": 0.011299278121441603,
          "learner_seconds": 0.020672417944297194,
          "learner_started_wall_seconds": 13.04213093384169,
          "learner_completed_wall_seconds": 13.062803351785988,
          "physical_clearance_m": 2.6299549508896507
        },
        {
          "time": 14.040000000000001,
          "scheduled_wall_seconds": 14.040000000037253,
          "started_wall_seconds": 13.063824356999248,
          "completed_wall_seconds": 13.101119229802862,
          "missed_deadline": false,
          "version_used": 811,
          "update_launched": true,
          "finite": true,
          "completed_version": 812,
          "controller_seconds": 0.011307507054880261,
          "learner_seconds": 0.02100566797889769,
          "learner_started_wall_seconds": 13.079231495968997,
          "learner_completed_wall_seconds": 13.100237163947895,
          "physical_clearance_m": 2.6297363210526146
        },
        {
          "time": 14.08,
          "scheduled_wall_seconds": 14.080000000074506,
          "started_wall_seconds": 13.101311463862658,
          "completed_wall_seconds": 13.137334036873654,
          "missed_deadline": false,
          "version_used": 812,
          "update_launched": true,
          "finite": true,
          "completed_version": 813,
          "controller_seconds": 0.011324942111968994,
          "learner_seconds": 0.02076688688248396,
          "learner_started_wall_seconds": 13.115841052960604,
          "learner_completed_wall_seconds": 13.136607939843088,
          "physical_clearance_m": 2.6296163965073265
        },
        {
          "time": 14.120000000000001,
          "scheduled_wall_seconds": 14.120000000111759,
          "started_wall_seconds": 13.13763602799736,
          "completed_wall_seconds": 13.17471867497079,
          "missed_deadline": false,
          "version_used": 813,
          "update_launched": true,
          "finite": true,
          "completed_version": 814,
          "controller_seconds": 0.011246724054217339,
          "learner_seconds": 0.02077589207328856,
          "learner_started_wall_seconds": 13.152974686818197,
          "learner_completed_wall_seconds": 13.173750578891486,
          "physical_clearance_m": 2.629593985160891
        },
        {
          "time": 14.16,
          "scheduled_wall_seconds": 14.159999999916181,
          "started_wall_seconds": 13.175010297913104,
          "completed_wall_seconds": 13.212269431911409,
          "missed_deadline": false,
          "version_used": 814,
          "update_launched": true,
          "finite": true,
          "completed_version": 815,
          "controller_seconds": 0.011230784002691507,
          "learner_seconds": 0.02092621009796858,
          "learner_started_wall_seconds": 13.190640645800158,
          "learner_completed_wall_seconds": 13.211566855898127,
          "physical_clearance_m": 2.62959684618384
        },
        {
          "time": 14.200000000000001,
          "scheduled_wall_seconds": 14.199999999953434,
          "started_wall_seconds": 13.212528202915564,
          "completed_wall_seconds": 13.249615511856973,
          "missed_deadline": false,
          "version_used": 815,
          "update_launched": true,
          "finite": true,
          "completed_version": 816,
          "controller_seconds": 0.01136408792808652,
          "learner_seconds": 0.020750278141349554,
          "learner_started_wall_seconds": 13.22828465886414,
          "learner_completed_wall_seconds": 13.24903493700549,
          "physical_clearance_m": 2.6296822000351585
        },
        {
          "time": 14.24,
          "scheduled_wall_seconds": 14.239999999990687,
          "started_wall_seconds": 13.249837413895875,
          "completed_wall_seconds": 13.287293341010809,
          "missed_deadline": false,
          "version_used": 816,
          "update_launched": true,
          "finite": true,
          "completed_version": 817,
          "controller_seconds": 0.011283121071755886,
          "learner_seconds": 0.020838218042626977,
          "learner_started_wall_seconds": 13.26580212591216,
          "learner_completed_wall_seconds": 13.286640343954787,
          "physical_clearance_m": 2.629877703270022
        },
        {
          "time": 14.280000000000001,
          "scheduled_wall_seconds": 14.28000000002794,
          "started_wall_seconds": 13.287474943790585,
          "completed_wall_seconds": 13.324192249914631,
          "missed_deadline": false,
          "version_used": 817,
          "update_launched": true,
          "finite": true,
          "completed_version": 818,
          "controller_seconds": 0.011291989125311375,
          "learner_seconds": 0.020837734919041395,
          "learner_started_wall_seconds": 13.302550497930497,
          "learner_completed_wall_seconds": 13.323388232849538,
          "physical_clearance_m": 2.630190746864382
        },
        {
          "time": 14.32,
          "scheduled_wall_seconds": 14.320000000065193,
          "started_wall_seconds": 13.324523502960801,
          "completed_wall_seconds": 13.361044194782153,
          "missed_deadline": false,
          "version_used": 818,
          "update_launched": true,
          "finite": true,
          "completed_version": 819,
          "controller_seconds": 0.011256008176133037,
          "learner_seconds": 0.02059620199725032,
          "learner_started_wall_seconds": 13.339683444937691,
          "learner_completed_wall_seconds": 13.360279646934941,
          "physical_clearance_m": 2.630631344398562
        },
        {
          "time": 14.36,
          "scheduled_wall_seconds": 14.360000000102445,
          "started_wall_seconds": 13.361228782916442,
          "completed_wall_seconds": 13.39860169799067,
          "missed_deadline": false,
          "version_used": 819,
          "update_launched": true,
          "finite": true,
          "completed_version": 820,
          "controller_seconds": 0.011308090994134545,
          "learner_seconds": 0.020797380013391376,
          "learner_started_wall_seconds": 13.376867387909442,
          "learner_completed_wall_seconds": 13.397664767922834,
          "physical_clearance_m": 2.6312097478714622
        },
        {
          "time": 14.4,
          "scheduled_wall_seconds": 14.399999999906868,
          "started_wall_seconds": 13.398896674858406,
          "completed_wall_seconds": 13.436200010823086,
          "missed_deadline": false,
          "version_used": 820,
          "update_launched": true,
          "finite": true,
          "completed_version": 821,
          "controller_seconds": 0.011346800019964576,
          "learner_seconds": 0.02076755790039897,
          "learner_started_wall_seconds": 13.414473877986893,
          "learner_completed_wall_seconds": 13.435241435887292,
          "physical_clearance_m": 2.6319381166306175
        },
        {
          "time": 14.44,
          "scheduled_wall_seconds": 14.43999999994412,
          "started_wall_seconds": 13.436521629802883,
          "completed_wall_seconds": 13.474338261876255,
          "missed_deadline": false,
          "version_used": 821,
          "update_launched": true,
          "finite": true,
          "completed_version": 822,
          "controller_seconds": 0.011203155852854252,
          "learner_seconds": 0.020884881960228086,
          "learner_started_wall_seconds": 13.452477501006797,
          "learner_completed_wall_seconds": 13.473362382967025,
          "physical_clearance_m": 2.6328295636978782
        },
        {
          "time": 14.48,
          "scheduled_wall_seconds": 14.479999999981374,
          "started_wall_seconds": 13.474694681819528,
          "completed_wall_seconds": 13.511961774900556,
          "missed_deadline": false,
          "version_used": 822,
          "update_launched": true,
          "finite": true,
          "completed_version": 823,
          "controller_seconds": 0.011293492978438735,
          "learner_seconds": 0.020807852037250996,
          "learner_started_wall_seconds": 13.49026723089628,
          "learner_completed_wall_seconds": 13.51107508293353,
          "physical_clearance_m": 2.633899347862307
        },
        {
          "time": 14.52,
          "scheduled_wall_seconds": 14.520000000018626,
          "started_wall_seconds": 13.512210793793201,
          "completed_wall_seconds": 13.550207878928632,
          "missed_deadline": false,
          "version_used": 823,
          "update_launched": true,
          "finite": true,
          "completed_version": 824,
          "controller_seconds": 0.011320970952510834,
          "learner_seconds": 0.02072673407383263,
          "learner_started_wall_seconds": 13.528712829807773,
          "learner_completed_wall_seconds": 13.549439563881606,
          "physical_clearance_m": 2.6351617742386497
        },
        {
          "time": 14.56,
          "scheduled_wall_seconds": 14.56000000005588,
          "started_wall_seconds": 13.550543459830806,
          "completed_wall_seconds": 13.587421278934926,
          "missed_deadline": false,
          "version_used": 824,
          "update_launched": true,
          "finite": true,
          "completed_version": 825,
          "controller_seconds": 0.011275226948782802,
          "learner_seconds": 0.020764683140441775,
          "learner_started_wall_seconds": 13.565764638828114,
          "learner_completed_wall_seconds": 13.586529321968555,
          "physical_clearance_m": 2.636634008964602
        },
        {
          "time": 14.6,
          "scheduled_wall_seconds": 14.600000000093132,
          "started_wall_seconds": 13.587683459976688,
          "completed_wall_seconds": 13.624730133917183,
          "missed_deadline": false,
          "version_used": 825,
          "update_launched": true,
          "finite": true,
          "completed_version": 826,
          "controller_seconds": 0.011275504948571324,
          "learner_seconds": 0.020642893156036735,
          "learner_started_wall_seconds": 13.603493278846145,
          "learner_completed_wall_seconds": 13.624136172002181,
          "physical_clearance_m": 2.638332026084963
        },
        {
          "time": 14.64,
          "scheduled_wall_seconds": 14.639999999897555,
          "started_wall_seconds": 13.625073017785326,
          "completed_wall_seconds": 13.661958077922463,
          "missed_deadline": false,
          "version_used": 826,
          "update_launched": true,
          "finite": true,
          "completed_version": 827,
          "controller_seconds": 0.01127178012393415,
          "learner_seconds": 0.02072166302241385,
          "learner_started_wall_seconds": 13.640346889849752,
          "learner_completed_wall_seconds": 13.661068552872166,
          "physical_clearance_m": 2.64027275331885
        },
        {
          "time": 14.68,
          "scheduled_wall_seconds": 14.679999999934807,
          "started_wall_seconds": 13.66229424183257,
          "completed_wall_seconds": 13.699858500855044,
          "missed_deadline": false,
          "version_used": 827,
          "update_launched": true,
          "finite": true,
          "completed_version": 828,
          "controller_seconds": 0.011362303979694843,
          "learner_seconds": 0.020776623161509633,
          "learner_started_wall_seconds": 13.6782191907987,
          "learner_completed_wall_seconds": 13.69899581396021,
          "physical_clearance_m": 2.6424733568039573
        },
        {
          "time": 14.72,
          "scheduled_wall_seconds": 14.71999999997206,
          "started_wall_seconds": 13.700123026967049,
          "completed_wall_seconds": 13.738644579891115,
          "missed_deadline": false,
          "version_used": 828,
          "update_launched": true,
          "finite": true,
          "completed_version": 829,
          "controller_seconds": 0.011346574872732162,
          "learner_seconds": 0.020749382209032774,
          "learner_started_wall_seconds": 13.716810570796952,
          "learner_completed_wall_seconds": 13.737559953005984,
          "physical_clearance_m": 2.6449502874222435
        },
        {
          "time": 14.76,
          "scheduled_wall_seconds": 14.760000000009313,
          "started_wall_seconds": 13.738897372968495,
          "completed_wall_seconds": 13.776812952943146,
          "missed_deadline": false,
          "version_used": 829,
          "update_launched": true,
          "finite": true,
          "completed_version": 830,
          "controller_seconds": 0.011266552843153477,
          "learner_seconds": 0.020792294992133975,
          "learner_started_wall_seconds": 13.755213416879997,
          "learner_completed_wall_seconds": 13.77600571187213,
          "physical_clearance_m": 2.647719519218508
        },
        {
          "time": 14.8,
          "scheduled_wall_seconds": 14.800000000046566,
          "started_wall_seconds": 13.77713399194181,
          "completed_wall_seconds": 13.814537097001448,
          "missed_deadline": false,
          "version_used": 830,
          "update_launched": true,
          "finite": true,
          "completed_version": 831,
          "controller_seconds": 0.011376576963812113,
          "learner_seconds": 0.020719188963994384,
          "learner_started_wall_seconds": 13.792948976857588,
          "learner_completed_wall_seconds": 13.813668165821582,
          "physical_clearance_m": 2.650796549400393
        },
        {
          "time": 14.84,
          "scheduled_wall_seconds": 14.840000000083819,
          "started_wall_seconds": 13.814813168952242,
          "completed_wall_seconds": 13.852510138880461,
          "missed_deadline": false,
          "version_used": 831,
          "update_launched": true,
          "finite": true,
          "completed_version": 832,
          "controller_seconds": 0.011302127037197351,
          "learner_seconds": 0.02064956002868712,
          "learner_started_wall_seconds": 13.831038780976087,
          "learner_completed_wall_seconds": 13.851688341004774,
          "physical_clearance_m": 2.654195921501223
        },
        {
          "time": 14.88,
          "scheduled_wall_seconds": 14.879999999888241,
          "started_wall_seconds": 13.852762773865834,
          "completed_wall_seconds": 13.889182958984748,
          "missed_deadline": false,
          "version_used": 832,
          "update_launched": true,
          "finite": true,
          "completed_version": 833,
          "controller_seconds": 0.011234112782403827,
          "learner_seconds": 0.020753838820382953,
          "learner_started_wall_seconds": 13.867650415981188,
          "learner_completed_wall_seconds": 13.888404254801571,
          "physical_clearance_m": 2.657930748542849
        },
        {
          "time": 14.92,
          "scheduled_wall_seconds": 14.919999999925494,
          "started_wall_seconds": 13.889418416889384,
          "completed_wall_seconds": 13.926477567991242,
          "missed_deadline": false,
          "version_used": 833,
          "update_launched": true,
          "finite": true,
          "completed_version": 834,
          "controller_seconds": 0.011328632943332195,
          "learner_seconds": 0.02082686685025692,
          "learner_started_wall_seconds": 13.90465282695368,
          "learner_completed_wall_seconds": 13.925479693803936,
          "physical_clearance_m": 2.6620122361984886
        },
        {
          "time": 14.96,
          "scheduled_wall_seconds": 14.959999999962747,
          "started_wall_seconds": 13.926761395996436,
          "completed_wall_seconds": 13.964498471934348,
          "missed_deadline": false,
          "version_used": 834,
          "update_launched": true,
          "finite": true,
          "completed_version": 835,
          "controller_seconds": 0.01131767500191927,
          "learner_seconds": 0.02086992794647813,
          "learner_started_wall_seconds": 13.94274989888072,
          "learner_completed_wall_seconds": 13.963619826827198,
          "physical_clearance_m": 2.6664511133042015
        },
        {
          "time": 15.0,
          "scheduled_wall_seconds": 15.0,
          "started_wall_seconds": 13.964737644884735,
          "completed_wall_seconds": 14.001378156943247,
          "missed_deadline": false,
          "version_used": 835,
          "update_launched": true,
          "finite": true,
          "completed_version": 836,
          "controller_seconds": 0.011238304898142815,
          "learner_seconds": 0.020843314938247204,
          "learner_started_wall_seconds": 13.97974699200131,
          "learner_completed_wall_seconds": 14.000590306939557,
          "physical_clearance_m": 2.671255247673098
        },
        {
          "time": 15.040000000000001,
          "scheduled_wall_seconds": 15.040000000037253,
          "started_wall_seconds": 14.00173282600008,
          "completed_wall_seconds": 14.039458337938413,
          "missed_deadline": false,
          "version_used": 836,
          "update_launched": true,
          "finite": true,
          "completed_version": 837,
          "controller_seconds": 0.011311357142403722,
          "learner_seconds": 0.02083134581334889,
          "learner_started_wall_seconds": 14.0176268320065,
          "learner_completed_wall_seconds": 14.038458177819848,
          "physical_clearance_m": 2.6764305997696556
        },
        {
          "time": 15.08,
          "scheduled_wall_seconds": 15.080000000074506,
          "started_wall_seconds": 14.03975539188832,
          "completed_wall_seconds": 14.077785147819668,
          "missed_deadline": false,
          "version_used": 837,
          "update_launched": true,
          "finite": true,
          "completed_version": 838,
          "controller_seconds": 0.011722156079486012,
          "learner_seconds": 0.020940391113981605,
          "learner_started_wall_seconds": 14.0558814748656,
          "learner_completed_wall_seconds": 14.076821865979582,
          "physical_clearance_m": 2.681980745872561
        },
        {
          "time": 15.120000000000001,
          "scheduled_wall_seconds": 15.120000000111759,
          "started_wall_seconds": 14.078111980808899,
          "completed_wall_seconds": 14.115542890969664,
          "missed_deadline": false,
          "version_used": 838,
          "update_launched": true,
          "finite": true,
          "completed_version": 839,
          "controller_seconds": 0.011484024114906788,
          "learner_seconds": 0.02088990993797779,
          "learner_started_wall_seconds": 14.093988064909354,
          "learner_completed_wall_seconds": 14.114877974847332,
          "physical_clearance_m": 2.6879073549118675
        },
        {
          "time": 15.16,
          "scheduled_wall_seconds": 15.159999999916181,
          "started_wall_seconds": 14.115783031797037,
          "completed_wall_seconds": 14.152476314920932,
          "missed_deadline": false,
          "version_used": 839,
          "update_launched": true,
          "finite": true,
          "completed_version": 840,
          "controller_seconds": 0.01132208202034235,
          "learner_seconds": 0.020664256066083908,
          "learner_started_wall_seconds": 14.130870533874258,
          "learner_completed_wall_seconds": 14.151534789940342,
          "physical_clearance_m": 2.6942085195389427
        },
        {
          "time": 15.200000000000001,
          "scheduled_wall_seconds": 15.199999999953434,
          "started_wall_seconds": 14.152810571948066,
          "completed_wall_seconds": 14.190750060835853,
          "missed_deadline": false,
          "version_used": 840,
          "update_launched": true,
          "finite": true,
          "completed_version": 841,
          "controller_seconds": 0.01131412386894226,
          "learner_seconds": 0.02070996188558638,
          "learner_started_wall_seconds": 14.16926918597892,
          "learner_completed_wall_seconds": 14.189979147864506,
          "physical_clearance_m": 2.7008806634751
        },
        {
          "time": 15.24,
          "scheduled_wall_seconds": 15.239999999990687,
          "started_wall_seconds": 14.191021827980876,
          "completed_wall_seconds": 14.229162317002192,
          "missed_deadline": false,
          "version_used": 841,
          "update_launched": true,
          "finite": true,
          "completed_version": 842,
          "controller_seconds": 0.01137075200676918,
          "learner_seconds": 0.020987296011298895,
          "learner_started_wall_seconds": 14.207303155912086,
          "learner_completed_wall_seconds": 14.228290451923385,
          "physical_clearance_m": 2.7079168725815452
        },
        {
          "time": 15.280000000000001,
          "scheduled_wall_seconds": 15.28000000002794,
          "started_wall_seconds": 14.229573886841536,
          "completed_wall_seconds": 14.267068495973945,
          "missed_deadline": false,
          "version_used": 842,
          "update_launched": true,
          "finite": true,
          "completed_version": 843,
          "controller_seconds": 0.011318681994453073,
          "learner_seconds": 0.020690845791250467,
          "learner_started_wall_seconds": 14.245604272000492,
          "learner_completed_wall_seconds": 14.266295117791742,
          "physical_clearance_m": 2.7153073716965355
        },
        {
          "time": 15.32,
          "scheduled_wall_seconds": 15.320000000065193,
          "started_wall_seconds": 14.267378171905875,
          "completed_wall_seconds": 14.304707828909159,
          "missed_deadline": false,
          "version_used": 843,
          "update_launched": true,
          "finite": true,
          "completed_version": 844,
          "controller_seconds": 0.011272965930402279,
          "learner_seconds": 0.02071001403965056,
          "learner_started_wall_seconds": 14.283057555789128,
          "learner_completed_wall_seconds": 14.303767569828779,
          "physical_clearance_m": 2.7230400014725364
        },
        {
          "time": 15.36,
          "scheduled_wall_seconds": 15.360000000102445,
          "started_wall_seconds": 14.30498485499993,
          "completed_wall_seconds": 14.342598919989541,
          "missed_deadline": false,
          "version_used": 844,
          "update_launched": true,
          "finite": true,
          "completed_version": 845,
          "controller_seconds": 0.011264597997069359,
          "learner_seconds": 0.020771043840795755,
          "learner_started_wall_seconds": 14.320914865005761,
          "learner_completed_wall_seconds": 14.341685908846557,
          "physical_clearance_m": 2.7310990262833275
        },
        {
          "time": 15.4,
          "scheduled_wall_seconds": 15.399999999906868,
          "started_wall_seconds": 14.342838229844347,
          "completed_wall_seconds": 14.379399774828926,
          "missed_deadline": false,
          "version_used": 845,
          "update_launched": true,
          "finite": true,
          "completed_version": 846,
          "controller_seconds": 0.011326069943606853,
          "learner_seconds": 0.020787040004506707,
          "learner_started_wall_seconds": 14.357893229927868,
          "learner_completed_wall_seconds": 14.378680269932374,
          "physical_clearance_m": 2.739466326316897
        },
        {
          "time": 15.44,
          "scheduled_wall_seconds": 15.43999999994412,
          "started_wall_seconds": 14.379672441864386,
          "completed_wall_seconds": 14.415610736934468,
          "missed_deadline": false,
          "version_used": 846,
          "update_launched": true,
          "finite": true,
          "completed_version": 847,
          "controller_seconds": 0.011327190091833472,
          "learner_seconds": 0.020769570954144,
          "learner_started_wall_seconds": 14.394011545926332,
          "learner_completed_wall_seconds": 14.414781116880476,
          "physical_clearance_m": 2.748121635994021
        },
        {
          "time": 15.48,
          "scheduled_wall_seconds": 15.479999999981374,
          "started_wall_seconds": 14.415783933829516,
          "completed_wall_seconds": 14.452443475835025,
          "missed_deadline": false,
          "version_used": 847,
          "update_launched": true,
          "finite": true,
          "completed_version": 848,
          "controller_seconds": 0.0112533129286021,
          "learner_seconds": 0.02077523316256702,
          "learner_started_wall_seconds": 14.430920801823959,
          "learner_completed_wall_seconds": 14.451696034986526,
          "physical_clearance_m": 2.757040636619631
        },
        {
          "time": 15.52,
          "scheduled_wall_seconds": 15.520000000018626,
          "started_wall_seconds": 14.45272999885492,
          "completed_wall_seconds": 14.489433220820501,
          "missed_deadline": false,
          "version_used": 848,
          "update_launched": true,
          "finite": true,
          "completed_version": 849,
          "controller_seconds": 0.011312879854813218,
          "learner_seconds": 0.020702524110674858,
          "learner_started_wall_seconds": 14.468131367815658,
          "learner_completed_wall_seconds": 14.488833891926333,
          "physical_clearance_m": 2.766197817405764
        },
        {
          "time": 15.56,
          "scheduled_wall_seconds": 15.56000000005588,
          "started_wall_seconds": 14.489691630937159,
          "completed_wall_seconds": 14.527053656987846,
          "missed_deadline": false,
          "version_used": 849,
          "update_launched": true,
          "finite": true,
          "completed_version": 850,
          "controller_seconds": 0.011360727017745376,
          "learner_seconds": 0.020814963849261403,
          "learner_started_wall_seconds": 14.505391353974119,
          "learner_completed_wall_seconds": 14.52620631782338,
          "physical_clearance_m": 2.775564568122927
        },
        {
          "time": 15.6,
          "scheduled_wall_seconds": 15.600000000093132,
          "started_wall_seconds": 14.527316230814904,
          "completed_wall_seconds": 14.564238352933899,
          "missed_deadline": false,
          "version_used": 850,
          "update_launched": true,
          "finite": true,
          "completed_version": 851,
          "controller_seconds": 0.011321190977469087,
          "learner_seconds": 0.020664893090724945,
          "learner_started_wall_seconds": 14.542760559823364,
          "learner_completed_wall_seconds": 14.563425452914089,
          "physical_clearance_m": 2.7851101327744163
        },
        {
          "time": 15.64,
          "scheduled_wall_seconds": 15.639999999897555,
          "started_wall_seconds": 14.56444581784308,
          "completed_wall_seconds": 14.601700781844556,
          "missed_deadline": false,
          "version_used": 851,
          "update_launched": true,
          "finite": true,
          "completed_version": 852,
          "controller_seconds": 0.011296720011159778,
          "learner_seconds": 0.020683442940935493,
          "learner_started_wall_seconds": 14.58038488891907,
          "learner_completed_wall_seconds": 14.601068331860006,
          "physical_clearance_m": 2.7948016095963157
        },
        {
          "time": 15.68,
          "scheduled_wall_seconds": 15.679999999934807,
          "started_wall_seconds": 14.601950880838558,
          "completed_wall_seconds": 14.638043456943706,
          "missed_deadline": false,
          "version_used": 852,
          "update_launched": true,
          "finite": true,
          "completed_version": 853,
          "controller_seconds": 0.01139521598815918,
          "learner_seconds": 0.020675324834883213,
          "learner_started_wall_seconds": 14.616623423993587,
          "learner_completed_wall_seconds": 14.63729874882847,
          "physical_clearance_m": 2.8046046663132347
        },
        {
          "time": 15.72,
          "scheduled_wall_seconds": 15.71999999997206,
          "started_wall_seconds": 14.638260282808915,
          "completed_wall_seconds": 14.675460507860407,
          "missed_deadline": false,
          "version_used": 853,
          "update_launched": true,
          "finite": true,
          "completed_version": 854,
          "controller_seconds": 0.011295342119410634,
          "learner_seconds": 0.02069579204544425,
          "learner_started_wall_seconds": 14.65386669896543,
          "learner_completed_wall_seconds": 14.674562491010875,
          "physical_clearance_m": 2.8144830633011497
        },
        {
          "time": 15.76,
          "scheduled_wall_seconds": 15.760000000009313,
          "started_wall_seconds": 14.67572310892865,
          "completed_wall_seconds": 14.713099533924833,
          "missed_deadline": false,
          "version_used": 854,
          "update_launched": true,
          "finite": true,
          "completed_version": 855,
          "controller_seconds": 0.011421062983572483,
          "learner_seconds": 0.02087346208281815,
          "learner_started_wall_seconds": 14.691090904874727,
          "learner_completed_wall_seconds": 14.711964366957545,
          "physical_clearance_m": 2.8243986535874046
        },
        {
          "time": 15.8,
          "scheduled_wall_seconds": 15.800000000046566,
          "started_wall_seconds": 14.71345823793672,
          "completed_wall_seconds": 14.750831867801026,
          "missed_deadline": false,
          "version_used": 855,
          "update_launched": true,
          "finite": true,
          "completed_version": 856,
          "controller_seconds": 0.011253464967012405,
          "learner_seconds": 0.02084995503537357,
          "learner_started_wall_seconds": 14.729014662792906,
          "learner_completed_wall_seconds": 14.74986461782828,
          "physical_clearance_m": 2.834313051780764
        },
        {
          "time": 15.84,
          "scheduled_wall_seconds": 15.840000000083819,
          "started_wall_seconds": 14.751119524938986,
          "completed_wall_seconds": 14.788801018847153,
          "missed_deadline": false,
          "version_used": 856,
          "update_launched": true,
          "finite": true,
          "completed_version": 857,
          "controller_seconds": 0.011341962963342667,
          "learner_seconds": 0.02077577798627317,
          "learner_started_wall_seconds": 14.767144126817584,
          "learner_completed_wall_seconds": 14.787919904803857,
          "physical_clearance_m": 2.844186441978518
        },
        {
          "time": 15.88,
          "scheduled_wall_seconds": 15.879999999888241,
          "started_wall_seconds": 14.789095871848986,
          "completed_wall_seconds": 14.825907660881057,
          "missed_deadline": false,
          "version_used": 857,
          "update_launched": true,
          "finite": true,
          "completed_version": 858,
          "controller_seconds": 0.011229935102164745,
          "learner_seconds": 0.020850009052082896,
          "learner_started_wall_seconds": 14.804298601811752,
          "learner_completed_wall_seconds": 14.825148610863835,
          "physical_clearance_m": 2.8539787698593773
        },
        {
          "time": 15.92,
          "scheduled_wall_seconds": 15.919999999925494,
          "started_wall_seconds": 14.826196858892217,
          "completed_wall_seconds": 14.862981430953369,
          "missed_deadline": false,
          "version_used": 858,
          "update_launched": true,
          "finite": true,
          "completed_version": 859,
          "controller_seconds": 0.011363082099705935,
          "learner_seconds": 0.020887636113911867,
          "learner_started_wall_seconds": 14.841299767838791,
          "learner_completed_wall_seconds": 14.862187403952703,
          "physical_clearance_m": 2.8636485505905784
        },
        {
          "time": 15.96,
          "scheduled_wall_seconds": 15.959999999962747,
          "started_wall_seconds": 14.86315640178509,
          "completed_wall_seconds": 14.900086905807257,
          "missed_deadline": false,
          "version_used": 859,
          "update_launched": true,
          "finite": true,
          "completed_version": 860,
          "controller_seconds": 0.011384994024410844,
          "learner_seconds": 0.020931649021804333,
          "learner_started_wall_seconds": 14.878624383825809,
          "learner_completed_wall_seconds": 14.899556032847613,
          "physical_clearance_m": 2.8731554914322532
        },
        {
          "time": 16.0,
          "scheduled_wall_seconds": 16.0,
          "started_wall_seconds": 14.900175443850458,
          "completed_wall_seconds": 14.935868648812175,
          "missed_deadline": false,
          "version_used": 860,
          "update_launched": true,
          "finite": true,
          "completed_version": 861,
          "controller_seconds": 0.011260646861046553,
          "learner_seconds": 0.020771190989762545,
          "learner_started_wall_seconds": 14.91448838985525,
          "learner_completed_wall_seconds": 14.935259580845013,
          "physical_clearance_m": 2.882458584388796
        },
        {
          "time": 16.04,
          "scheduled_wall_seconds": 16.040000000037253,
          "started_wall_seconds": 14.936067688977346,
          "completed_wall_seconds": 14.971669839927927,
          "missed_deadline": false,
          "version_used": 861,
          "update_launched": true,
          "finite": true,
          "completed_version": 862,
          "controller_seconds": 0.011340406956151128,
          "learner_seconds": 0.02077002404257655,
          "learner_started_wall_seconds": 14.95040982379578,
          "learner_completed_wall_seconds": 14.971179847838357,
          "physical_clearance_m": 2.8915177751389183
        },
        {
          "time": 16.080000000000002,
          "scheduled_wall_seconds": 16.080000000074506,
          "started_wall_seconds": 14.971781427972019,
          "completed_wall_seconds": 15.008424602914602,
          "missed_deadline": false,
          "version_used": 862,
          "update_launched": true,
          "finite": true,
          "completed_version": 863,
          "controller_seconds": 0.011519139865413308,
          "learner_seconds": 0.020836199168115854,
          "learner_started_wall_seconds": 14.987010802840814,
          "learner_completed_wall_seconds": 15.00784700200893,
          "physical_clearance_m": 2.9002930093613304
        },
        {
          "time": 16.12,
          "scheduled_wall_seconds": 16.12000000011176,
          "started_wall_seconds": 15.008656630991027,
          "completed_wall_seconds": 15.045171381905675,
          "missed_deadline": false,
          "version_used": 863,
          "update_launched": true,
          "finite": true,
          "completed_version": 864,
          "controller_seconds": 0.011232076212763786,
          "learner_seconds": 0.02092045289464295,
          "learner_started_wall_seconds": 15.02366607892327,
          "learner_completed_wall_seconds": 15.044586531817913,
          "physical_clearance_m": 2.90874518640906
        },
        {
          "time": 16.16,
          "scheduled_wall_seconds": 16.15999999991618,
          "started_wall_seconds": 15.045273754978552,
          "completed_wall_seconds": 15.081641766009852,
          "missed_deadline": false,
          "version_used": 864,
          "update_launched": true,
          "finite": true,
          "completed_version": 865,
          "controller_seconds": 0.011194087099283934,
          "learner_seconds": 0.02077849698252976,
          "learner_started_wall_seconds": 15.06036653299816,
          "learner_completed_wall_seconds": 15.08114502998069,
          "physical_clearance_m": 2.916837112983767
        },
        {
          "time": 16.2,
          "scheduled_wall_seconds": 16.199999999953434,
          "started_wall_seconds": 15.081733591854572,
          "completed_wall_seconds": 15.117740897927433,
          "missed_deadline": false,
          "version_used": 865,
          "update_launched": true,
          "finite": true,
          "completed_version": 866,
          "controller_seconds": 0.011247198795899749,
          "learner_seconds": 0.02058938192203641,
          "learner_started_wall_seconds": 15.0968436319381,
          "learner_completed_wall_seconds": 15.117433013860136,
          "physical_clearance_m": 2.924532311042849
        },
        {
          "time": 16.240000000000002,
          "scheduled_wall_seconds": 16.239999999990687,
          "started_wall_seconds": 15.117879120865837,
          "completed_wall_seconds": 15.15426908293739,
          "missed_deadline": false,
          "version_used": 866,
          "update_launched": true,
          "finite": true,
          "completed_version": 867,
          "controller_seconds": 0.011221467051655054,
          "learner_seconds": 0.02077114605344832,
          "learner_started_wall_seconds": 15.132869408931583,
          "learner_completed_wall_seconds": 15.153640554985031,
          "physical_clearance_m": 2.931795733055178
        },
        {
          "time": 16.28,
          "scheduled_wall_seconds": 16.28000000002794,
          "started_wall_seconds": 15.154413409996778,
          "completed_wall_seconds": 15.19162045698613,
          "missed_deadline": false,
          "version_used": 867,
          "update_launched": true,
          "finite": true,
          "completed_version": 868,
          "controller_seconds": 0.011219685897231102,
          "learner_seconds": 0.020921106915920973,
          "learner_started_wall_seconds": 15.1698238379322,
          "learner_completed_wall_seconds": 15.19074494484812,
          "physical_clearance_m": 2.9385947156754173
        },
        {
          "time": 16.32,
          "scheduled_wall_seconds": 16.320000000065193,
          "started_wall_seconds": 15.191775397863239,
          "completed_wall_seconds": 15.229513535974547,
          "missed_deadline": false,
          "version_used": 868,
          "update_launched": true,
          "finite": true,
          "completed_version": 869,
          "controller_seconds": 0.011699485825374722,
          "learner_seconds": 0.020825278013944626,
          "learner_started_wall_seconds": 15.2082971627824,
          "learner_completed_wall_seconds": 15.229122440796345,
          "physical_clearance_m": 2.944897549232546
        },
        {
          "time": 16.36,
          "scheduled_wall_seconds": 16.360000000102445,
          "started_wall_seconds": 15.229659389937297,
          "completed_wall_seconds": 15.267395841889083,
          "missed_deadline": false,
          "version_used": 869,
          "update_launched": true,
          "finite": true,
          "completed_version": 870,
          "controller_seconds": 0.011425292817875743,
          "learner_seconds": 0.02089395420625806,
          "learner_started_wall_seconds": 15.245993046788499,
          "learner_completed_wall_seconds": 15.266887000994757,
          "physical_clearance_m": 2.950676100334231
        },
        {
          "time": 16.4,
          "scheduled_wall_seconds": 16.399999999906868,
          "started_wall_seconds": 15.26759278587997,
          "completed_wall_seconds": 15.303132760804147,
          "missed_deadline": false,
          "version_used": 870,
          "update_launched": true,
          "finite": true,
          "completed_version": 871,
          "controller_seconds": 0.011326625011861324,
          "learner_seconds": 0.0206435970030725,
          "learner_started_wall_seconds": 15.282134596956894,
          "learner_completed_wall_seconds": 15.302778193959966,
          "physical_clearance_m": 2.9559034276810325
        },
        {
          "time": 16.44,
          "scheduled_wall_seconds": 16.43999999994412,
          "started_wall_seconds": 15.303232261911035,
          "completed_wall_seconds": 15.339599465951324,
          "missed_deadline": false,
          "version_used": 871,
          "update_launched": true,
          "finite": true,
          "completed_version": 872,
          "controller_seconds": 0.011229889001697302,
          "learner_seconds": 0.020712864119559526,
          "learner_started_wall_seconds": 15.318312764866278,
          "learner_completed_wall_seconds": 15.339025628985837,
          "physical_clearance_m": 2.9605554509964622
        },
        {
          "time": 16.48,
          "scheduled_wall_seconds": 16.479999999981374,
          "started_wall_seconds": 15.339801588794217,
          "completed_wall_seconds": 15.375486471923068,
          "missed_deadline": false,
          "version_used": 872,
          "update_launched": true,
          "finite": true,
          "completed_version": 873,
          "controller_seconds": 0.011253359029069543,
          "learner_seconds": 0.020760521991178393,
          "learner_started_wall_seconds": 15.353989453986287,
          "learner_completed_wall_seconds": 15.374749975977466,
          "physical_clearance_m": 2.9646104741898216
        },
        {
          "time": 16.52,
          "scheduled_wall_seconds": 16.520000000018626,
          "started_wall_seconds": 15.37573819886893,
          "completed_wall_seconds": 15.411285872804001,
          "missed_deadline": false,
          "version_used": 873,
          "update_launched": true,
          "finite": true,
          "completed_version": 874,
          "controller_seconds": 0.011289570014923811,
          "learner_seconds": 0.020641881972551346,
          "learner_started_wall_seconds": 15.390029249945655,
          "learner_completed_wall_seconds": 15.410671131918207,
          "physical_clearance_m": 2.9680499006119407
        },
        {
          "time": 16.56,
          "scheduled_wall_seconds": 16.56000000005588,
          "started_wall_seconds": 15.411507525946945,
          "completed_wall_seconds": 15.447931641014293,
          "missed_deadline": false,
          "version_used": 874,
          "update_launched": true,
          "finite": true,
          "completed_version": 875,
          "controller_seconds": 0.011259678984060884,
          "learner_seconds": 0.02073569200001657,
          "learner_started_wall_seconds": 15.426485574804246,
          "learner_completed_wall_seconds": 15.447221266804263,
          "physical_clearance_m": 2.9708572793808616
        },
        {
          "time": 16.6,
          "scheduled_wall_seconds": 16.600000000093132,
          "started_wall_seconds": 15.44813915179111,
          "completed_wall_seconds": 15.484130861004815,
          "missed_deadline": false,
          "version_used": 875,
          "update_launched": true,
          "finite": true,
          "completed_version": 876,
          "controller_seconds": 0.011207469971850514,
          "learner_seconds": 0.02081145509146154,
          "learner_started_wall_seconds": 15.462848343886435,
          "learner_completed_wall_seconds": 15.483659798977897,
          "physical_clearance_m": 2.973020212730471
        },
        {
          "time": 16.64,
          "scheduled_wall_seconds": 16.639999999897555,
          "started_wall_seconds": 15.484252485912293,
          "completed_wall_seconds": 15.52090324391611,
          "missed_deadline": false,
          "version_used": 876,
          "update_launched": true,
          "finite": true,
          "completed_version": 877,
          "controller_seconds": 0.011400504969060421,
          "learner_seconds": 0.020667219068855047,
          "learner_started_wall_seconds": 15.499712355900556,
          "learner_completed_wall_seconds": 15.520379574969411,
          "physical_clearance_m": 2.9720800324805405
        },
        {
          "time": 16.68,
          "scheduled_wall_seconds": 16.679999999934807,
          "started_wall_seconds": 15.521031033946201,
          "completed_wall_seconds": 15.557555144885555,
          "missed_deadline": false,
          "version_used": 877,
          "update_launched": true,
          "finite": true,
          "completed_version": 878,
          "controller_seconds": 0.011315483134239912,
          "learner_seconds": 0.020660224836319685,
          "learner_started_wall_seconds": 15.536443653982133,
          "learner_completed_wall_seconds": 15.557103878818452,
          "physical_clearance_m": 2.9671595498450425
        },
        {
          "time": 16.72,
          "scheduled_wall_seconds": 16.71999999997206,
          "started_wall_seconds": 15.557708581909537,
          "completed_wall_seconds": 15.594657171983272,
          "missed_deadline": false,
          "version_used": 878,
          "update_launched": true,
          "finite": true,
          "completed_version": 879,
          "controller_seconds": 0.011234377976506948,
          "learner_seconds": 0.021063501946628094,
          "learner_started_wall_seconds": 15.572990208864212,
          "learner_completed_wall_seconds": 15.59405371081084,
          "physical_clearance_m": 2.9617255135901597
        },
        {
          "time": 16.76,
          "scheduled_wall_seconds": 16.760000000009313,
          "started_wall_seconds": 15.594765070825815,
          "completed_wall_seconds": 15.632804572815076,
          "missed_deadline": false,
          "version_used": 879,
          "update_launched": true,
          "finite": true,
          "completed_version": 880,
          "controller_seconds": 0.012277444824576378,
          "learner_seconds": 0.021362975938245654,
          "learner_started_wall_seconds": 15.611147532938048,
          "learner_completed_wall_seconds": 15.632510508876294,
          "physical_clearance_m": 2.9557979508765366
        },
        {
          "time": 16.8,
          "scheduled_wall_seconds": 16.800000000046566,
          "started_wall_seconds": 15.63284930982627,
          "completed_wall_seconds": 15.669542154995725,
          "missed_deadline": false,
          "version_used": 880,
          "update_launched": true,
          "finite": true,
          "completed_version": 881,
          "controller_seconds": 0.011992271989583969,
          "learner_seconds": 0.02122174995020032,
          "learner_started_wall_seconds": 15.647979819914326,
          "learner_completed_wall_seconds": 15.669201569864526,
          "physical_clearance_m": 2.9494004651435044
        },
        {
          "time": 16.84,
          "scheduled_wall_seconds": 16.84000000008382,
          "started_wall_seconds": 15.66964556882158,
          "completed_wall_seconds": 15.724493526853621,
          "missed_deadline": true,
          "version_used": 881,
          "update_launched": true,
          "finite": true,
          "completed_version": 882,
          "controller_seconds": 0.012480692006647587,
          "learner_seconds": 0.02924646413885057,
          "learner_started_wall_seconds": 15.686101673869416,
          "learner_completed_wall_seconds": 15.715348138008267,
          "physical_clearance_m": 2.9425571366675523
        },
        {
          "time": 16.88,
          "scheduled_wall_seconds": 16.87999999988824,
          "started_wall_seconds": 15.724583005998284,
          "completed_wall_seconds": 15.798671691911295,
          "missed_deadline": true,
          "version_used": 882,
          "update_launched": true,
          "finite": true,
          "completed_version": 883,
          "controller_seconds": 0.021202848991379142,
          "learner_seconds": 0.044695618096739054,
          "learner_started_wall_seconds": 15.75368263782002,
          "learner_completed_wall_seconds": 15.79837825591676,
          "physical_clearance_m": 2.9352949067481187
        },
        {
          "time": 16.92,
          "scheduled_wall_seconds": 16.919999999925494,
          "started_wall_seconds": 15.79874927783385,
          "completed_wall_seconds": 15.858934881864116,
          "missed_deadline": true,
          "version_used": 883,
          "update_launched": true,
          "finite": true,
          "completed_version": 884,
          "controller_seconds": 0.024342861957848072,
          "learner_seconds": 0.02696154802106321,
          "learner_started_wall_seconds": 15.830822177929804,
          "learner_completed_wall_seconds": 15.857783725950867,
          "physical_clearance_m": 2.9276419087775376
        },
        {
          "time": 16.96,
          "scheduled_wall_seconds": 16.959999999962747,
          "started_wall_seconds": 15.859235839918256,
          "completed_wall_seconds": 15.899458783911541,
          "missed_deadline": false,
          "version_used": 884,
          "update_launched": true,
          "finite": true,
          "completed_version": 885,
          "controller_seconds": 0.012104077031835914,
          "learner_seconds": 0.021291365148499608,
          "learner_started_wall_seconds": 15.877453168854117,
          "learner_completed_wall_seconds": 15.898744534002617,
          "physical_clearance_m": 2.9196274682410386
        },
        {
          "time": 17.0,
          "scheduled_wall_seconds": 17.0,
          "started_wall_seconds": 15.899760484928265,
          "completed_wall_seconds": 15.939258019905537,
          "missed_deadline": false,
          "version_used": 885,
          "update_launched": true,
          "finite": true,
          "completed_version": 886,
          "controller_seconds": 0.011995560955256224,
          "learner_seconds": 0.021170957013964653,
          "learner_started_wall_seconds": 15.917052148841321,
          "learner_completed_wall_seconds": 15.938223105855286,
          "physical_clearance_m": 2.9112837716468003
        },
        {
          "time": 17.04,
          "scheduled_wall_seconds": 17.040000000037253,
          "started_wall_seconds": 15.939609171822667,
          "completed_wall_seconds": 15.979505265830085,
          "missed_deadline": false,
          "version_used": 886,
          "update_launched": true,
          "finite": true,
          "completed_version": 887,
          "controller_seconds": 0.011857254197821021,
          "learner_seconds": 0.02106517879292369,
          "learner_started_wall_seconds": 15.956995201995596,
          "learner_completed_wall_seconds": 15.97806038078852,
          "physical_clearance_m": 2.9026427670844224
        },
        {
          "time": 17.080000000000002,
          "scheduled_wall_seconds": 17.080000000074506,
          "started_wall_seconds": 15.979842442786321,
          "completed_wall_seconds": 16.019536496838555,
          "missed_deadline": false,
          "version_used": 887,
          "update_launched": true,
          "finite": true,
          "completed_version": 888,
          "controller_seconds": 0.012008367106318474,
          "learner_seconds": 0.021247142925858498,
          "learner_started_wall_seconds": 15.997385293012485,
          "learner_completed_wall_seconds": 16.018632435938343,
          "physical_clearance_m": 2.8937385484107163
        },
        {
          "time": 17.12,
          "scheduled_wall_seconds": 17.12000000011176,
          "started_wall_seconds": 16.019842201843858,
          "completed_wall_seconds": 16.076488649938256,
          "missed_deadline": true,
          "version_used": 888,
          "update_launched": true,
          "finite": true,
          "completed_version": 889,
          "controller_seconds": 0.011921992059797049,
          "learner_seconds": 0.032738352892920375,
          "learner_started_wall_seconds": 16.037610711995512,
          "learner_completed_wall_seconds": 16.070349064888433,
          "physical_clearance_m": 2.884605924738231
        },
        {
          "time": 17.16,
          "scheduled_wall_seconds": 17.15999999991618,
          "started_wall_seconds": 16.076576618943363,
          "completed_wall_seconds": 16.15357398800552,
          "missed_deadline": true,
          "version_used": 889,
          "update_launched": true,
          "finite": true,
          "completed_version": 890,
          "controller_seconds": 0.02119292109273374,
          "learner_seconds": 0.04427146981470287,
          "learner_started_wall_seconds": 16.10573581699282,
          "learner_completed_wall_seconds": 16.150007286807522,
          "physical_clearance_m": 2.8752808972724107
        },
        {
          "time": 17.2,
          "scheduled_wall_seconds": 17.199999999953434,
          "started_wall_seconds": 16.15367556689307,
          "completed_wall_seconds": 16.217921506846324,
          "missed_deadline": true,
          "version_used": 890,
          "update_launched": true,
          "finite": true,
          "completed_version": 891,
          "controller_seconds": 0.025000765919685364,
          "learner_seconds": 0.030132870888337493,
          "learner_started_wall_seconds": 16.187080814968795,
          "learner_completed_wall_seconds": 16.217213685857132,
          "physical_clearance_m": 2.865800182474437
        },
        {
          "time": 17.240000000000002,
          "scheduled_wall_seconds": 17.239999999990687,
          "started_wall_seconds": 16.218132362002507,
          "completed_wall_seconds": 16.257788685848936,
          "missed_deadline": false,
          "version_used": 891,
          "update_launched": true,
          "finite": true,
          "completed_version": 892,
          "controller_seconds": 0.012608614983037114,
          "learner_seconds": 0.021460613003000617,
          "learner_started_wall_seconds": 16.23570909188129,
          "learner_completed_wall_seconds": 16.25716970488429,
          "physical_clearance_m": 2.856200735224071
        },
        {
          "time": 17.28,
          "scheduled_wall_seconds": 17.28000000002794,
          "started_wall_seconds": 16.25798559584655,
          "completed_wall_seconds": 16.296959736850113,
          "missed_deadline": false,
          "version_used": 892,
          "update_launched": true,
          "finite": true,
          "completed_version": 893,
          "controller_seconds": 0.012430677888914943,
          "learner_seconds": 0.021424838807433844,
          "learner_started_wall_seconds": 16.274998096982017,
          "learner_completed_wall_seconds": 16.29642293578945,
          "physical_clearance_m": 2.846520464075389
        },
        {
          "time": 17.32,
          "scheduled_wall_seconds": 17.320000000065193,
          "started_wall_seconds": 16.297183538787067,
          "completed_wall_seconds": 16.336243788944557,
          "missed_deadline": false,
          "version_used": 893,
          "update_launched": true,
          "finite": true,
          "completed_version": 894,
          "controller_seconds": 0.011853419011458755,
          "learner_seconds": 0.021306909155100584,
          "learner_started_wall_seconds": 16.31402644282207,
          "learner_completed_wall_seconds": 16.33533335197717,
          "physical_clearance_m": 2.8367977544196274
        },
        {
          "time": 17.36,
          "scheduled_wall_seconds": 17.360000000102445,
          "started_wall_seconds": 16.33653611293994,
          "completed_wall_seconds": 16.374861555872485,
          "missed_deadline": false,
          "version_used": 894,
          "update_launched": true,
          "finite": true,
          "completed_version": 895,
          "controller_seconds": 0.011922124074772,
          "learner_seconds": 0.021146500017493963,
          "learner_started_wall_seconds": 16.352858015801758,
          "learner_completed_wall_seconds": 16.37400451581925,
          "physical_clearance_m": 2.8270700379737046
        },
        {
          "time": 17.400000000000002,
          "scheduled_wall_seconds": 17.399999999906868,
          "started_wall_seconds": 16.375025662826374,
          "completed_wall_seconds": 16.413090070011094,
          "missed_deadline": false,
          "version_used": 895,
          "update_launched": true,
          "finite": true,
          "completed_version": 896,
          "controller_seconds": 0.01181254186667502,
          "learner_seconds": 0.0209852100815624,
          "learner_started_wall_seconds": 16.391209927853197,
          "learner_completed_wall_seconds": 16.41219513793476,
          "physical_clearance_m": 2.817375700128856
        },
        {
          "time": 17.44,
          "scheduled_wall_seconds": 17.43999999994412,
          "started_wall_seconds": 16.413256148807704,
          "completed_wall_seconds": 16.451807302888483,
          "missed_deadline": false,
          "version_used": 896,
          "update_launched": true,
          "finite": true,
          "completed_version": 897,
          "controller_seconds": 0.011811275035142899,
          "learner_seconds": 0.021181576885282993,
          "learner_started_wall_seconds": 16.429479762911797,
          "learner_completed_wall_seconds": 16.45066133979708,
          "physical_clearance_m": 2.8077519341834214
        },
        {
          "time": 17.48,
          "scheduled_wall_seconds": 17.479999999981374,
          "started_wall_seconds": 16.452056059846655,
          "completed_wall_seconds": 16.49094482581131,
          "missed_deadline": false,
          "version_used": 897,
          "update_launched": true,
          "finite": true,
          "completed_version": 898,
          "controller_seconds": 0.011786380084231496,
          "learner_seconds": 0.021152866072952747,
          "learner_started_wall_seconds": 16.46900797681883,
          "learner_completed_wall_seconds": 16.490160842891783,
          "physical_clearance_m": 2.798236887110057
        },
        {
          "time": 17.52,
          "scheduled_wall_seconds": 17.520000000018626,
          "started_wall_seconds": 16.491128571797162,
          "completed_wall_seconds": 16.53085984988138,
          "missed_deadline": false,
          "version_used": 898,
          "update_launched": true,
          "finite": true,
          "completed_version": 899,
          "controller_seconds": 0.012196050956845284,
          "learner_seconds": 0.021746301092207432,
          "learner_started_wall_seconds": 16.50801475578919,
          "learner_completed_wall_seconds": 16.529761056881398,
          "physical_clearance_m": 2.7888663216956284
        },
        {
          "time": 17.56,
          "scheduled_wall_seconds": 17.56000000005588,
          "started_wall_seconds": 16.531086860923097,
          "completed_wall_seconds": 16.57055403594859,
          "missed_deadline": false,
          "version_used": 899,
          "update_launched": true,
          "finite": true,
          "completed_version": 900,
          "controller_seconds": 0.012363675981760025,
          "learner_seconds": 0.021489097038283944,
          "learner_started_wall_seconds": 16.54828811297193,
          "learner_completed_wall_seconds": 16.569777210010216,
          "physical_clearance_m": 2.7796762391455796
        },
        {
          "time": 17.6,
          "scheduled_wall_seconds": 17.600000000093132,
          "started_wall_seconds": 16.570768848992884,
          "completed_wall_seconds": 16.609031694941223,
          "missed_deadline": false,
          "version_used": 900,
          "update_launched": true,
          "finite": true,
          "completed_version": 901,
          "controller_seconds": 0.011847907910123467,
          "learner_seconds": 0.021200792165473104,
          "learner_started_wall_seconds": 16.586844724835828,
          "learner_completed_wall_seconds": 16.6080455170013,
          "physical_clearance_m": 2.7707009717353013
        },
        {
          "time": 17.64,
          "scheduled_wall_seconds": 17.639999999897555,
          "started_wall_seconds": 16.60921722999774,
          "completed_wall_seconds": 16.647403871873394,
          "missed_deadline": false,
          "version_used": 901,
          "update_launched": true,
          "finite": true,
          "completed_version": 902,
          "controller_seconds": 0.011869472917169333,
          "learner_seconds": 0.021066647954285145,
          "learner_started_wall_seconds": 16.625556515995413,
          "learner_completed_wall_seconds": 16.646623163949698,
          "physical_clearance_m": 2.7619734212287095
        },
        {
          "time": 17.68,
          "scheduled_wall_seconds": 17.679999999934807,
          "started_wall_seconds": 16.64754276187159,
          "completed_wall_seconds": 16.685952786821872,
          "missed_deadline": false,
          "version_used": 902,
          "update_launched": true,
          "finite": true,
          "completed_version": 903,
          "controller_seconds": 0.011873790062963963,
          "learner_seconds": 0.021135031944140792,
          "learner_started_wall_seconds": 16.66396850394085,
          "learner_completed_wall_seconds": 16.68510353588499,
          "physical_clearance_m": 2.7535267278082993
        },
        {
          "time": 17.72,
          "scheduled_wall_seconds": 17.71999999997206,
          "started_wall_seconds": 16.686125235864893,
          "completed_wall_seconds": 16.72385898185894,
          "missed_deadline": false,
          "version_used": 903,
          "update_launched": true,
          "finite": true,
          "completed_version": 904,
          "controller_seconds": 0.011849384056404233,
          "learner_seconds": 0.021094369003549218,
          "learner_started_wall_seconds": 16.70211075991392,
          "learner_completed_wall_seconds": 16.72320512891747,
          "physical_clearance_m": 2.7453904553778794
        },
        {
          "time": 17.76,
          "scheduled_wall_seconds": 17.760000000009313,
          "started_wall_seconds": 16.724025142844766,
          "completed_wall_seconds": 16.76179969194345,
          "missed_deadline": false,
          "version_used": 904,
          "update_launched": true,
          "finite": true,
          "completed_version": 905,
          "controller_seconds": 0.011830884963274002,
          "learner_seconds": 0.021097598830237985,
          "learner_started_wall_seconds": 16.739854482002556,
          "learner_completed_wall_seconds": 16.760952080832794,
          "physical_clearance_m": 2.737592975748363
        },
        {
          "time": 17.8,
          "scheduled_wall_seconds": 17.800000000046566,
          "started_wall_seconds": 16.76199074089527,
          "completed_wall_seconds": 16.800523557001725,
          "missed_deadline": false,
          "version_used": 905,
          "update_launched": true,
          "finite": true,
          "completed_version": 906,
          "controller_seconds": 0.011951733846217394,
          "learner_seconds": 0.021105442894622684,
          "learner_started_wall_seconds": 16.778393633896485,
          "learner_completed_wall_seconds": 16.799499076791108,
          "physical_clearance_m": 2.7301600381262925
        },
        {
          "time": 17.84,
          "scheduled_wall_seconds": 17.84000000008382,
          "started_wall_seconds": 16.800759800011292,
          "completed_wall_seconds": 16.841618521837518,
          "missed_deadline": false,
          "version_used": 906,
          "update_launched": true,
          "finite": true,
          "completed_version": 907,
          "controller_seconds": 0.011834685923531651,
          "learner_seconds": 0.021438818890601397,
          "learner_started_wall_seconds": 16.819363187998533,
          "learner_completed_wall_seconds": 16.840802006889135,
          "physical_clearance_m": 2.723116438043895
        },
        {
          "time": 17.88,
          "scheduled_wall_seconds": 17.87999999988824,
          "started_wall_seconds": 16.841786560835317,
          "completed_wall_seconds": 16.880498808808625,
          "missed_deadline": false,
          "version_used": 907,
          "update_launched": true,
          "finite": true,
          "completed_version": 908,
          "controller_seconds": 0.012080784887075424,
          "learner_seconds": 0.021316109923645854,
          "learner_started_wall_seconds": 16.85844860994257,
          "learner_completed_wall_seconds": 16.879764719866216,
          "physical_clearance_m": 2.716484586847606
        },
        {
          "time": 17.92,
          "scheduled_wall_seconds": 17.919999999925494,
          "started_wall_seconds": 16.880654136883095,
          "completed_wall_seconds": 16.921347100986168,
          "missed_deadline": false,
          "version_used": 908,
          "update_launched": true,
          "finite": true,
          "completed_version": 909,
          "controller_seconds": 0.012335160980001092,
          "learner_seconds": 0.021382482955232263,
          "learner_started_wall_seconds": 16.898826317861676,
          "learner_completed_wall_seconds": 16.92020880081691,
          "physical_clearance_m": 2.7102833196051743
        },
        {
          "time": 17.96,
          "scheduled_wall_seconds": 17.959999999962747,
          "started_wall_seconds": 16.92168981488794,
          "completed_wall_seconds": 16.96324221487157,
          "missed_deadline": false,
          "version_used": 909,
          "update_launched": true,
          "finite": true,
          "completed_version": 910,
          "controller_seconds": 0.012144073145464063,
          "learner_seconds": 0.021218143869191408,
          "learner_started_wall_seconds": 16.940863705938682,
          "learner_completed_wall_seconds": 16.962081849807873,
          "physical_clearance_m": 2.7045298024542954
        },
        {
          "time": 18.0,
          "scheduled_wall_seconds": 18.0,
          "started_wall_seconds": 16.96364038879983,
          "completed_wall_seconds": 17.003229789901525,
          "missed_deadline": false,
          "version_used": 910,
          "update_launched": true,
          "finite": true,
          "completed_version": 911,
          "controller_seconds": 0.011863093823194504,
          "learner_seconds": 0.021054852986708283,
          "learner_started_wall_seconds": 16.981044851010665,
          "learner_completed_wall_seconds": 17.002099703997374,
          "physical_clearance_m": 2.6992385789282944
        },
        {
          "time": 18.04,
          "scheduled_wall_seconds": 18.040000000037253,
          "started_wall_seconds": 17.00359272188507,
          "completed_wall_seconds": 17.043147288961336,
          "missed_deadline": false,
          "version_used": 911,
          "update_launched": true,
          "finite": true,
          "completed_version": 912,
          "controller_seconds": 0.011528564849868417,
          "learner_seconds": 0.020902381977066398,
          "learner_started_wall_seconds": 17.0212460400071,
          "learner_completed_wall_seconds": 17.042148421984166,
          "physical_clearance_m": 2.6944199010260728
        },
        {
          "time": 18.080000000000002,
          "scheduled_wall_seconds": 18.080000000074506,
          "started_wall_seconds": 17.043467151001096,
          "completed_wall_seconds": 17.082512619905174,
          "missed_deadline": false,
          "version_used": 912,
          "update_launched": true,
          "finite": true,
          "completed_version": 913,
          "controller_seconds": 0.01144536305218935,
          "learner_seconds": 0.020788670051842928,
          "learner_started_wall_seconds": 17.060689920792356,
          "learner_completed_wall_seconds": 17.0814785908442,
          "physical_clearance_m": 2.6900837823279526
        },
        {
          "time": 18.12,
          "scheduled_wall_seconds": 18.12000000011176,
          "started_wall_seconds": 17.08281031693332,
          "completed_wall_seconds": 17.12153133400716,
          "missed_deadline": false,
          "version_used": 913,
          "update_launched": true,
          "finite": true,
          "completed_version": 914,
          "controller_seconds": 0.011341896839439869,
          "learner_seconds": 0.020836001029238105,
          "learner_started_wall_seconds": 17.099600940942764,
          "learner_completed_wall_seconds": 17.120436941972002,
          "physical_clearance_m": 2.6862359448798325
        },
        {
          "time": 18.16,
          "scheduled_wall_seconds": 18.15999999991618,
          "started_wall_seconds": 17.12188883800991,
          "completed_wall_seconds": 17.160902629839256,
          "missed_deadline": false,
          "version_used": 914,
          "update_launched": true,
          "finite": true,
          "completed_version": 915,
          "controller_seconds": 0.01136465696617961,
          "learner_seconds": 0.02072184719145298,
          "learner_started_wall_seconds": 17.139126585796475,
          "learner_completed_wall_seconds": 17.15984843298793,
          "physical_clearance_m": 2.6828792497046616
        },
        {
          "time": 18.2,
          "scheduled_wall_seconds": 18.199999999953434,
          "started_wall_seconds": 17.161236993968487,
          "completed_wall_seconds": 17.20055658998899,
          "missed_deadline": false,
          "version_used": 915,
          "update_launched": true,
          "finite": true,
          "completed_version": 916,
          "controller_seconds": 0.011369195999577641,
          "learner_seconds": 0.020780641119927168,
          "learner_started_wall_seconds": 17.17865309584886,
          "learner_completed_wall_seconds": 17.199433736968786,
          "physical_clearance_m": 2.680013458383861
        },
        {
          "time": 18.240000000000002,
          "scheduled_wall_seconds": 18.239999999990687,
          "started_wall_seconds": 17.20098775299266,
          "completed_wall_seconds": 17.240702216979116,
          "missed_deadline": false,
          "version_used": 916,
          "update_launched": true,
          "finite": true,
          "completed_version": 917,
          "controller_seconds": 0.011342371813952923,
          "learner_seconds": 0.020820471923798323,
          "learner_started_wall_seconds": 17.218691285932437,
          "learner_completed_wall_seconds": 17.239511757856235,
          "physical_clearance_m": 2.67763594831306
        },
        {
          "time": 18.28,
          "scheduled_wall_seconds": 18.28000000002794,
          "started_wall_seconds": 17.24097455199808,
          "completed_wall_seconds": 17.28099762299098,
          "missed_deadline": false,
          "version_used": 917,
          "update_launched": true,
          "finite": true,
          "completed_version": 918,
          "controller_seconds": 0.011720153968781233,
          "learner_seconds": 0.020963369170203805,
          "learner_started_wall_seconds": 17.25890459283255,
          "learner_completed_wall_seconds": 17.279867962002754,
          "physical_clearance_m": 2.675740997446361
        },
        {
          "time": 18.32,
          "scheduled_wall_seconds": 18.320000000065193,
          "started_wall_seconds": 17.281453775940463,
          "completed_wall_seconds": 17.321465398883447,
          "missed_deadline": false,
          "version_used": 918,
          "update_launched": true,
          "finite": true,
          "completed_version": 919,
          "controller_seconds": 0.011737049091607332,
          "learner_seconds": 0.021123608108609915,
          "learner_started_wall_seconds": 17.299233358819038,
          "learner_completed_wall_seconds": 17.320356966927648,
          "physical_clearance_m": 2.674320737970653
        },
        {
          "time": 18.36,
          "scheduled_wall_seconds": 18.360000000102445,
          "started_wall_seconds": 17.32176408683881,
          "completed_wall_seconds": 17.36263220687397,
          "missed_deadline": false,
          "version_used": 919,
          "update_launched": true,
          "finite": true,
          "completed_version": 920,
          "controller_seconds": 0.01184950303286314,
          "learner_seconds": 0.021053696051239967,
          "learner_started_wall_seconds": 17.340387910837308,
          "learner_completed_wall_seconds": 17.361441606888548,
          "physical_clearance_m": 2.6729802060928978
        },
        {
          "time": 18.400000000000002,
          "scheduled_wall_seconds": 18.399999999906868,
          "started_wall_seconds": 17.36297832382843,
          "completed_wall_seconds": 17.403063964797184,
          "missed_deadline": false,
          "version_used": 920,
          "update_launched": true,
          "finite": true,
          "completed_version": 921,
          "controller_seconds": 0.011598285986110568,
          "learner_seconds": 0.02097434108145535,
          "learner_started_wall_seconds": 17.381043631816283,
          "learner_completed_wall_seconds": 17.402017972897738,
          "physical_clearance_m": 2.667921917518679
        },
        {
          "time": 18.44,
          "scheduled_wall_seconds": 18.43999999994412,
          "started_wall_seconds": 17.40336348582059,
          "completed_wall_seconds": 17.44290106999688,
          "missed_deadline": false,
          "version_used": 921,
          "update_launched": true,
          "finite": true,
          "completed_version": 922,
          "controller_seconds": 0.011614708928391337,
          "learner_seconds": 0.021137354895472527,
          "learner_started_wall_seconds": 17.420615490991622,
          "learner_completed_wall_seconds": 17.441752845887095,
          "physical_clearance_m": 2.6632300783005394
        },
        {
          "time": 18.48,
          "scheduled_wall_seconds": 18.479999999981374,
          "started_wall_seconds": 17.443272601813078,
          "completed_wall_seconds": 17.4808438338805,
          "missed_deadline": false,
          "version_used": 922,
          "update_launched": true,
          "finite": true,
          "completed_version": 923,
          "controller_seconds": 0.011815537000074983,
          "learner_seconds": 0.021040607010945678,
          "learner_started_wall_seconds": 17.459518195828423,
          "learner_completed_wall_seconds": 17.48055880283937,
          "physical_clearance_m": 2.658897535881106
        },
        {
          "time": 18.52,
          "scheduled_wall_seconds": 18.520000000018626,
          "started_wall_seconds": 17.48089641192928,
          "completed_wall_seconds": 17.51737808994949,
          "missed_deadline": false,
          "version_used": 923,
          "update_launched": true,
          "finite": true,
          "completed_version": 924,
          "controller_seconds": 0.01178696402348578,
          "learner_seconds": 0.02092750300653279,
          "learner_started_wall_seconds": 17.495887864846736,
          "learner_completed_wall_seconds": 17.51681536785327,
          "physical_clearance_m": 2.654914753517214
        },
        {
          "time": 18.56,
          "scheduled_wall_seconds": 18.56000000005588,
          "started_wall_seconds": 17.517467697849497,
          "completed_wall_seconds": 17.557603176916018,
          "missed_deadline": false,
          "version_used": 924,
          "update_launched": true,
          "finite": true,
          "completed_version": 925,
          "controller_seconds": 0.012005693046376109,
          "learner_seconds": 0.021592365112155676,
          "learner_started_wall_seconds": 17.535053009865806,
          "learner_completed_wall_seconds": 17.55664537497796,
          "physical_clearance_m": 2.6512700486984886
        },
        {
          "time": 18.6,
          "scheduled_wall_seconds": 18.600000000093132,
          "started_wall_seconds": 17.55789574398659,
          "completed_wall_seconds": 17.620978966820985,
          "missed_deadline": false,
          "version_used": 925,
          "update_launched": true,
          "finite": true,
          "completed_version": 926,
          "controller_seconds": 0.012302201008424163,
          "learner_seconds": 0.025681004859507084,
          "learner_started_wall_seconds": 17.594087681965902,
          "learner_completed_wall_seconds": 17.61976868682541,
          "physical_clearance_m": 2.6479510236588157
        },
        {
          "time": 18.64,
          "scheduled_wall_seconds": 18.639999999897555,
          "started_wall_seconds": 17.6212080179248,
          "completed_wall_seconds": 17.66189064597711,
          "missed_deadline": false,
          "version_used": 926,
          "update_launched": true,
          "finite": true,
          "completed_version": 927,
          "controller_seconds": 0.013490285025909543,
          "learner_seconds": 0.021611164789646864,
          "learner_started_wall_seconds": 17.639298046007752,
          "learner_completed_wall_seconds": 17.6609092107974,
          "physical_clearance_m": 2.6449433732834495
        },
        {
          "time": 18.68,
          "scheduled_wall_seconds": 18.679999999934807,
          "started_wall_seconds": 17.66214307793416,
          "completed_wall_seconds": 17.700238270917907,
          "missed_deadline": false,
          "version_used": 927,
          "update_launched": true,
          "finite": true,
          "completed_version": 928,
          "controller_seconds": 0.011862812098115683,
          "learner_seconds": 0.021271768026053905,
          "learner_started_wall_seconds": 17.677914425963536,
          "learner_completed_wall_seconds": 17.69918619398959,
          "physical_clearance_m": 2.6422320772019066
        },
        {
          "time": 18.72,
          "scheduled_wall_seconds": 18.71999999997206,
          "started_wall_seconds": 17.700450689997524,
          "completed_wall_seconds": 17.740332387853414,
          "missed_deadline": false,
          "version_used": 928,
          "update_launched": true,
          "finite": true,
          "completed_version": 929,
          "controller_seconds": 0.011773718055337667,
          "learner_seconds": 0.0215097030159086,
          "learner_started_wall_seconds": 17.717596205882728,
          "learner_completed_wall_seconds": 17.739105908898637,
          "physical_clearance_m": 2.6398004461136497
        },
        {
          "time": 18.76,
          "scheduled_wall_seconds": 18.760000000009313,
          "started_wall_seconds": 17.740723470924422,
          "completed_wall_seconds": 17.77996018482372,
          "missed_deadline": false,
          "version_used": 929,
          "update_launched": true,
          "finite": true,
          "completed_version": 930,
          "controller_seconds": 0.012024638941511512,
          "learner_seconds": 0.021131268003955483,
          "learner_started_wall_seconds": 17.758205799851567,
          "learner_completed_wall_seconds": 17.779337067855522,
          "physical_clearance_m": 2.637631552299563
        },
        {
          "time": 18.8,
          "scheduled_wall_seconds": 18.800000000046566,
          "started_wall_seconds": 17.780146484961733,
          "completed_wall_seconds": 17.819729836890474,
          "missed_deadline": false,
          "version_used": 930,
          "update_launched": true,
          "finite": true,
          "completed_version": 931,
          "controller_seconds": 0.012106503127142787,
          "learner_seconds": 0.021636005025357008,
          "learner_started_wall_seconds": 17.79707177495584,
          "learner_completed_wall_seconds": 17.818707779981196,
          "physical_clearance_m": 2.6357084680405296
        },
        {
          "time": 18.84,
          "scheduled_wall_seconds": 18.84000000008382,
          "started_wall_seconds": 17.82001712685451,
          "completed_wall_seconds": 17.85889557097107,
          "missed_deadline": false,
          "version_used": 931,
          "update_launched": true,
          "finite": true,
          "completed_version": 932,
          "controller_seconds": 0.011901787016540766,
          "learner_seconds": 0.02106685098260641,
          "learner_started_wall_seconds": 17.837061918806285,
          "learner_completed_wall_seconds": 17.85812876978889,
          "physical_clearance_m": 2.634014742454592
        },
        {
          "time": 18.88,
          "scheduled_wall_seconds": 18.87999999988824,
          "started_wall_seconds": 17.859180746832862,
          "completed_wall_seconds": 17.895679140929133,
          "missed_deadline": false,
          "version_used": 932,
          "update_launched": true,
          "finite": true,
          "completed_version": 933,
          "controller_seconds": 0.011729450197890401,
          "learner_seconds": 0.020826565101742744,
          "learner_started_wall_seconds": 17.87422167090699,
          "learner_completed_wall_seconds": 17.895048236008734,
          "physical_clearance_m": 2.6325324941483177
        },
        {
          "time": 18.92,
          "scheduled_wall_seconds": 18.919999999925494,
          "started_wall_seconds": 17.89587471098639,
          "completed_wall_seconds": 17.9328878109809,
          "missed_deadline": false,
          "version_used": 933,
          "update_launched": true,
          "finite": true,
          "completed_version": 934,
          "controller_seconds": 0.011394272092729807,
          "learner_seconds": 0.020880758995190263,
          "learner_started_wall_seconds": 17.91080488380976,
          "learner_completed_wall_seconds": 17.93168564280495,
          "physical_clearance_m": 2.631244556984011
        },
        {
          "time": 18.96,
          "scheduled_wall_seconds": 18.959999999962747,
          "started_wall_seconds": 17.933159527834505,
          "completed_wall_seconds": 17.970445735845715,
          "missed_deadline": false,
          "version_used": 934,
          "update_launched": true,
          "finite": true,
          "completed_version": 935,
          "controller_seconds": 0.011444973992183805,
          "learner_seconds": 0.02099361107684672,
          "learner_started_wall_seconds": 17.9486657618545,
          "learner_completed_wall_seconds": 17.969659372931346,
          "physical_clearance_m": 2.6301356721726097
        },
        {
          "time": 19.0,
          "scheduled_wall_seconds": 19.0,
          "started_wall_seconds": 17.97066376078874,
          "completed_wall_seconds": 17.985109372995794,
          "missed_deadline": false,
          "version_used": 935,
          "update_launched": false,
          "finite": false,
          "completed_version": null,
          "controller_seconds": 0.011339718010276556,
          "learner_seconds": 0.0,
          "learner_started_wall_seconds": null,
          "learner_completed_wall_seconds": null,
          "physical_clearance_m": 2.6290782857742943
        }
      ],
      "snapshot_publications": [],
      "execution_audit": {
        "scope": "actual executed integration nodes and valid applied commands; no continuous-time guarantee",
        "actual_node_count": 953,
        "actual_physical_minimum_dimensionless_by_constraint": {
          "arena_x_lower": 0.11425890159606933,
          "arena_y_lower": 0.15039377450942992,
          "altitude_lower": 0.2629791036828772,
          "arena_x_upper": 0.8541928215026855,
          "arena_y_upper": 0.8203668797016144,
          "altitude_upper": 0.6934373521185541,
          "speed": 0.9975935816764832,
          "angular_rate": 0.9993167519569397,
          "tilt": 0.975457645045515
        },
        "actual_physical_violating_nodes_by_constraint": {
          "arena_x_lower": 0,
          "arena_y_lower": 0,
          "altitude_lower": 0,
          "arena_x_upper": 0,
          "arena_y_upper": 0,
          "altitude_upper": 0,
          "speed": 0,
          "angular_rate": 0,
          "tilt": 0
        },
        "all_actual_physical_nodes_pass": true,
        "minimum_arena_margin_m": 1.0124695491790772,
        "minimum_speed_margin_m_per_s": 3.328307628631592,
        "minimum_angular_rate_margin_rad_per_s": 11.686328887939453,
        "minimum_tilt_margin_rad": 0.7636108994483948,
        "minimum_applied_motor_margin_N": 0.08007805794477463,
        "applied_motor_limit_violating_controls": 0,
        "predicted_derivative_scope": "qp and fallback describe all evaluated proposals, including rejected or unused ones; applied describes executed commands. Minima and violation counts use finite entries only; missing finite evidence is null and nonfinite proposal counts are separate. Accepted or executed residuals must be finite.",
        "qp_predicted_derivative_minimum_by_constraint": {
          "arena_x_lower": 3.9249017238616943,
          "arena_y_lower": 4.492520809173584,
          "altitude_lower": 3.9810032844543457,
          "arena_x_upper": 33.51762008666992,
          "arena_y_upper": 25.929309844970703,
          "altitude_upper": 9.42912483215332,
          "speed": 24.34042739868164,
          "angular_rate": 287.27880859375,
          "tilt": 5.7680511474609375
        },
        "qp_predicted_derivative_finite_entries_by_constraint": {
          "arena_x_lower": 952,
          "arena_y_lower": 952,
          "altitude_lower": 952,
          "arena_x_upper": 952,
          "arena_y_upper": 952,
          "altitude_upper": 952,
          "speed": 952,
          "angular_rate": 952,
          "tilt": 952
        },
        "qp_predicted_derivative_nonfinite_controls": 0,
        "qp_predicted_derivative_violating_controls": 0,
        "qp_rejected_nonfinite_proposal_controls": 0,
        "fallback_predicted_derivative_minimum_by_constraint": {
          "arena_x_lower": 3.95851993560791,
          "arena_y_lower": 4.488100528717041,
          "altitude_lower": 2.433290481567383,
          "arena_x_upper": 33.5007209777832,
          "arena_y_upper": 25.924074172973633,
          "altitude_upper": 10.6397705078125,
          "speed": 24.323657989501953,
          "angular_rate": 285.0309143066406,
          "tilt": 5.484687328338623
        },
        "fallback_predicted_derivative_finite_entries_by_constraint": {
          "arena_x_lower": 952,
          "arena_y_lower": 952,
          "altitude_lower": 952,
          "arena_x_upper": 952,
          "arena_y_upper": 952,
          "altitude_upper": 952,
          "speed": 952,
          "angular_rate": 952,
          "tilt": 952
        },
        "fallback_predicted_derivative_nonfinite_controls": 0,
        "fallback_predicted_derivative_violating_controls": 0,
        "fallback_unexecuted_nonfinite_proposal_controls": 0,
        "applied_predicted_derivative_minimum_by_constraint": {
          "arena_x_lower": 3.9249017238616943,
          "arena_y_lower": 4.492520809173584,
          "altitude_lower": 3.9810032844543457,
          "arena_x_upper": 33.51762008666992,
          "arena_y_upper": 25.929309844970703,
          "altitude_upper": 9.42912483215332,
          "speed": 24.34042739868164,
          "angular_rate": 287.27880859375,
          "tilt": 5.7680511474609375
        },
        "applied_predicted_derivative_finite_entries_by_constraint": {
          "arena_x_lower": 952,
          "arena_y_lower": 952,
          "altitude_lower": 952,
          "arena_x_upper": 952,
          "arena_y_upper": 952,
          "altitude_upper": 952,
          "speed": 952,
          "angular_rate": 952,
          "tilt": 952
        },
        "applied_predicted_derivative_nonfinite_controls": 0,
        "applied_predicted_derivative_violating_controls": 0
      }
    }
  },
  "protocol": {
    "checkpoint": true,
    "prefix": true,
    "post_event": true,
    "same_fallback_mapping_both_methods": true,
    "nominal_task_controller_compensation": true,
    "fallback_mapping": "compensated"
  }
}
